    date          smb          hml        mktrf          rf          umd
20050103    -0.006200    -0.000400    -0.009700     0.00008    -0.006700
20050104    -0.005900     0.004200    -0.013000     0.00008     0.002500
20050105    -0.011100     0.000100    -0.005100     0.00008     0.000100
20050106    -0.001400     0.001400     0.003400     0.00008     0.000500
20050107    -0.007600    -0.000200    -0.002200     0.00008    -0.001700
20050110     0.002800     0.000500     0.004200     0.00008     0.006900
20050111    -0.003500     0.003000    -0.006800     0.00008     0.003000
20050112    -0.000500    -0.001600     0.003800     0.00008     0.002400
20050113     0.001300     0.003800    -0.007700     0.00008     0.009800
20050114     0.005500     0.000700     0.006600     0.00008     0.003200
20050118     0.001700    -0.001700     0.009700     0.00008     0.000700
20050119    -0.001400     0.004900    -0.009700     0.00008     0.005700
20050120    -0.001200    -0.000600    -0.007700     0.00008    -0.006300
20050121     0.003000     0.002500    -0.005600     0.00008     0.003100
20050124    -0.007900     0.006100    -0.004900     0.00008    -0.000200
20050125     0.001900    -0.003700     0.003400     0.00008    -0.001900
20050126     0.009500    -0.002100     0.006200     0.00008     0.002500
20050127     0.001700     0.000300     0.000800     0.00008     0.003600
20050128    -0.002600     0.001800    -0.003000     0.00008     0.000900
20050131     0.007800     0.001600     0.009700     0.00008     0.007000
20050201    -0.000900     0.001900     0.006900     0.00009     0.004100
20050202     0.002400     0.001600     0.003600     0.00009     0.002500
20050203    -0.001600     0.003900    -0.002700     0.00009     0.005100
20050204     0.001300    -0.005400     0.011200     0.00009    -0.002900
20050207     0.001300    -0.000300    -0.001100     0.00009    -0.003000
20050208     0.002400    -0.001600     0.000800     0.00009     0.000800
20050209    -0.011800     0.007200    -0.010000     0.00009     0.000100
20050210    -0.003400     0.000600     0.003500     0.00009     0.003600
20050211     0.004400    -0.003100     0.007700     0.00009    -0.003400
20050214    -0.000100     0.001400     0.000900     0.00009     0.003600
20050215    -0.003600    -0.000100     0.002800     0.00009     0.001000
20050216     0.004200     0.004000     0.000700     0.00009     0.010600
20050217    -0.002900     0.002100    -0.007900     0.00009     0.002200
20050218    -0.000800    -0.000400     0.000100     0.00009     0.000100
20050222    -0.003200    -0.001200    -0.014700     0.00009    -0.004400
20050223    -0.001300     0.002400     0.005300     0.00009     0.004600
20050224     0.002400    -0.002400     0.008300     0.00009     0.007800
20050225     0.003800     0.003800     0.009700     0.00009     0.008200
20050228     0.002700     0.000400    -0.006100     0.00009     0.001900
20050301     0.001100     0.000200     0.005800     0.00010    -0.009300
20050302    -0.001700     0.000400    -0.000100     0.00010     0.007600
20050303     0.000800     0.005400    -0.000100     0.00010     0.004500
20050304    -0.000200     0.003200     0.008900     0.00010     0.008100
20050307    -0.003800     0.000000     0.002700     0.00010    -0.004300
20050308    -0.004100    -0.000700    -0.005400     0.00010     0.000500
20050309     0.000500    -0.000700    -0.009600     0.00010    -0.008600
20050310    -0.008300    -0.002200     0.000100     0.00010    -0.008800
20050311     0.005600     0.005200    -0.005500     0.00010     0.010900
20050314    -0.002300     0.001100     0.006100     0.00010    -0.003700
20050315     0.001900     0.002700    -0.006700     0.00010     0.003700
20050316     0.002100     0.001100    -0.008400     0.00010     0.000100
20050317     0.000500     0.005100     0.001900     0.00010     0.008300
20050318    -0.003200    -0.000400    -0.001300     0.00010     0.004600
20050321     0.003700    -0.002000    -0.003800     0.00010    -0.002100
20050322     0.006900    -0.001200    -0.009200     0.00010     0.002000
20050323    -0.009000    -0.005100    -0.001200     0.00010    -0.010800
20050324     0.004500    -0.000800     0.000100     0.00010     0.001800
20050328    -0.002300    -0.000300     0.001500     0.00010    -0.000200
20050329    -0.008300     0.000600    -0.008600     0.00010    -0.007100
20050330     0.001200    -0.002200     0.013500     0.00010    -0.000400
20050331    -0.000500     0.006400     0.000000     0.00010     0.008700
20050401     0.000100     0.004300    -0.006400     0.00010     0.015500
20050404     0.000000     0.001900     0.002900     0.00010     0.000900
20050405    -0.001500    -0.002400     0.004000     0.00010    -0.002400
20050406    -0.001100     0.000400     0.002200     0.00010     0.003000
20050407     0.000100    -0.001700     0.005700     0.00010    -0.003600
20050408    -0.004500     0.000400    -0.008800     0.00010    -0.004900
20050411    -0.006500     0.000200    -0.000900     0.00010     0.004100
20050412     0.002400    -0.000900     0.005600     0.00010    -0.004000
20050413    -0.003400    -0.001700    -0.012200     0.00010    -0.005700
20050414    -0.005600    -0.002600    -0.011000     0.00010    -0.007600
20050415    -0.001300    -0.003700    -0.015900     0.00010    -0.007800
20050418     0.003200     0.002300     0.002900     0.00010     0.005100
20050419     0.008200     0.001200     0.007500     0.00010     0.010800
20050420    -0.002300     0.000600    -0.013500     0.00010    -0.004600
20050421     0.003300    -0.005600     0.018700     0.00010     0.002800
20050422    -0.008400     0.004300    -0.008300     0.00010     0.003900
20050425     0.000600     0.000000     0.009300     0.00010     0.006700
20050426    -0.005200    -0.001300    -0.008800     0.00010    -0.003800
20050427    -0.005400    -0.002500     0.003000     0.00010    -0.007500
20050428    -0.009900     0.003600    -0.012000     0.00010    -0.006100
20050429    -0.004000    -0.000400     0.010400     0.00010     0.000700
20050502     0.004800     0.000600     0.005200     0.00011     0.005700
20050503    -0.000100    -0.003100    -0.000400     0.00011    -0.007700
20050504     0.002800     0.004000     0.012800     0.00011     0.000700
20050505     0.002900    -0.003900    -0.001900     0.00011     0.005000
20050506     0.003300     0.001600    -0.000300     0.00011     0.004400
20050509     0.003000    -0.000400     0.006100     0.00011     0.001800
20050510    -0.001500    -0.000100    -0.010300     0.00011    -0.003400
20050511    -0.004100    -0.001300     0.003900     0.00011    -0.000500
20050512    -0.001800    -0.007400    -0.010200     0.00011    -0.015400
20050513    -0.000700    -0.006600    -0.005000     0.00011    -0.010300
20050516     0.005000    -0.001700     0.010300     0.00011    -0.000700
20050517    -0.002400     0.002900     0.006600     0.00011     0.005000
20050518     0.009600    -0.002500     0.011500     0.00011    -0.001800
20050519    -0.001000    -0.000800     0.004700     0.00011     0.001000
20050520    -0.000400     0.002600    -0.001300     0.00011    -0.003500
20050523     0.001900    -0.000200     0.004300     0.00011     0.005700
20050524     0.000100     0.000000     0.000500     0.00011     0.000900
20050525    -0.005800     0.001900    -0.004400     0.00011     0.003000
20050526     0.006600     0.000900     0.007400     0.00011     0.001700
20050527     0.001000     0.003200     0.001800     0.00011     0.004200
20050531     0.004700     0.002800    -0.004900     0.00011     0.005300
20050601     0.001800     0.000000     0.009000     0.00010     0.000600
20050602     0.001300    -0.002300     0.002400     0.00010    -0.000500
20050603    -0.002100     0.004800    -0.006700     0.00010     0.006400
20050606     0.003200     0.001200     0.001400     0.00010     0.003100
20050607     0.001400     0.001000    -0.000300     0.00010    -0.002300
20050608    -0.003800     0.003600    -0.002800     0.00010    -0.003300
20050609     0.003200    -0.001100     0.005800     0.00010     0.006200
20050610     0.001100     0.005400    -0.002100     0.00010    -0.002000
20050613     0.001300     0.001800     0.002800     0.00010     0.000800
20050614     0.004900     0.003900     0.003100     0.00010    -0.000900
20050615     0.002200     0.002100     0.002200     0.00010     0.001800
20050616     0.006400    -0.002700     0.004600     0.00010     0.001100
20050617    -0.005900     0.001900     0.003600     0.00010     0.003200
20050620    -0.003300     0.000900    -0.000700     0.00010     0.000300
20050621     0.001000    -0.000500    -0.001800     0.00010    -0.004400
20050622     0.002800    -0.000700     0.000500     0.00010     0.001600
20050623    -0.004300     0.001500    -0.010700     0.00010    -0.000200
20050624    -0.000400     0.001100    -0.007200     0.00010     0.001100
20050627    -0.001200     0.005500    -0.000700     0.00010     0.009200
20050628     0.010900    -0.005000     0.010500     0.00010    -0.002200
20050629     0.003100     0.001200    -0.000700     0.00010    -0.000700
20050630     0.002000     0.002700    -0.006300     0.00010     0.002800
20050701     0.001100     0.003100     0.003200     0.00012     0.003800
20050705     0.005700    -0.001900     0.009200     0.00012     0.005600
20050706     0.000700     0.000600    -0.007300     0.00012    -0.002500
20050707    -0.001100    -0.002400     0.002600     0.00012     0.003800
20050708     0.007800    -0.005400     0.012100     0.00012    -0.005000
20050711     0.007800    -0.001400     0.006900     0.00012     0.000500
20050712    -0.002800    -0.000400     0.002000     0.00012     0.000100
20050713    -0.004100     0.000700     0.000200     0.00012    -0.004600
20050714    -0.006600    -0.004400     0.001400     0.00012    -0.010100
20050715    -0.000300    -0.000300     0.001200     0.00012     0.002100
20050718    -0.001600     0.001000    -0.005500     0.00012     0.002000
20050719     0.009100    -0.001100     0.007500     0.00012     0.003700
20050720     0.007800    -0.002600     0.005400     0.00012    -0.000300
20050721    -0.006100     0.001400    -0.007400     0.00012    -0.008500
20050722     0.009500     0.005400     0.005700     0.00012     0.006600
20050725    -0.005200     0.001200    -0.004700     0.00012     0.000300
20050726     0.002800     0.002200     0.002100     0.00012    -0.000100
20050727    -0.003700    -0.000400     0.004300     0.00012     0.002100
20050728     0.005400    -0.001600     0.006700     0.00012     0.006300
20050729     0.002300     0.001100    -0.006600     0.00012     0.002300
20050801     0.002700    -0.001200     0.001500     0.00013     0.002700
20050802     0.000500     0.001100     0.007000     0.00013     0.001900
20050803    -0.006600    -0.000500    -0.000200     0.00013    -0.001400
20050804    -0.008500     0.003400    -0.008200     0.00013    -0.000100
20050805    -0.003200    -0.000200    -0.008100     0.00013    -0.006300
20050808     0.000100     0.002500    -0.003200     0.00013    -0.000200
20050809    -0.004800    -0.000700     0.005500     0.00013    -0.000800
20050810     0.000200     0.001600    -0.001300     0.00013     0.008300
20050811     0.001800    -0.000800     0.007100     0.00013     0.001200
20050812    -0.003900     0.001100    -0.005700     0.00013     0.000600
20050815     0.004700    -0.001300     0.003000     0.00013    -0.002100
20050816    -0.004500     0.001700    -0.012200     0.00013    -0.004300
20050817     0.000100    -0.000600     0.000500     0.00013    -0.002100
20050818    -0.004300     0.000500    -0.001500     0.00013    -0.000700
20050819     0.000700     0.001700     0.000700     0.00013     0.004900
20050822     0.004900     0.001500     0.001900     0.00013     0.001300
20050823    -0.000200     0.000100    -0.003100     0.00013     0.002300
20050824     0.004600     0.001200    -0.005600     0.00013     0.004900
20050825     0.001300     0.002100     0.002100     0.00013     0.000600
20050826    -0.005700    -0.001000    -0.006600     0.00013    -0.002400
20050829     0.003900    -0.002100     0.006500     0.00013     0.001700
20050830    -0.000300     0.003300    -0.003100     0.00013     0.007500
20050831     0.007200    -0.000600     0.011000     0.00013     0.009200
20050901    -0.000300     0.002500     0.001300     0.00014     0.004600
20050902    -0.003100    -0.000100    -0.003600     0.00014    -0.004400
20050906     0.003000    -0.004900     0.012200     0.00014     0.001900
20050907     0.000700    -0.001500     0.003000     0.00014     0.003100
20050908    -0.001200    -0.000600    -0.004000     0.00014     0.001400
20050909    -0.001000     0.001300     0.007300     0.00014     0.005500
20050912     0.005500    -0.003300     0.000000     0.00014    -0.004300
20050913    -0.002100     0.001300    -0.007600     0.00014     0.001600
20050914    -0.006800     0.004200    -0.004400     0.00014     0.000400
20050915    -0.002600     0.003000    -0.000200     0.00014     0.001600
20050916     0.001500    -0.001100     0.007200     0.00014    -0.000600
20050919    -0.001600     0.002300    -0.005500     0.00014     0.009400
20050920    -0.001200     0.000300    -0.007800     0.00014    -0.002100
20050921    -0.004800     0.003000    -0.010300     0.00014     0.003400
20050922    -0.000600    -0.002300     0.003000     0.00014    -0.000500
20050923     0.005200     0.001900     0.001500     0.00014     0.001500
20050926     0.005300     0.000600     0.001200     0.00014     0.007300
20050927    -0.000700    -0.000800    -0.000200     0.00014     0.002200
20050928    -0.005900     0.002800     0.000600     0.00014     0.003300
20050929     0.002100     0.000400     0.009200     0.00014    -0.000700
20050930     0.003200    -0.001700     0.002000     0.00014     0.001600
20051003     0.004700     0.000200     0.000000     0.00013     0.006200
20051004     0.002200    -0.001900    -0.009700     0.00013    -0.006400
20051005    -0.010200    -0.002500    -0.016300     0.00013    -0.011200
20051006    -0.003400     0.001000    -0.005700     0.00013    -0.013800
20051007     0.003200     0.002600     0.004200     0.00013     0.008000
20051010    -0.000800    -0.002200    -0.007300     0.00013    -0.006900
20051011    -0.009700     0.001400    -0.003300     0.00013     0.006500
20051012    -0.005400     0.001000    -0.007900     0.00013    -0.009600
20051013     0.004500    -0.005500    -0.000900     0.00013    -0.006300
20051014     0.005000    -0.001000     0.009200     0.00013     0.008500
20051017    -0.003300     0.001100     0.002900     0.00013     0.007400
20051018    -0.000100    -0.001300    -0.010300     0.00013    -0.009500
20051019     0.004600    -0.001800     0.014500     0.00013     0.004100
20051020    -0.000100    -0.003700    -0.014400     0.00013    -0.009400
20051021     0.003800     0.002400     0.003200     0.00013     0.005000
20051024     0.001600     0.003000     0.017000     0.00013     0.007500
20051025    -0.003100     0.001000    -0.003000     0.00013     0.005200
20051026    -0.002300     0.001700    -0.004600     0.00013    -0.004000
20051027    -0.010400     0.004100    -0.012400     0.00013    -0.005900
20051028    -0.000300     0.002800     0.015500     0.00013     0.005300
20051031     0.008000     0.000400     0.009600     0.00013     0.003200
20051101    -0.002400     0.003900    -0.002700     0.00015     0.002500
20051102     0.008400     0.000100     0.011500     0.00015     0.005500
20051103    -0.001100    -0.001900     0.004300     0.00015     0.006500
20051104     0.000600    -0.002800     0.000100     0.00015    -0.009600
20051107     0.002200    -0.000600     0.002500     0.00015    -0.005500
20051108    -0.003400    -0.000400    -0.003700     0.00015     0.002900
20051109     0.002500    -0.000100     0.001500     0.00015    -0.002800
20051110    -0.000700    -0.006000     0.008000     0.00015    -0.010500
20051111    -0.000300    -0.001300     0.002700     0.00015     0.000200
20051114    -0.003400     0.000500    -0.001000     0.00015     0.001800
20051115    -0.006400    -0.001600    -0.004900     0.00015     0.003600
20051116    -0.003500     0.000000     0.001100     0.00015     0.008800
20051117     0.006800    -0.000800     0.010600     0.00015     0.001500
20051118     0.002700    -0.001700     0.004300     0.00015    -0.006500
20051121     0.004300    -0.003600     0.006000     0.00015     0.004400
20051122    -0.000500    -0.000100     0.004800     0.00015     0.002900
20051123    -0.002700     0.002200     0.003100     0.00015    -0.005400
20051125    -0.001100    -0.000800     0.001800     0.00015     0.002200
20051128    -0.007200     0.002100    -0.010100     0.00015    -0.008700
20051129     0.002800     0.002800     0.000100     0.00015     0.004300
20051130     0.011400    -0.001500    -0.004300     0.00015     0.002300
20051201     0.005200     0.001300     0.012700     0.00015     0.005300
20051202     0.000500    -0.001500     0.000500     0.00015     0.001900
20051205    -0.002300     0.000700    -0.003000     0.00015     0.004600
20051206     0.000700     0.000600     0.001200     0.00015    -0.000700
20051207    -0.000700     0.000600    -0.004900     0.00015    -0.003700
20051208     0.002500     0.000700    -0.000300     0.00015     0.009100
20051209     0.002200     0.000500     0.002700     0.00015    -0.004700
20051212     0.001200    -0.000600     0.001000     0.00015     0.001200
20051213    -0.005300    -0.002100     0.004400     0.00015    -0.002700
20051214    -0.002500     0.000800     0.003400     0.00015    -0.001500
20051215    -0.005700    -0.003600    -0.002300     0.00015     0.000400
20051216     0.000300    -0.000500    -0.002900     0.00015    -0.003700
20051219    -0.008100     0.002800    -0.007300     0.00015    -0.004500
20051220    -0.000100     0.000100    -0.000200     0.00015     0.007200
20051221     0.006500    -0.003500     0.003300     0.00015     0.002500
20051222     0.001200    -0.000300     0.004500     0.00015    -0.000300
20051223     0.002900    -0.000100     0.000800     0.00015    -0.002400
20051227    -0.004400     0.001600    -0.010000     0.00015    -0.004600
20051228     0.003900     0.001200     0.001900     0.00015     0.003700
20051229    -0.000200     0.002000    -0.002700     0.00015    -0.001400
20051230    -0.002200     0.002600    -0.005000     0.00015    -0.000400
20060103    -0.001800     0.001400     0.015000     0.00017     0.011600
20060104     0.003400     0.000200     0.004600     0.00017     0.002400
20060105     0.002800    -0.001500     0.000300     0.00017    -0.005700
20060106     0.000900    -0.002300     0.009200     0.00017     0.003100
20060109     0.005200    -0.001000     0.004500     0.00017    -0.000800
20060110     0.005800     0.000200     0.000500     0.00017     0.004600
20060111    -0.002500    -0.001100     0.002800     0.00017    -0.001200
20060112     0.000900    -0.000300    -0.006500     0.00017    -0.000100
20060113     0.001300     0.000600     0.001700     0.00017     0.002900
20060117    -0.003200     0.002100    -0.004000     0.00017     0.007500
20060118     0.003500     0.002900    -0.003500     0.00017    -0.003400
20060119     0.009300    -0.000800     0.006300     0.00017     0.004700
20060120     0.003900     0.005100    -0.018000     0.00017     0.001000
20060123     0.001900     0.004200     0.001800     0.00017     0.003400
20060124     0.010300     0.001600     0.004400     0.00017     0.004100
20060125    -0.000300    -0.001100    -0.002200     0.00017    -0.007200
20060126     0.008000     0.000400     0.007900     0.00017     0.002500
20060127    -0.001500    -0.001700     0.006700     0.00017     0.002600
20060130    -0.002600     0.002100     0.001000     0.00017     0.003200
20060131     0.006100    -0.000300    -0.002100     0.00017     0.002300
20060201     0.001700     0.000500     0.001400     0.00018    -0.001800
20060202    -0.002800    -0.000600    -0.008800     0.00018    -0.003000
20060203     0.002300     0.000000    -0.005100     0.00018     0.002600
20060206     0.002500     0.005000     0.001000     0.00018     0.005500
20060207    -0.004800    -0.002300    -0.009200     0.00018    -0.013700
20060208    -0.002500    -0.000900     0.007700     0.00018    -0.004200
20060209    -0.001600    -0.002800    -0.001900     0.00018    -0.006500
20060210    -0.003500    -0.000400     0.001500     0.00018    -0.003000
20060213    -0.005100     0.001400    -0.004700     0.00018    -0.004100
20060214     0.002600    -0.001100     0.010100     0.00018    -0.000700
20060215     0.004100    -0.004700     0.004100     0.00018     0.000300
20060216     0.000500     0.002200     0.007500     0.00018     0.008900
20060217    -0.000500     0.003600    -0.001600     0.00018     0.003000
20060221    -0.002000     0.001400    -0.003800     0.00018     0.005000
20060222     0.000100    -0.000300     0.007300     0.00018    -0.001200
20060223     0.002300    -0.002200    -0.002900     0.00018     0.000400
20060224     0.003500     0.001600     0.001900     0.00018     0.003200
20060227     0.001600    -0.003600     0.004000     0.00018    -0.000900
20060228    -0.002100     0.000600    -0.011000     0.00018    -0.003700
20060301     0.006800    -0.000400     0.009000     0.00016     0.008700
20060302    -0.000700     0.000500    -0.001600     0.00016     0.004700
20060303    -0.000200     0.000700    -0.001500     0.00016     0.000200
20060306    -0.002100    -0.001400    -0.007500     0.00016    -0.009600
20060307    -0.010700     0.000500    -0.004000     0.00016    -0.010000
20060308    -0.000500     0.000600     0.001400     0.00016    -0.001900
20060309    -0.000100     0.002900    -0.005100     0.00016    -0.002500
20060310     0.003900     0.000300     0.006900     0.00016    -0.000900
20060313    -0.000300     0.001000     0.002400     0.00016     0.003600
20060314     0.000400    -0.000300     0.010000     0.00016     0.007300
20060315     0.003900     0.001400     0.004800     0.00016     0.003000
20060316    -0.001500     0.002900     0.001100     0.00016    -0.001400
20060317     0.001100    -0.003300     0.001800     0.00016     0.000700
20060320     0.001700    -0.003200    -0.000700     0.00016    -0.003000
20060321    -0.005200    -0.001000    -0.006900     0.00016    -0.005700
20060322     0.004900     0.001200     0.006200     0.00016     0.000500
20060323     0.005400    -0.000100    -0.001800     0.00016     0.001700
20060324     0.006600     0.002000     0.002200     0.00016     0.007100
20060327     0.001500     0.002400    -0.000700     0.00016     0.003200
20060328     0.002400    -0.000800    -0.006100     0.00016     0.001800
20060329     0.008600     0.001300     0.008700     0.00016     0.006600
20060330     0.001600    -0.001600    -0.001600     0.00016    -0.002800
20060331     0.006900    -0.000500    -0.002300     0.00016     0.000900
20060403    -0.008800     0.006900     0.000700     0.00019     0.003800
20060404    -0.002500     0.001400     0.005400     0.00019     0.004000
20060405    -0.000300     0.002600     0.004200     0.00019     0.005300
20060406     0.001800     0.000100    -0.001500     0.00019    -0.000900
20060407    -0.001200    -0.001700    -0.010200     0.00019    -0.003400
20060410    -0.004000     0.000500    -0.000200     0.00019     0.000000
20060411    -0.006700     0.000200    -0.008300     0.00019    -0.005400
20060412     0.005800    -0.000200     0.001900     0.00019     0.003300
20060413     0.003800    -0.001400     0.001200     0.00019     0.004000
20060417     0.000100     0.003100    -0.002800     0.00019     0.005200
20060418     0.006600     0.000800     0.017100     0.00019     0.008200
20060419     0.008600     0.000700     0.003300     0.00019     0.005800
20060420    -0.004900     0.000400     0.000100     0.00019    -0.002300
20060421    -0.001900     0.003000    -0.001000     0.00019     0.000500
20060424    -0.004100     0.001300    -0.003000     0.00019    -0.000100
20060425     0.004400     0.000000    -0.004400     0.00019    -0.003500
20060426    -0.001000     0.002800     0.002000     0.00019    -0.006000
20060427    -0.009400    -0.000100     0.002400     0.00019    -0.011000
20060428     0.001400     0.005200     0.000500     0.00019    -0.002500
20060501     0.000100     0.004800    -0.004100     0.00020     0.005800
20060502     0.002000     0.005800     0.005400     0.00020     0.006900
20060503     0.004000     0.000700    -0.003100     0.00020     0.000200
20060504     0.005900    -0.002400     0.003700     0.00020     0.002500
20060505    -0.003000    -0.000300     0.010400     0.00020     0.000800
20060508     0.000900     0.000900    -0.000500     0.00020    -0.002600
20060509    -0.001400     0.002100    -0.000100     0.00020     0.004500
20060510    -0.005800     0.005400    -0.002000     0.00020    -0.000600
20060511    -0.010900     0.002400    -0.013500     0.00020    -0.009300
20060512    -0.007100    -0.000800    -0.012600     0.00020    -0.015200
20060515    -0.009000    -0.002800     0.000400     0.00020    -0.017100
20060516     0.000900     0.003300    -0.001200     0.00020    -0.000100
20060517     0.001200     0.001500    -0.016600     0.00020    -0.010000
20060518    -0.003500     0.001200    -0.006900     0.00020    -0.009300
20060519     0.001100     0.000200     0.003800     0.00020     0.002000
20060522    -0.007500     0.002500    -0.005500     0.00020    -0.012900
20060523     0.000700    -0.000100    -0.004400     0.00020     0.006800
20060524    -0.000800    -0.001400     0.000300     0.00020    -0.010000
20060525     0.006800     0.000100     0.012200     0.00020     0.008900
20060526    -0.001600    -0.001000     0.006000     0.00020     0.004700
20060530    -0.007800     0.001200    -0.016500     0.00020    -0.007300
20060531     0.003600     0.003700     0.009400     0.00020     0.008100
20060601     0.008100    -0.001700     0.012900     0.00018     0.005200
20060602    -0.000700     0.002100     0.001600     0.00018     0.004000
20060605    -0.011700     0.002000    -0.019400     0.00018    -0.010600
20060606    -0.001700    -0.001000    -0.002800     0.00018    -0.003700
20060607     0.000500    -0.001800    -0.005700     0.00018    -0.011800
20060608    -0.002500     0.000500     0.000100     0.00018    -0.007000
20060609    -0.002400    -0.000500    -0.004400     0.00018    -0.001000
20060612    -0.012700     0.002700    -0.014800     0.00018    -0.016600
20060613    -0.003600    -0.004100    -0.011500     0.00018    -0.012200
20060614     0.001800    -0.002200     0.004600     0.00018     0.007400
20060615     0.010400     0.002600     0.023300     0.00018     0.020300
20060616    -0.007200     0.000100    -0.004300     0.00018    -0.001100
20060619    -0.007800     0.001600    -0.010100     0.00018    -0.005800
20060620    -0.003700     0.000700    -0.000700     0.00018     0.000100
20060621     0.007400    -0.001700     0.011100     0.00018     0.011500
20060622     0.001500     0.001700    -0.005200     0.00018     0.001700
20060623     0.002300     0.002200     0.000300     0.00018     0.007700
20060626     0.005300     0.002000     0.005000     0.00018     0.002000
20060627    -0.007300     0.002800    -0.010000     0.00018    -0.002200
20060628    -0.003700     0.001500     0.004700     0.00018     0.001000
20060629     0.014200    -0.002500     0.022900     0.00018     0.012600
20060630     0.011300     0.001300    -0.000200     0.00018     0.005800
20060703    -0.000800    -0.002400     0.007200     0.00020     0.005700
20060705    -0.005500     0.003800    -0.008800     0.00020    -0.003500
20060706    -0.000700     0.000300     0.002300     0.00020    -0.001200
20060707    -0.008400     0.007200    -0.008000     0.00020    -0.007200
20060710    -0.002800     0.005100     0.000400     0.00020    -0.003600
20060711     0.003200    -0.001600     0.003700     0.00020     0.003100
20060712    -0.006600     0.003400    -0.012100     0.00020     0.002100
20060713    -0.005500     0.000800    -0.014300     0.00020    -0.006000
20060714    -0.003500     0.001500    -0.006000     0.00020    -0.000700
20060717    -0.004600     0.000800    -0.002200     0.00020    -0.007000
20060718     0.001700     0.002900     0.001700     0.00020     0.002500
20060719     0.009000    -0.002800     0.019800     0.00020     0.007600
20060720    -0.015900     0.006000    -0.011100     0.00020    -0.003600
20060721    -0.008600     0.003300    -0.008900     0.00020    -0.010000
20060724     0.008700    -0.004900     0.017500     0.00020     0.004600
20060725     0.002000     0.000000     0.006900     0.00020     0.000800
20060726    -0.003500     0.004700    -0.001300     0.00020    -0.003700
20060727    -0.007400     0.003600    -0.005800     0.00020    -0.000900
20060728     0.006700    -0.001500     0.013100     0.00020     0.004800
20060731     0.002600    -0.001000    -0.000900     0.00020     0.006800
20060801    -0.009300     0.003300    -0.006000     0.00018    -0.002500
20060802     0.002800    -0.002500     0.006400     0.00018     0.000900
20060803     0.008500    -0.004500     0.002700     0.00018     0.007900
20060804    -0.004400     0.001600    -0.001300     0.00018    -0.006700
20060807    -0.002800     0.000900    -0.003500     0.00018     0.000300
20060808    -0.008000     0.001000    -0.004200     0.00018    -0.001100
20060809    -0.004200     0.000000    -0.005200     0.00018    -0.002900
20060810     0.003600    -0.003800     0.004900     0.00018    -0.003800
20060811    -0.005800     0.001900    -0.004900     0.00018    -0.002100
20060814     0.002500    -0.003100     0.001200     0.00018    -0.004900
20060815     0.007700    -0.004300     0.014600     0.00018     0.003100
20060816     0.006200    -0.005100     0.009000     0.00018    -0.002200
20060817     0.003600    -0.001800     0.001800     0.00018    -0.008000
20060818    -0.001600    -0.001200     0.003000     0.00018     0.000200
20060821    -0.004900     0.001500    -0.004800     0.00018     0.002600
20060822     0.002800     0.000500     0.000700     0.00018     0.002000
20060823    -0.007500     0.001600    -0.005500     0.00018    -0.002300
20060824    -0.002000     0.000800     0.001600     0.00018    -0.001800
20060825     0.001800    -0.000900    -0.000700     0.00018    -0.000700
20060828     0.004000    -0.001200     0.005800     0.00018    -0.002600
20060829     0.009300    -0.001200     0.003300     0.00018    -0.005100
20060830     0.007400    -0.002900     0.001300     0.00018    -0.006100
20060831     0.000000     0.002300     0.000300     0.00018     0.001300
20060901    -0.002700    -0.000400     0.004900     0.00020     0.002100
20060905     0.005200     0.000000     0.002100     0.00020     0.002300
20060906    -0.010100     0.004600    -0.011300     0.00020    -0.000700
20060907    -0.001600     0.002000    -0.005000     0.00020    -0.000400
20060908    -0.000800    -0.001200     0.003200     0.00020    -0.004600
20060911    -0.001600    -0.000800    -0.000300     0.00020    -0.005800
20060912     0.011500    -0.003200     0.011800     0.00020    -0.009200
20060913     0.004300    -0.000800     0.004500     0.00020     0.004700
20060914    -0.002600     0.000900    -0.001600     0.00020    -0.002500
20060915     0.000200    -0.003000     0.002100     0.00020    -0.002600
20060918     0.000100    -0.002900     0.000400     0.00020     0.003200
20060919    -0.002400     0.001900    -0.002900     0.00020     0.002300
20060920     0.005400     0.000100     0.006000     0.00020     0.001800
20060921    -0.003900     0.000800    -0.005900     0.00020     0.001500
20060922    -0.008800     0.005000    -0.004100     0.00020    -0.000800
20060925     0.001700     0.000800     0.008600     0.00020    -0.001400
20060926    -0.003600    -0.001800     0.007100     0.00020    -0.000100
20060927     0.004100    -0.002700     0.000800     0.00020     0.001700
20060928    -0.001000    -0.001900     0.001500     0.00020    -0.001800
20060929    -0.006300     0.002500    -0.003300     0.00020     0.000700
20061002    -0.005500     0.001900    -0.004300     0.00018     0.001900
20061003    -0.003700     0.004600     0.001300     0.00018    -0.000500
20061004     0.007300    -0.005100     0.012800     0.00018     0.000600
20061005     0.009300    -0.003700     0.004300     0.00018     0.000300
20061006    -0.000300    -0.000900    -0.003100     0.00018    -0.001600
20061009     0.004200     0.001100     0.002000     0.00018     0.002800
20061010    -0.000500     0.000000     0.002100     0.00018    -0.000400
20061011    -0.003300     0.002300    -0.003000     0.00018     0.001200
20061012     0.009400    -0.001800     0.010700     0.00018     0.000000
20061013     0.004900    -0.000600     0.002200     0.00018     0.002000
20061016     0.006200    -0.003200     0.003400     0.00018    -0.002100
20061017    -0.002100     0.004100    -0.004400     0.00018     0.001100
20061018    -0.003200     0.000300     0.000800     0.00018    -0.001300
20061019     0.004500    -0.000900     0.001000     0.00018    -0.001100
20061020    -0.007300     0.000300    -0.000200     0.00018    -0.001900
20061023    -0.004200    -0.001900     0.005600     0.00018     0.001600
20061024    -0.002200     0.002200     0.000100     0.00018    -0.002200
20061025     0.001900    -0.000800     0.003200     0.00018    -0.007900
20061026     0.004000     0.001800     0.006300     0.00018    -0.001900
20061027    -0.003500     0.001200    -0.008800     0.00018    -0.002500
20061030     0.004300    -0.000100     0.000700     0.00018     0.001800
20061031    -0.003400    -0.001100    -0.000700     0.00018     0.000200
20061101    -0.009900     0.002700    -0.008700     0.00020    -0.002900
20061102    -0.002200     0.000600    -0.000500     0.00020    -0.002900
20061103     0.005200    -0.001400    -0.001200     0.00020    -0.002400
20061106     0.002600    -0.001100     0.011600     0.00020     0.004300
20061107     0.000700    -0.003000     0.002300     0.00020     0.001600
20061108     0.003100     0.003400     0.002900     0.00020    -0.001100
20061109    -0.003900     0.003300    -0.005800     0.00020     0.001600
20061110     0.007000    -0.000200     0.002600     0.00020    -0.001800
20061113     0.001700     0.000200     0.002700     0.00020     0.000400
20061114     0.009200    -0.002300     0.007100     0.00020    -0.003000
20061115     0.005700    -0.004000     0.003500     0.00020    -0.002900
20061116    -0.003100     0.001100     0.001600     0.00020     0.001600
20061117    -0.003700    -0.001200     0.000300     0.00020     0.000900
20061120     0.002100     0.000400    -0.000600     0.00020     0.002800
20061121     0.000400    -0.000800     0.001400     0.00020     0.001200
20061122    -0.000800    -0.002500     0.002800     0.00020    -0.003300
20061124     0.002300     0.000900    -0.003200     0.00020     0.000000
20061127    -0.010200     0.003200    -0.015300     0.00020    -0.002100
20061128     0.000100    -0.000400     0.003000     0.00020     0.003200
20061129     0.001300    -0.000400     0.009500     0.00020     0.002500
20061130     0.001300     0.002100     0.001100     0.00020    -0.003000
20061201    -0.003700     0.001100    -0.003000     0.00020     0.000400
20061204     0.008600    -0.001700     0.009900     0.00020     0.002900
20061205    -0.001900     0.002400     0.004100     0.00020    -0.000600
20061206    -0.000900     0.002200    -0.001000     0.00020    -0.002100
20061207    -0.000400     0.000800    -0.004100     0.00020     0.001300
20061208    -0.001600     0.000200     0.001400     0.00020     0.001700
20061211    -0.002800     0.006500     0.001800     0.00020     0.002800
20061212    -0.005100     0.004500    -0.002000     0.00020    -0.000100
20061213    -0.000300     0.001700     0.000900     0.00020     0.002100
20061214    -0.001300    -0.001200     0.008000     0.00020     0.000300
20061215    -0.003300     0.004000     0.000700     0.00020    -0.003600
20061218    -0.009500     0.001800    -0.004600     0.00020    -0.002200
20061219    -0.001200     0.000400     0.001600     0.00020     0.002300
20061220     0.005600     0.000900    -0.001200     0.00020    -0.000200
20061221     0.000100     0.003500    -0.003800     0.00020     0.000100
20061222     0.002900     0.000900    -0.004800     0.00020    -0.000400
20061226     0.003400     0.003800     0.004400     0.00020     0.000500
20061227     0.005100    -0.000500     0.007400     0.00020     0.003900
20061228    -0.001800    -0.000100    -0.001800     0.00020     0.000300
20061229    -0.002700    -0.000300    -0.005100     0.00020    -0.001000
20070103     0.000500     0.001400    -0.000400     0.00022    -0.004300
20070104     0.002500    -0.005200     0.001600     0.00022    -0.005700
20070105    -0.009100    -0.003300    -0.007300     0.00022     0.000700
20070108    -0.000700     0.000900     0.002400     0.00022     0.003300
20070109     0.002800    -0.002100     0.000000     0.00022     0.002300
20070110    -0.000800    -0.001700     0.002300     0.00022     0.000300
20070111     0.005500    -0.002900     0.007400     0.00022     0.001200
20070112     0.002100    -0.002800     0.005000     0.00022     0.001200
20070116    -0.002700     0.000500     0.000000     0.00022    -0.000300
20070117    -0.002100    -0.000500    -0.001400     0.00022     0.000700
20070118    -0.010800     0.005300    -0.004800     0.00022     0.001000
20070119     0.004300     0.000600     0.003300     0.00022    -0.000500
20070122    -0.004900     0.003400    -0.005500     0.00022     0.000900
20070123     0.006000     0.000700     0.003700     0.00022     0.003200
20070124     0.002300    -0.000500     0.008400     0.00022     0.000200
20070125    -0.000700    -0.000900    -0.011500     0.00022    -0.004600
20070126     0.005500     0.001100    -0.000600     0.00022     0.000600
20070129     0.005900     0.002300     0.000200     0.00022     0.000500
20070130    -0.000100     0.002200     0.005200     0.00022    -0.002500
20070131    -0.004200     0.000200     0.006400     0.00022    -0.001300
20070201     0.003400    -0.002300     0.005900     0.00020     0.001600
20070202     0.001000     0.002600     0.001500     0.00020    -0.002500
20070205    -0.002200     0.001200    -0.001200     0.00020     0.001500
20070206     0.002800     0.001900     0.001000     0.00020     0.002000
20070207     0.004100    -0.000200     0.002100     0.00020     0.000700
20070208     0.002400    -0.002000    -0.001000     0.00020    -0.000800
20070209    -0.003400     0.001500    -0.007600     0.00020    -0.002500
20070212     0.002000     0.001000    -0.003500     0.00020     0.000000
20070213    -0.001600     0.003200     0.007200     0.00020     0.000600
20070214    -0.005000    -0.001800     0.007300     0.00020    -0.001400
20070215     0.001500    -0.003700     0.001100     0.00020    -0.003200
20070216     0.002600     0.000600     0.000000     0.00020    -0.000900
20070220     0.006400    -0.001800     0.004200     0.00020     0.002800
20070221     0.003000    -0.002100    -0.000900     0.00020    -0.002900
20070222     0.003700    -0.001200    -0.000600     0.00020    -0.004700
20070223     0.001500    -0.002500    -0.003100     0.00020    -0.001700
20070226    -0.001400     0.000900    -0.001900     0.00020     0.000200
20070227    -0.001800     0.000300    -0.034300     0.00020    -0.004000
20070228    -0.005100     0.003600     0.004700     0.00020     0.005000
20070301    -0.000900     0.001900    -0.002500     0.00019     0.000800
20070302    -0.006300     0.002400    -0.012400     0.00019    -0.001500
20070305    -0.006900    -0.002800    -0.011100     0.00019     0.001600
20070306     0.006700    -0.000100     0.015800     0.00019     0.004600
20070307    -0.000600    -0.000100    -0.002100     0.00019     0.001500
20070308    -0.001000     0.001100     0.006800     0.00019     0.005800
20070309     0.002900     0.001500     0.000900     0.00019     0.000900
20070312     0.002700    -0.001200     0.002800     0.00019     0.004000
20070313    -0.002600    -0.001200    -0.020300     0.00019    -0.003100
20070314     0.001100    -0.001000     0.005700     0.00019    -0.000400
20070315     0.004900     0.001300     0.004400     0.00019     0.001400
20070316    -0.001200    -0.001600    -0.004200     0.00019     0.000300
20070319    -0.001100     0.000100     0.010800     0.00019     0.005200
20070320     0.000300     0.001400     0.006700     0.00019     0.001700
20070321    -0.001500    -0.001000     0.016400     0.00019     0.001000
20070322     0.002000    -0.003200    -0.000200     0.00019     0.001000
20070323     0.000800     0.000300     0.000800     0.00019    -0.000600
20070326    -0.000400    -0.000800     0.000600     0.00019     0.003300
20070327    -0.002100    -0.000100    -0.006100     0.00019    -0.000600
20070328     0.002200    -0.000400    -0.007400     0.00019     0.001100
20070329    -0.002000     0.001700     0.002900     0.00019     0.001700
20070330     0.002700    -0.000500    -0.000700     0.00019     0.001100
20070402     0.000800    -0.001100     0.002200     0.00022     0.003600
20070403     0.000600    -0.001100     0.009300     0.00022     0.001400
20070404    -0.001700    -0.002600     0.000900     0.00022     0.001400
20070405     0.000000    -0.000800     0.003100     0.00022    -0.000100
20070409    -0.002400     0.000600     0.000500     0.00022     0.001400
20070410     0.001000     0.000200     0.002200     0.00022    -0.001600
20070411    -0.001000     0.001200    -0.006400     0.00022     0.000500
20070412     0.002500    -0.001900     0.006100     0.00022    -0.002800
20070413     0.002400    -0.000700     0.003400     0.00022    -0.000800
20070416     0.002900     0.001100     0.010600     0.00022    -0.004500
20070417    -0.004200    -0.001200     0.000900     0.00022     0.000700
20070418    -0.007200     0.004400     0.000000     0.00022    -0.002000
20070419    -0.003800     0.000300    -0.002300     0.00022     0.000000
20070420     0.001900     0.000400     0.008900     0.00022     0.002200
20070423     0.000700    -0.003000    -0.002400     0.00022     0.003600
20070424    -0.000400    -0.002400    -0.001000     0.00022    -0.004100
20070425    -0.003400     0.001800     0.009100     0.00022    -0.002300
20070426     0.003200    -0.003500    -0.000200     0.00022    -0.001400
20070427    -0.002900    -0.003000    -0.001300     0.00022     0.000100
20070430    -0.009200     0.000300    -0.009300     0.00022     0.000200
20070501    -0.000900     0.000300     0.002200     0.00018    -0.004000
20070502     0.006100     0.000200     0.007900     0.00018    -0.000100
20070503    -0.003500     0.003200     0.003700     0.00018    -0.000600
20070504     0.001700    -0.000200     0.002500     0.00018     0.002300
20070507    -0.003700     0.003300     0.001800     0.00018     0.001400
20070508    -0.000400    -0.001100    -0.001300     0.00018     0.000100
20070509     0.000600    -0.000200     0.003500     0.00018    -0.003100
20070510    -0.005000     0.002800    -0.014200     0.00018     0.001700
20070511     0.001800     0.000600     0.009500     0.00018     0.001400
20070514    -0.006200     0.000600    -0.002800     0.00018     0.001500
20070515    -0.008000     0.002800    -0.002700     0.00018     0.003200
20070516    -0.002100     0.000500     0.008200     0.00018     0.000400
20070517    -0.003300     0.000200    -0.001000     0.00018    -0.001000
20070518     0.004000    -0.004900     0.006600     0.00018     0.000800
20070521     0.009200    -0.002900     0.003100     0.00018     0.001600
20070522     0.007100    -0.000400     0.000800     0.00018    -0.002500
20070523    -0.002200    -0.001300    -0.001800     0.00018    -0.002400
20070524    -0.004200    -0.000500    -0.010700     0.00018    -0.006300
20070525     0.002300    -0.000800     0.005500     0.00018     0.002600
20070529     0.006000     0.000100     0.002400     0.00018     0.001400
20070530    -0.002300    -0.000300     0.007700     0.00018     0.003000
20070531     0.003500    -0.003000     0.001300     0.00018    -0.002200
20070601     0.003600    -0.000500     0.004400     0.00019    -0.002000
20070604     0.000700    -0.000100     0.001800     0.00019    -0.001200
20070605    -0.001200    -0.002200    -0.005500     0.00019     0.002400
20070606     0.000700     0.000500    -0.009200     0.00019    -0.000900
20070607    -0.000400     0.000600    -0.017500     0.00019    -0.005100
20070608    -0.000600     0.000300     0.010700     0.00019     0.000400
20070611    -0.002900     0.001100     0.000800     0.00019     0.002900
20070612    -0.001600    -0.001800    -0.010600     0.00019    -0.001500
20070613    -0.001900    -0.001000     0.013700     0.00019     0.004700
20070614     0.001000    -0.000600     0.005000     0.00019     0.003500
20070615     0.005200    -0.000700     0.006900     0.00019     0.003000
20070618     0.000100    -0.001000    -0.001300     0.00019     0.000500
20070619     0.000000     0.001500     0.001400     0.00019     0.002200
20070620     0.001000    -0.001800    -0.012900     0.00019    -0.007200
20070621    -0.001600     0.000000     0.005600     0.00019     0.002100
20070622     0.006100    -0.000100    -0.012500     0.00019    -0.004200
20070625    -0.004100    -0.001000    -0.003900     0.00019    -0.001200
20070626     0.001500    -0.003000    -0.003500     0.00019     0.000100
20070627     0.004600    -0.003900     0.009200     0.00019     0.003300
20070628     0.001500     0.001400     0.000300     0.00019     0.001600
20070629    -0.003500     0.001100    -0.001900     0.00019     0.004100
20070702    -0.000700     0.001200     0.010600     0.00019     0.005700
20070703    -0.000400    -0.001100     0.003600     0.00019     0.002200
20070705     0.002000    -0.005900     0.000700     0.00019     0.003900
20070706    -0.000700    -0.000800     0.004000     0.00019     0.000400
20070709     0.000600    -0.000600     0.001000     0.00019     0.001600
20070710    -0.001500    -0.003800    -0.014300     0.00019     0.001100
20070711    -0.002800    -0.001000     0.005500     0.00019     0.003200
20070712    -0.001800    -0.003000     0.017800     0.00019     0.004800
20070713    -0.003100     0.000800     0.002800     0.00019     0.001400
20070716    -0.004600    -0.002400    -0.003100     0.00019     0.000900
20070717     0.001600    -0.002400     0.000200     0.00019     0.002800
20070718    -0.002000    -0.001800    -0.002500     0.00019     0.000400
20070719     0.003300    -0.004900     0.004400     0.00019     0.005300
20070720    -0.002700    -0.001900    -0.012500     0.00019    -0.001200
20070723    -0.004100    -0.004100     0.003600     0.00019     0.005800
20070724    -0.005200    -0.002200    -0.020400     0.00019    -0.004200
20070725    -0.004100     0.000900     0.003000     0.00019    -0.006000
20070726    -0.000100    -0.002400    -0.023600     0.00019    -0.002200
20070727    -0.000700     0.001300    -0.015100     0.00019    -0.003400
20070730    -0.002400    -0.000700     0.009300     0.00019     0.005900
20070731     0.003200    -0.000300    -0.011900     0.00019     0.001900
20070801    -0.004900    -0.002600     0.005100     0.00018    -0.001000
20070802     0.001500    -0.003500     0.005500     0.00018     0.007400
20070803    -0.006400    -0.007500    -0.026600     0.00018     0.000200
20070806    -0.011600    -0.004200     0.020700     0.00018    -0.012600
20070807     0.002700    -0.006800     0.006500     0.00018     0.000700
20070808     0.011600    -0.007600     0.014700     0.00018    -0.012500
20070809     0.016300    -0.006300    -0.027400     0.00018    -0.011000
20070810     0.000600     0.013600     0.000300     0.00018     0.011300
20070813    -0.011400     0.003300    -0.000600     0.00018     0.015600
20070814    -0.000400    -0.001700    -0.018300     0.00018    -0.004300
20070815     0.000500    -0.000400    -0.014600     0.00018    -0.010800
20070816     0.012100     0.011800     0.003100     0.00018    -0.023100
20070817    -0.004200     0.003700     0.023600     0.00018    -0.000700
20070820     0.001500    -0.003100     0.000000     0.00018     0.010600
20070821    -0.000600     0.000700     0.001500     0.00018     0.004000
20070822     0.000500    -0.000100     0.012000     0.00018     0.011000
20070823    -0.009600     0.001700    -0.002300     0.00018     0.003200
20070824     0.001200    -0.002200     0.012100     0.00018     0.005700
20070827    -0.001100    -0.001400    -0.008500     0.00018     0.004200
20070828    -0.000700    -0.004100    -0.023300     0.00018    -0.004300
20070829     0.001100     0.000300     0.021300     0.00018     0.006800
20070830     0.000000    -0.004900    -0.004300     0.00018     0.004600
20070831     0.000500    -0.000700     0.011200     0.00018     0.002100
20070904    -0.002100     0.000300     0.010300     0.00017     0.002100
20070905     0.000400    -0.003200    -0.010500     0.00017     0.003100
20070906     0.000100    -0.001800     0.004200     0.00017     0.001700
20070907    -0.002900     0.001800    -0.017000     0.00017    -0.004700
20070910    -0.005000    -0.002300    -0.002700     0.00017     0.004800
20070911     0.000500    -0.003300     0.013500     0.00017     0.004400
20070912    -0.004300    -0.002100    -0.000300     0.00017     0.002300
20070913    -0.006900     0.003000     0.006900     0.00017    -0.001600
20070914     0.003500    -0.000600     0.001000     0.00017    -0.001100
20070917    -0.004400     0.000300    -0.006000     0.00017     0.002300
20070918     0.005900     0.003700     0.028800     0.00017     0.000300
20070919     0.005900     0.002400     0.005900     0.00017     0.000800
20070920    -0.001400    -0.003200    -0.006500     0.00017     0.009200
20070921    -0.002200    -0.002400     0.004300     0.00017     0.004600
20070924    -0.003700    -0.006300    -0.005600     0.00017     0.006900
20070925    -0.002900    -0.003700    -0.000300     0.00017     0.009400
20070926     0.001100    -0.000800     0.006000     0.00017     0.001000
20070927     0.002000    -0.000500     0.004300     0.00017     0.000900
20070928    -0.005400     0.000300    -0.003700     0.00017    -0.001100
20071001     0.008100     0.000700     0.013700     0.00014     0.000500
20071002     0.006500     0.001900     0.001100     0.00014    -0.006800
20071003    -0.002200    -0.001600    -0.004800     0.00014    -0.009300
20071004    -0.000300     0.000400     0.001800     0.00014     0.004100
20071005     0.006400    -0.000600     0.011000     0.00014    -0.001300
20071008    -0.001800    -0.002900    -0.002700     0.00014     0.005700
20071009    -0.002200    -0.001500     0.007800     0.00014     0.007200
20071010     0.000200    -0.004000    -0.001300     0.00014     0.006000
20071011    -0.006800     0.005800    -0.005800     0.00014    -0.006600
20071012     0.001200    -0.003100     0.005100     0.00014     0.008900
20071015    -0.003800    -0.002200    -0.008900     0.00014     0.007400
20071016    -0.000300    -0.002800    -0.006700     0.00014     0.010100
20071017    -0.001500    -0.002600     0.002200     0.00014     0.006000
20071018     0.001100    -0.003900    -0.001000     0.00014     0.009300
20071019    -0.004800     0.000100    -0.024500     0.00014    -0.003300
20071022     0.008900     0.000500     0.004700     0.00014    -0.006900
20071023     0.000600    -0.005400     0.008500     0.00014     0.013300
20071024    -0.004600    -0.002100    -0.003300     0.00014     0.004100
20071025    -0.003200    -0.000400    -0.001900     0.00014     0.004000
20071026     0.002700     0.003600     0.013800     0.00014    -0.001300
20071029    -0.002800    -0.005800     0.004000     0.00014     0.004400
20071030     0.000900     0.001300    -0.006400     0.00014    -0.006500
20071031     0.000400    -0.001200     0.012300     0.00014     0.006700
20071101    -0.008600    -0.004400    -0.026600     0.00016     0.005900
20071102     0.001900    -0.008900     0.000800     0.00016     0.010800
20071105    -0.002800    -0.001100    -0.005900     0.00016     0.002800
20071106     0.000300    -0.001700     0.011900     0.00016     0.008000
20071107    -0.000400    -0.004600    -0.027700     0.00016     0.003400
20071108     0.005400     0.011700    -0.000500     0.00016    -0.008100
20071109     0.002400     0.008600    -0.014600     0.00016    -0.014300
20071112     0.003700     0.002700    -0.010800     0.00016    -0.021600
20071113    -0.004600     0.000500     0.028100     0.00016    -0.009000
20071114    -0.002200    -0.001700    -0.006300     0.00016     0.006700
20071115     0.000400    -0.000700    -0.012500     0.00016     0.007000
20071116    -0.006200    -0.006400     0.004100     0.00016     0.010800
20071119    -0.002600    -0.003800    -0.018100     0.00016     0.009600
20071120    -0.005600    -0.000900     0.003100     0.00016     0.016200
20071121     0.004100     0.000900    -0.015400     0.00016    -0.000600
20071123     0.001700     0.002000     0.015900     0.00016    -0.008000
20071126    -0.000600    -0.006500    -0.020900     0.00016     0.010500
20071127    -0.005300    -0.001900     0.013100     0.00016    -0.000800
20071128     0.003000    -0.001800     0.029000     0.00016    -0.007700
20071129    -0.005000    -0.003100     0.000100     0.00016     0.006400
20071130    -0.006200     0.008600     0.007000     0.00016    -0.014300
20071203    -0.005300     0.001000    -0.006000     0.00014     0.007400
20071204    -0.001400    -0.001400    -0.006100     0.00014     0.008000
20071205     0.000300    -0.000300     0.014700     0.00014     0.003900
20071206     0.008400     0.002700     0.015500     0.00014    -0.009000
20071207     0.000500    -0.000200    -0.000700     0.00014    -0.000100
20071210    -0.001500     0.002300     0.007100     0.00014    -0.009100
20071211    -0.002700    -0.000700    -0.025000     0.00014     0.016300
20071212     0.000500    -0.002000     0.004800     0.00014     0.015500
20071213    -0.003400    -0.002900     0.000600     0.00014     0.007700
20071214    -0.004900    -0.002600    -0.013600     0.00014     0.007400
20071217    -0.002100     0.003100    -0.015900     0.00014    -0.007900
20071218     0.011300    -0.000100     0.006500     0.00014    -0.000200
20071219     0.003000    -0.004100    -0.001000     0.00014     0.008900
20071220     0.008700    -0.003900     0.006400     0.00014     0.008100
20071221     0.003400    -0.000100     0.016400     0.00014    -0.002800
20071224     0.000900     0.002100     0.008000     0.00014    -0.002500
20071226     0.002100    -0.000400     0.001000     0.00014     0.008000
20071227    -0.011700     0.000400    -0.014900     0.00014     0.004700
20071228    -0.003700    -0.001400     0.001200     0.00014     0.008300
20071231     0.000200     0.004100    -0.006500     0.00014    -0.007900
20080102    -0.000900    -0.000900    -0.014600     0.00010     0.009000
20080103    -0.010200    -0.003600    -0.001400     0.00010     0.016100
20080104    -0.004900     0.001400    -0.025600     0.00010     0.005700
20080107     0.001100     0.001500     0.001600     0.00010    -0.005200
20080108    -0.004300    -0.008500    -0.018100     0.00010     0.010300
20080109    -0.003500    -0.006400     0.011000     0.00010     0.002700
20080110    -0.001500     0.005800     0.008900     0.00010    -0.013900
20080111    -0.007500     0.002400    -0.014200     0.00010    -0.008700
20080114    -0.000300    -0.001700     0.010200     0.00010     0.002900
20080115     0.004900    -0.001300    -0.023900     0.00010     0.003500
20080116     0.008000     0.011900    -0.005100     0.00010    -0.029600
20080117     0.003600    -0.001300    -0.028000     0.00010     0.002900
20080118    -0.002300    -0.008700    -0.005600     0.00010     0.008300
20080122     0.003300     0.011900    -0.009800     0.00010    -0.028700
20080123     0.006600     0.016400     0.020400     0.00010    -0.042400
20080124    -0.009200    -0.005300     0.010200     0.00010     0.002500
20080125     0.008200     0.002700    -0.013900     0.00010     0.007200
20080128     0.000400     0.009900     0.017100     0.00010    -0.016800
20080129    -0.004800     0.009800     0.006900     0.00010    -0.013900
20080130    -0.003600    -0.001000    -0.005900     0.00010     0.001500
20080131     0.008300     0.004600     0.016600     0.00010    -0.016900
20080201     0.006900     0.000600     0.014800     0.00007    -0.010800
20080204     0.001800    -0.001800    -0.009900     0.00007     0.017900
20080205     0.004500     0.000300    -0.030100     0.00007     0.005600
20080206    -0.003700     0.005000    -0.008500     0.00007     0.001600
20080207     0.004100     0.000400     0.008200     0.00007    -0.005800
20080208    -0.000800    -0.003400    -0.003000     0.00007     0.017300
20080211    -0.001900    -0.005900     0.005800     0.00007     0.009900
20080212    -0.001500    -0.000500     0.006100     0.00007    -0.000200
20080213     0.007000     0.000400     0.014600     0.00007     0.004700
20080214    -0.007700     0.001500    -0.013500     0.00007     0.006300
20080215    -0.008000     0.003400    -0.000200     0.00007    -0.002300
20080219     0.002700    -0.003600    -0.000600     0.00007     0.009500
20080220     0.002200    -0.000100     0.008300     0.00007    -0.008000
20080221    -0.003500    -0.001900    -0.012800     0.00007     0.005400
20080222    -0.008600     0.006200     0.006100     0.00007    -0.005200
20080225     0.004500    -0.000400     0.014600     0.00007     0.000800
20080226     0.004000    -0.000900     0.007200     0.00007    -0.004400
20080227    -0.000400    -0.002300    -0.001100     0.00007    -0.000700
20080228    -0.003900    -0.004700    -0.009300     0.00007     0.024300
20080229     0.001200    -0.001700    -0.026400     0.00007     0.010300
20080303    -0.002300    -0.003300    -0.000400     0.00009     0.009500
20080304     0.000100    -0.000500    -0.003600     0.00009     0.001600
20080305    -0.002000    -0.003500     0.005600     0.00009     0.010700
20080306    -0.004200    -0.002500    -0.022600     0.00009     0.019000
20080307     0.002400     0.005700    -0.008800     0.00009    -0.005300
20080310    -0.005900     0.005200    -0.017200     0.00009     0.007400
20080311     0.002100     0.002100     0.035700     0.00009    -0.010800
20080312     0.002100    -0.008100    -0.007700     0.00009     0.008600
20080313     0.013100    -0.002100     0.006500     0.00009     0.004900
20080314    -0.002100    -0.002600    -0.020700     0.00009     0.012200
20080317    -0.007900     0.004800    -0.012100     0.00009     0.010600
20080318     0.000300    -0.002600     0.040900     0.00009    -0.025300
20080319    -0.000200     0.001800    -0.023700     0.00009    -0.009700
20080320    -0.001400     0.007400     0.023000     0.00009    -0.035400
20080324     0.011300    -0.006000     0.017100     0.00009    -0.013500
20080325     0.004300    -0.001600     0.003800     0.00009     0.006900
20080326     0.006200    -0.004900    -0.008200     0.00009     0.023700
20080327    -0.002000     0.000000    -0.011300     0.00009     0.008600
20080328    -0.004400     0.002700    -0.008200     0.00009     0.017400
20080331     0.000300     0.005900     0.005700     0.00009    -0.008800
20080401    -0.007400     0.000500     0.033700     0.00008    -0.030400
20080402     0.004600    -0.001400    -0.000900     0.00008     0.002000
20080403    -0.000800    -0.000600     0.001400     0.00008    -0.001100
20080404     0.000900    -0.004600     0.001600     0.00008     0.011200
20080407    -0.004500     0.004900     0.001400     0.00008    -0.005000
20080408     0.003300    -0.000600    -0.003400     0.00008     0.013900
20080409    -0.008000    -0.002100    -0.009600     0.00008     0.017900
20080410     0.006900    -0.005300     0.005300     0.00008     0.002200
20080411    -0.006300     0.005300    -0.020200     0.00008     0.001400
20080414     0.001800    -0.003300    -0.003800     0.00008     0.014200
20080415     0.002900     0.002700     0.004600     0.00008     0.002500
20080416     0.004800     0.001500     0.022700     0.00008     0.003300
20080417    -0.008500     0.003500    -0.001000     0.00008    -0.009000
20080418     0.001100    -0.006400     0.016700     0.00008    -0.009300
20080421    -0.001400    -0.005600    -0.001700     0.00008     0.009000
20080422    -0.010800     0.002800    -0.009700     0.00008     0.010700
20080423     0.002000    -0.011700     0.002600     0.00008     0.003300
20080424     0.005300     0.003700     0.006600     0.00008    -0.026700
20080425    -0.002000     0.001700     0.006800     0.00008    -0.008800
20080428     0.005300     0.001800    -0.000300     0.00008    -0.002600
20080429    -0.004200     0.003400    -0.003600     0.00008    -0.009000
20080430    -0.001200     0.000900    -0.003000     0.00008     0.008200
20080501     0.000700     0.002200     0.016600     0.00008    -0.021200
20080502    -0.007400     0.000200     0.002000     0.00008     0.001600
20080505     0.003000    -0.001200    -0.004100     0.00008     0.011100
20080506    -0.000200     0.002900     0.007500     0.00008    -0.000300
20080507     0.000500    -0.001900    -0.016600     0.00008     0.011700
20080508     0.001200    -0.002000     0.003700     0.00008     0.011900
20080509     0.006500    -0.002500    -0.005400     0.00008     0.003900
20080512     0.006500    -0.003600     0.011000     0.00008    -0.005200
20080513     0.006600    -0.000400     0.000900     0.00008     0.007600
20080514    -0.004400     0.001600     0.003800     0.00008    -0.009400
20080515    -0.000800    -0.002900     0.010200     0.00008    -0.004300
20080516    -0.004000     0.000100     0.001000     0.00008     0.009200
20080519    -0.002900     0.002300    -0.000200     0.00008     0.002100
20080520     0.006200    -0.001800    -0.008000     0.00008     0.012100
20080521     0.004600     0.001700    -0.015600     0.00008     0.010200
20080522     0.002900    -0.000400     0.003800     0.00008    -0.006300
20080523     0.001500    -0.003700    -0.012400     0.00008     0.008300
20080527     0.005700    -0.002200     0.007200     0.00008    -0.002100
20080528    -0.000600    -0.000700     0.004900     0.00008     0.007300
20080529     0.002800    -0.002500     0.006100     0.00008    -0.010800
20080530     0.002600     0.000000     0.002900     0.00008     0.004500
20080602     0.001600     0.002500    -0.009800     0.00008     0.007100
20080603     0.002800     0.000200    -0.004600     0.00008    -0.002100
20080604     0.007000    -0.007400     0.000200     0.00008    -0.000700
20080605     0.003300    -0.000900     0.019500     0.00008     0.004500
20080606     0.001700    -0.000300    -0.029000     0.00008     0.017800
20080609    -0.005400    -0.002400    -0.000300     0.00008     0.020500
20080610     0.000000    -0.002300    -0.003100     0.00008    -0.004600
20080611    -0.001400    -0.001400    -0.016600     0.00008     0.019600
20080612    -0.000100    -0.000500     0.003100     0.00008    -0.006600
20080613     0.002700    -0.003500     0.015600     0.00008    -0.003100
20080616     0.008800    -0.002000     0.001500     0.00008    -0.001500
20080617     0.001500    -0.002500    -0.005500     0.00008     0.016700
20080618     0.002000     0.002600    -0.009600     0.00008     0.012400
20080619     0.004900    -0.005700     0.003400     0.00008    -0.005100
20080620     0.003500     0.000700    -0.017900     0.00008     0.014700
20080623    -0.006100    -0.003000    -0.001600     0.00008     0.031600
20080624    -0.011600     0.002800    -0.005400     0.00008    -0.012800
20080625     0.003600    -0.004500     0.006400     0.00008    -0.008400
20080626     0.005600     0.001100    -0.028300     0.00008     0.019100
20080627     0.002400    -0.004100    -0.003700     0.00008     0.009400
20080630    -0.012200     0.003100    -0.000700     0.00008     0.019100
20080701    -0.004500     0.002900     0.002900     0.00007     0.004900
20080702    -0.008800     0.001400    -0.020000     0.00007     0.000600
20080703    -0.006800    -0.001600    -0.001500     0.00007     0.002200
20080707     0.001100    -0.011000    -0.008100     0.00007     0.010300
20080708     0.009800     0.023800     0.018400     0.00007    -0.029800
20080709    -0.000800    -0.013400    -0.020600     0.00007     0.024100
20080710    -0.000200    -0.012200     0.006500     0.00007     0.031700
20080711     0.014700    -0.010900    -0.008800     0.00007     0.016700
20080714    -0.001000    -0.024500    -0.009300     0.00007     0.026400
20080715     0.011600    -0.011600    -0.009600     0.00007     0.001600
20080716     0.000200     0.047600     0.025200     0.00007    -0.058300
20080717    -0.000900     0.041300     0.011300     0.00007    -0.057700
20080718    -0.007700     0.010800    -0.000800     0.00007    -0.006000
20080721     0.003100    -0.005700     0.001600     0.00007     0.007500
20080722     0.009300     0.032000     0.013700     0.00007    -0.043500
20080723     0.000500     0.016000     0.003200     0.00007    -0.038300
20080724     0.005200    -0.028700    -0.023100     0.00007     0.038300
20080725     0.008900    -0.010000     0.004700     0.00007     0.013100
20080728     0.000400    -0.013800    -0.017600     0.00007     0.024900
20080729    -0.003000     0.031900     0.022700     0.00007    -0.039500
20080730    -0.013600    -0.001700     0.015800     0.00007     0.013500
20080731     0.006200     0.003600    -0.011600     0.00007    -0.009400
20080801     0.006700     0.008500    -0.004700     0.00006    -0.010300
20080804    -0.002200     0.004900    -0.010900     0.00006    -0.014000
20080805    -0.005800     0.016900     0.026500     0.00006    -0.032800
20080806     0.005300    -0.011500     0.005000     0.00006     0.008500
20080807     0.006200    -0.017200    -0.017300     0.00006     0.020600
20080808     0.005800     0.013700     0.022800     0.00006    -0.029200
20080811     0.013700     0.012000     0.008300     0.00006    -0.018800
20080812     0.009800    -0.019400    -0.010500     0.00006     0.020700
20080813     0.007600    -0.020300    -0.001500     0.00006     0.030200
20080814     0.000900     0.012900     0.006300     0.00006    -0.019900
20080815    -0.003700     0.010700     0.003800     0.00006    -0.018300
20080818     0.002800    -0.009000    -0.014500     0.00006     0.017300
20080819    -0.005500    -0.012400    -0.010000     0.00006     0.028000
20080820    -0.006500    -0.000700     0.005400     0.00006     0.007800
20080821    -0.009000    -0.004600     0.001200     0.00006     0.007000
20080822     0.004300     0.010300     0.011400     0.00006    -0.018600
20080825    -0.001200    -0.005200    -0.019200     0.00006     0.009700
20080826    -0.002000     0.001400     0.003300     0.00006     0.002300
20080827     0.002700     0.002900     0.008800     0.00006    -0.004300
20080828     0.001500     0.017900     0.015100     0.00006    -0.020100
20080829     0.002300     0.006400    -0.012500     0.00006    -0.004700
20080902     0.003000     0.020500    -0.004400     0.00007    -0.023100
20080903     0.005400     0.016500    -0.002300     0.00007    -0.016700
20080904     0.002100    -0.004900    -0.029000     0.00007     0.012800
20080905    -0.008300     0.015800     0.004200     0.00007    -0.008500
20080908    -0.005600     0.021800     0.017600     0.00007    -0.021000
20080909     0.005800    -0.006900    -0.034100     0.00007     0.009400
20080910     0.004200    -0.008000     0.007000     0.00007     0.020900
20080911    -0.009500     0.001800     0.012200     0.00007     0.007100
20080912    -0.001800    -0.002200     0.002900     0.00007     0.010900
20080915     0.014700    -0.022200    -0.044500     0.00007     0.029500
20080916     0.002700     0.019600     0.016500     0.00007    -0.000500
20080917     0.005900    -0.021200    -0.046000     0.00007     0.018500
20080918     0.010700     0.048000     0.044100     0.00007    -0.045200
20080919    -0.019800     0.036400     0.042700     0.00007    -0.035700
20080922     0.003400    -0.033600    -0.039300     0.00007     0.026600
20080923     0.001100     0.001600    -0.015500     0.00007     0.002900
20080924    -0.010500    -0.007600    -0.003200     0.00007     0.010600
20080925    -0.011500     0.006300     0.017000     0.00007    -0.004500
20080926    -0.009000     0.009500     0.001100     0.00007    -0.004400
20080929     0.034500    -0.037500    -0.082600     0.00007     0.033300
20080930    -0.036800     0.028800     0.048800     0.00007    -0.026700
20081001    -0.008300     0.028200    -0.004700     0.00004    -0.017800
20081002    -0.005800     0.006300    -0.042000     0.00004     0.010300
20081003    -0.008300    -0.012300    -0.014700     0.00004     0.019300
20081006    -0.000600     0.004500    -0.039500     0.00004     0.009800
20081007     0.010600    -0.033800    -0.057600     0.00004     0.031000
20081008    -0.002500    -0.021700    -0.012700     0.00004     0.014000
20081009    -0.002100    -0.025700    -0.073600     0.00004     0.020900
20081010     0.038500     0.030600    -0.009500     0.00004    -0.003800
20081013    -0.024000    -0.023900     0.113500     0.00004    -0.013000
20081014    -0.029900     0.044800    -0.008600     0.00004    -0.019200
20081015     0.002400     0.008600    -0.087800     0.00004     0.019100
20081016     0.021900    -0.016100     0.043200     0.00004     0.014300
20081017    -0.007800    -0.008000    -0.004100     0.00004    -0.006400
20081020    -0.012100    -0.008800     0.045500     0.00004     0.007000
20081021     0.000500     0.005900    -0.029500     0.00004     0.004800
20081022     0.009000     0.001500    -0.057600     0.00004     0.012300
20081023    -0.033100    -0.008600     0.002900     0.00004     0.018100
20081024    -0.000400    -0.004300    -0.032800     0.00004     0.010100
20081027    -0.008700     0.003800    -0.033600     0.00004     0.004600
20081028    -0.037800     0.003200     0.097700     0.00004    -0.015900
20081029     0.028200    -0.013900    -0.004700     0.00004    -0.009600
20081030     0.020300    -0.006900     0.029900     0.00004    -0.009400
20081031     0.022600     0.019700     0.018800     0.00004    -0.004100
20081103     0.001300     0.006100    -0.000500     0.00001    -0.003900
20081104    -0.026100     0.002100     0.035700     0.00001    -0.025500
20081105     0.002000    -0.014600    -0.050500     0.00001     0.021900
20081106     0.015700    -0.004000    -0.048300     0.00001     0.032100
20081107    -0.011600    -0.007700     0.026200     0.00001    -0.002200
20081110    -0.006800    -0.020400    -0.013200     0.00001     0.018500
20081111     0.001600     0.000400    -0.022500     0.00001     0.027400
20081112    -0.005100    -0.010700    -0.051400     0.00001     0.035700
20081113     0.007400    -0.000700     0.067900     0.00001    -0.019200
20081114    -0.022100     0.000000    -0.042700     0.00001     0.007700
20081117     0.018300    -0.016100    -0.024300     0.00001     0.027200
20081118    -0.012700    -0.006600     0.007000     0.00001     0.014400
20081119    -0.000200    -0.030700    -0.062900     0.00001     0.040100
20081120     0.017000    -0.024500    -0.066000     0.00001     0.045800
20081121    -0.012600    -0.020700     0.061100     0.00001    -0.004900
20081124    -0.013400     0.046200     0.062700     0.00001    -0.073900
20081125     0.000600     0.022600     0.009400     0.00001    -0.020700
20081126     0.016500     0.002100     0.038800     0.00001    -0.051300
20081128    -0.006600     0.019100     0.010600     0.00001    -0.024200
20081201    -0.007200    -0.035100    -0.089500     0.00000     0.043400
20081202     0.006500     0.025100     0.039700     0.00000    -0.017100
20081203    -0.002100     0.014000     0.026300     0.00000    -0.004900
20081204     0.000200     0.012600    -0.029000     0.00000     0.007700
20081205     0.000700     0.017900     0.037500     0.00000    -0.018800
20081208    -0.003600     0.001300     0.038000     0.00000    -0.045500
20081209    -0.005700    -0.012300    -0.022300     0.00000    -0.005700
20081210     0.010400    -0.009500     0.012000     0.00000    -0.012200
20081211    -0.011700    -0.021800    -0.029300     0.00000     0.013600
20081212     0.023000     0.006100     0.009600     0.00000    -0.003100
20081215    -0.012600    -0.012500    -0.015400     0.00000     0.013100
20081216    -0.001800     0.024100     0.051500     0.00000    -0.030700
20081217     0.017300    -0.005200    -0.006200     0.00000    -0.014400
20081218     0.009000    -0.003200    -0.018300     0.00000     0.014800
20081219     0.007200    -0.000400     0.003500     0.00000    -0.012200
20081222     0.000100    -0.007400    -0.018700     0.00000     0.034200
20081223    -0.001100    -0.008700    -0.008900     0.00000     0.012200
20081224    -0.003300     0.006000     0.005100     0.00000    -0.003200
20081226     0.005800     0.000500     0.006300     0.00000    -0.007900
20081229    -0.014100    -0.000100    -0.005600     0.00000     0.013200
20081230     0.005500     0.009800     0.024700     0.00000    -0.015300
20081231     0.015300     0.007500     0.017000     0.00000    -0.018400
20090102    -0.013300    -0.003600     0.031100     0.00000    -0.043400
20090105     0.006500    -0.011100    -0.002800     0.00000    -0.030800
20090106     0.010000     0.008500     0.008700     0.00000    -0.050900
20090107     0.003300    -0.010900    -0.029600     0.00000     0.018200
20090108     0.007100     0.004000     0.004700     0.00000    -0.016100
20090109    -0.014300    -0.011300    -0.022100     0.00000     0.007800
20090112     0.003200    -0.018200    -0.022800     0.00000     0.039700
20090113     0.004200     0.001900     0.002800     0.00000     0.007100
20090114    -0.005200    -0.012600    -0.033800     0.00000     0.029400
20090115     0.022700    -0.022800     0.003900     0.00000     0.018200
20090116     0.004500    -0.010100     0.007400     0.00000     0.002300
20090120     0.001500    -0.039000    -0.053400     0.00000     0.047300
20090121    -0.011800     0.024800     0.042100     0.00000    -0.042900
20090122    -0.009800    -0.016400    -0.016200     0.00000     0.024300
20090123    -0.005000     0.008900     0.004400     0.00000    -0.025400
20090126     0.007800    -0.006300     0.005400     0.00000     0.000700
20090127    -0.004100     0.003100     0.010800     0.00000    -0.012800
20090128    -0.006200     0.026600     0.033200     0.00000    -0.040700
20090129    -0.001400    -0.022600    -0.032300     0.00000     0.031400
20090130     0.002200    -0.012200    -0.021600     0.00000     0.018200
20090202     0.013100    -0.005300     0.000600     0.00001     0.010500
20090203    -0.001800    -0.023400     0.014600     0.00001     0.008800
20090204    -0.002200    -0.004400    -0.006000     0.00001    -0.008900
20090205     0.001500    -0.002400     0.016100     0.00001    -0.017000
20090206    -0.000700     0.022300     0.027900     0.00001    -0.030800
20090209    -0.009400     0.002100     0.000300     0.00001    -0.014200
20090210     0.010700    -0.027800    -0.046200     0.00001     0.037900
20090211    -0.007600     0.012300     0.007500     0.00001    -0.008100
20090212     0.003200    -0.006000     0.003000     0.00001     0.002600
20090213     0.009700    -0.014400    -0.008500     0.00001    -0.001800
20090217     0.010200    -0.022900    -0.043600     0.00001     0.043000
20090218    -0.009200    -0.007200    -0.003300     0.00001     0.009400
20090219    -0.000300    -0.020000    -0.011500     0.00001     0.019900
20090220    -0.000200    -0.010200    -0.011600     0.00001     0.014300
20090223    -0.004800     0.008800    -0.034300     0.00001     0.019200
20090224    -0.009700     0.029200     0.040000     0.00001    -0.041000
20090225    -0.014600     0.002000    -0.011500     0.00001     0.004200
20090226    -0.004500     0.013000    -0.015300     0.00001    -0.016300
20090227     0.018000    -0.021300    -0.020100     0.00001     0.023100
20090302    -0.002400    -0.002900    -0.047500     0.00001     0.052400
20090303    -0.006700    -0.024200    -0.007100     0.00001     0.003600
20090304     0.005400    -0.009700     0.024200     0.00001    -0.016600
20090305    -0.004600    -0.030100    -0.042100     0.00001     0.033200
20090306     0.004200    -0.006500     0.002000     0.00001     0.006200
20090309    -0.009400     0.003400    -0.010900     0.00001    -0.016700
20090310    -0.009100     0.041600     0.063500     0.00001    -0.065600
20090311    -0.005500     0.005500     0.003000     0.00001    -0.009800
20090312     0.011100     0.026000     0.041600     0.00001    -0.035700
20090313     0.001800     0.005500     0.007300     0.00001    -0.000900
20090316    -0.010200     0.004400    -0.005500     0.00001    -0.014300
20090317     0.006800     0.014100     0.032000     0.00001    -0.014600
20090318     0.000700     0.039600     0.021800     0.00001    -0.051400
20090319     0.009900    -0.025500    -0.010300     0.00001     0.001700
20090320    -0.003700    -0.007900    -0.019500     0.00001     0.028300
20090323    -0.006600     0.040300     0.068900     0.00001    -0.075300
20090324    -0.011400    -0.015300    -0.019300     0.00001     0.002300
20090325     0.009600     0.013100     0.009400     0.00001    -0.005900
20090326     0.018900     0.000100     0.026800     0.00001    -0.023000
20090327    -0.013500     0.002800    -0.020600     0.00001     0.009900
20090330     0.017400    -0.038200    -0.034700     0.00001     0.066600
20090331    -0.005600     0.015500     0.012900     0.00001    -0.016000
20090401    -0.005100     0.014900     0.016500     0.00001    -0.026100
20090402     0.019000     0.004800     0.030700     0.00001    -0.043100
20090403    -0.001400     0.008400     0.010200     0.00001    -0.031600
20090406    -0.006500    -0.004800    -0.009200     0.00001     0.001900
20090407    -0.007300    -0.002000    -0.024200     0.00001     0.018300
20090408     0.010700     0.000200     0.012800     0.00001    -0.010300
20090409     0.003200     0.043400     0.039200     0.00001    -0.082200
20090413    -0.009300     0.022900     0.002600     0.00001    -0.039600
20090414    -0.000400    -0.028600    -0.020200     0.00001     0.014400
20090415    -0.001600     0.023300     0.011200     0.00001    -0.019900
20090416     0.012200     0.001300     0.016900     0.00001    -0.017300
20090417     0.008500     0.002900     0.005500     0.00001    -0.019900
20090420     0.000800    -0.042200    -0.043200     0.00001     0.070500
20090421     0.007700     0.030700     0.021900     0.00001    -0.039400
20090422     0.014900    -0.010700    -0.006100     0.00001    -0.017200
20090423    -0.018300     0.002600     0.006600     0.00001    -0.010400
20090424     0.007900     0.001200     0.017700     0.00001    -0.034600
20090427    -0.004400    -0.017100    -0.009500     0.00001     0.022900
20090428     0.009300     0.000700    -0.002000     0.00001     0.012900
20090429     0.007400     0.011900     0.024100     0.00001    -0.027500
20090430    -0.004300    -0.006400    -0.000400     0.00001    -0.025800
20090501    -0.004600    -0.002500     0.004500     0.00000    -0.019000
20090504    -0.004000     0.029800     0.033600     0.00000    -0.052800
20090505     0.002000    -0.001700    -0.002700     0.00000    -0.013200
20090506    -0.020800     0.026500     0.014500     0.00000    -0.036100
20090507    -0.007500    -0.007900    -0.014200     0.00000     0.010500
20090508     0.002000     0.028500     0.024800     0.00000    -0.050900
20090511     0.012100    -0.024500    -0.020100     0.00000     0.022700
20090512    -0.007900    -0.016200    -0.003100     0.00000     0.018300
20090513    -0.014900    -0.015100    -0.029100     0.00000     0.051000
20090514     0.004900     0.009900     0.011100     0.00000    -0.016700
20090515     0.005700    -0.011300    -0.010200     0.00000     0.016500
20090518     0.003300     0.019400     0.031300     0.00000    -0.035200
20090519     0.002000    -0.012100    -0.000400     0.00000    -0.012500
20090520    -0.000200    -0.010900    -0.004800     0.00000    -0.007700
20090521    -0.000900     0.003200    -0.016800     0.00000     0.016700
20090522    -0.003400    -0.005900    -0.001500     0.00000     0.004000
20090526     0.015200     0.006200     0.027800     0.00000    -0.003700
20090527     0.002500    -0.013000    -0.018000     0.00000    -0.003600
20090528    -0.013600     0.004300     0.013500     0.00000    -0.012700
20090529     0.005500    -0.002000     0.013800     0.00000    -0.006200
20090601     0.015500    -0.007200     0.027200     0.00000    -0.019500
20090602     0.008600    -0.001900     0.002900     0.00000     0.007700
20090603     0.007900    -0.008000    -0.013900     0.00000     0.027100
20090604     0.001400     0.010900     0.011800     0.00000    -0.026400
20090605     0.001200    -0.005400    -0.001900     0.00000    -0.001600
20090608    -0.009700     0.005900    -0.002000     0.00000     0.006800
20090609     0.003400    -0.002800     0.004900     0.00000    -0.010000
20090610    -0.003300    -0.004700    -0.003500     0.00000    -0.012600
20090611    -0.002200     0.002600     0.006300     0.00000    -0.014000
20090612    -0.001900     0.000100     0.000300     0.00000     0.004900
20090615    -0.002900    -0.003400    -0.023800     0.00000     0.015100
20090616    -0.000800    -0.002700    -0.013300     0.00000     0.012700
20090617     0.009100    -0.009700    -0.000800     0.00000     0.027300
20090618    -0.006300     0.004100     0.007400     0.00000     0.007300
20090619     0.002900     0.001000     0.003500     0.00000    -0.002200
20090622    -0.003700    -0.007200    -0.030800     0.00000     0.037700
20090623    -0.011000     0.001300     0.000800     0.00000    -0.007800
20090624     0.002500    -0.001900     0.007800     0.00000    -0.006900
20090625     0.008000     0.000400     0.021900     0.00000    -0.005000
20090626     0.015700     0.001400     0.000400     0.00000     0.001000
20090629    -0.010900     0.003600     0.008200     0.00000    -0.001200
20090630     0.002500    -0.001800    -0.007400     0.00000     0.000300
20090701     0.014800     0.001800     0.005400     0.00001     0.002100
20090702    -0.006000    -0.010500    -0.028900     0.00001     0.010500
20090706    -0.009300    -0.009700    -0.000300     0.00001     0.020300
20090707     0.000300    -0.001500    -0.019300     0.00001     0.011000
20090708    -0.005700    -0.011100    -0.002000     0.00001     0.011100
20090709    -0.005900     0.012400     0.003500     0.00001    -0.010900
20090710     0.009400    -0.005100    -0.003500     0.00001     0.003300
20090713    -0.006800     0.018100     0.024300     0.00001    -0.004400
20090714     0.003300     0.006300     0.005900     0.00001    -0.007700
20090715     0.005500     0.013900     0.029800     0.00001    -0.015600
20090716     0.004700    -0.001000     0.009400     0.00001    -0.008600
20090717    -0.002300    -0.000400    -0.000500     0.00001     0.005300
20090720     0.003200     0.003700     0.011900     0.00001    -0.014300
20090721    -0.005400    -0.008100     0.003100     0.00001     0.004900
20090722     0.006000     0.003400     0.000800     0.00001    -0.002800
20090723     0.006000     0.011000     0.023700     0.00001    -0.017800
20090724     0.003100     0.001500     0.003800     0.00001    -0.011000
20090727     0.001000     0.009900     0.003000     0.00001    -0.012200
20090728     0.002900    -0.003500    -0.002000     0.00001     0.005100
20090729    -0.001300    -0.008300    -0.004600     0.00001     0.013100
20090730     0.003100     0.014500     0.012400     0.00001    -0.022400
20090731    -0.001600     0.012700     0.000500     0.00001    -0.012300
20090803     0.000900     0.016700     0.016300     0.00001    -0.020700
20090804     0.004400     0.008500     0.003200     0.00001    -0.013300
20090805    -0.011000     0.017200    -0.003000     0.00001    -0.014700
20090806    -0.009900     0.000600    -0.006200     0.00001    -0.005300
20090807     0.009900     0.011900     0.014400     0.00001    -0.011400
20090810     0.004900     0.002600    -0.003200     0.00001    -0.007000
20090811    -0.000800    -0.011500    -0.012500     0.00001     0.016100
20090812     0.004300     0.005500     0.012100     0.00001    -0.007700
20090813    -0.003000     0.011000     0.007300     0.00001    -0.015900
20090814    -0.012000    -0.002800    -0.009700     0.00001     0.003100
20090817    -0.001100    -0.017000    -0.024600     0.00001     0.020000
20090818     0.004700     0.013100     0.011100     0.00001    -0.010700
20090819     0.004300    -0.004000     0.007200     0.00001     0.001600
20090820    -0.000400     0.008500     0.010000     0.00001    -0.007600
20090821     0.003500     0.006800     0.018300     0.00001    -0.010300
20090824     0.000800    -0.002700    -0.000900     0.00001    -0.003500
20090825     0.001800     0.006600     0.002700     0.00001     0.001800
20090826     0.001400     0.001200    -0.000100     0.00001     0.000600
20090827    -0.001500     0.005300     0.002100     0.00001    -0.008100
20090828    -0.003700     0.005400    -0.001900     0.00001    -0.006400
20090831    -0.004700    -0.006300    -0.008600     0.00001     0.008300
20090901     0.000900    -0.020200    -0.021500     0.00000     0.016700
20090902     0.001400    -0.007100    -0.002800     0.00000     0.003400
20090903     0.000300     0.010900     0.009300     0.00000    -0.008700
20090904     0.002500     0.002600     0.013100     0.00000    -0.006800
20090908     0.002000     0.001000     0.008800     0.00000    -0.005800
20090909     0.008100     0.006900     0.009000     0.00000    -0.004600
20090910     0.004600     0.009400     0.010800     0.00000    -0.009500
20090911     0.001400    -0.000800    -0.001000     0.00000    -0.007900
20090914     0.000900     0.006500     0.006500     0.00000    -0.009400
20090915     0.005700     0.005800     0.004400     0.00000    -0.011100
20090916     0.004200     0.013000     0.015500     0.00000    -0.017400
20090917    -0.000600    -0.003300    -0.003000     0.00000     0.002000
20090918     0.001000    -0.001900     0.002300     0.00000     0.002000
20090921    -0.001600    -0.006600    -0.002700     0.00000     0.007000
20090922    -0.000800     0.015100     0.006600     0.00000    -0.012200
20090923     0.001400    -0.009000    -0.010000     0.00000     0.005600
20090924    -0.006500    -0.013200    -0.010700     0.00000     0.010500
20090925     0.001800    -0.005100    -0.006400     0.00000     0.000600
20090928     0.003700     0.010400     0.017900     0.00000    -0.002200
20090929    -0.000500     0.003600    -0.001200     0.00000    -0.000700
20090930    -0.005500    -0.006300    -0.004000     0.00000     0.006300
20091001    -0.006100    -0.013800    -0.026300     0.00000     0.006000
20091002    -0.003200    -0.001500    -0.004900     0.00000     0.001800
20091005     0.000800     0.018300     0.015400     0.00000    -0.003000
20091006     0.005400     0.002500     0.014200     0.00000     0.003800
20091007    -0.003700     0.005600     0.002800     0.00000    -0.001400
20091008     0.003100     0.003400     0.008200     0.00000    -0.001800
20091009     0.005900    -0.002300     0.005900     0.00000     0.000700
20091012    -0.005200     0.003300     0.003600     0.00000    -0.002200
20091013     0.001200    -0.001900    -0.002200     0.00000     0.001800
20091014     0.000400     0.011200     0.017300     0.00000     0.002500
20091015    -0.002400    -0.004600     0.003500     0.00000     0.000700
20091016    -0.000100    -0.012700    -0.008200     0.00000    -0.000700
20091019     0.000800     0.000200     0.009200     0.00000     0.003900
20091020    -0.007000    -0.005000    -0.006900     0.00000     0.000500
20091021    -0.000800    -0.005400    -0.009000     0.00000     0.003100
20091022     0.000300     0.006500     0.010500     0.00000    -0.004600
20091023    -0.008000    -0.010200    -0.012300     0.00000     0.001800
20091026     0.000100    -0.013600    -0.012000     0.00000     0.001800
20091027    -0.006200    -0.006100    -0.005100     0.00000    -0.015300
20091028    -0.015000    -0.014000    -0.021600     0.00000    -0.019600
20091029    -0.002400     0.016500     0.022000     0.00000     0.012400
20091030    -0.000800    -0.018700    -0.028000     0.00000    -0.002300
20091102    -0.007900    -0.003200     0.005400     0.00000     0.004900
20091103     0.010400     0.007500     0.004500     0.00000     0.007600
20091104    -0.010400    -0.004900     0.000300     0.00000     0.001200
20091105     0.011500     0.006200     0.020700     0.00000     0.006000
20091106    -0.002400    -0.004600     0.002400     0.00000    -0.000900
20091109    -0.004200     0.013600     0.021700     0.00000     0.006100
20091110    -0.007900    -0.000700    -0.000500     0.00000     0.003200
20091111     0.003000     0.003300     0.005200     0.00000     0.000600
20091112    -0.008800    -0.007500    -0.011200     0.00000    -0.003300
20091113     0.003500    -0.000500     0.006100     0.00000     0.006100
20091116     0.012900     0.001900     0.015400     0.00000     0.003600
20091117    -0.002200    -0.000400     0.001400     0.00000    -0.001800
20091118    -0.004800     0.004500    -0.001300     0.00000    -0.004000
20091119    -0.007800    -0.005800    -0.013900     0.00000    -0.008500
20091120     0.002000    -0.004700    -0.003300     0.00000    -0.006700
20091123     0.003900    -0.000900     0.013000     0.00000    -0.000800
20091124    -0.001100    -0.004200    -0.000900     0.00000    -0.004700
20091125    -0.004200     0.001200     0.004700     0.00000     0.004000
20091127    -0.005500    -0.007800    -0.017400     0.00000    -0.005200
20091130    -0.003900     0.007500     0.002800     0.00000    -0.001800
20091201     0.006200    -0.002800     0.012800     0.00000     0.005600
20091202     0.010300    -0.003000     0.001800     0.00000     0.002700
20091203    -0.002700    -0.003300    -0.008600     0.00000    -0.002700
20091204     0.015400     0.007600     0.007000     0.00000    -0.001700
20091207     0.005100    -0.002600    -0.001500     0.00000    -0.002500
20091208     0.000500    -0.001400    -0.009700     0.00000     0.000000
20091209    -0.002000     0.000000     0.003200     0.00000     0.003500
20091210    -0.009500    -0.000900     0.005000     0.00000     0.002700
20091211     0.002900     0.004700     0.004300     0.00000    -0.005400
20091214     0.006400     0.003500     0.008000     0.00000     0.010100
20091215     0.003100    -0.005900    -0.004800     0.00000     0.001400
20091216     0.004500     0.007200     0.001900     0.00000     0.007300
20091217     0.002400    -0.003400    -0.011800     0.00000    -0.002900
20091218     0.002200     0.002400     0.006800     0.00000    -0.000800
20091221     0.001600     0.003300     0.010300     0.00000     0.004100
20091222     0.005800    -0.001100     0.004300     0.00000     0.002600
20091223     0.009200    -0.003800     0.003600     0.00000     0.007600
20091224    -0.000900     0.001900     0.005100     0.00000     0.002500
20091228    -0.001100    -0.002800     0.000800     0.00000    -0.001700
20091229     0.001000    -0.000900    -0.000900     0.00000    -0.003800
20091230    -0.000700    -0.000900     0.000000     0.00000    -0.000900
20091231    -0.002000     0.003200    -0.009900     0.00000     0.000500
20100104     0.005800     0.011200     0.016900     0.00000     0.006700
20100105    -0.005900     0.012100     0.003100     0.00000     0.006500
20100106    -0.002500     0.005100     0.001300     0.00000    -0.000200
20100107     0.000800     0.009300     0.004000     0.00000    -0.008500
20100108     0.004000     0.000100     0.003300     0.00000     0.002400
20100111    -0.001400    -0.002100     0.001300     0.00000    -0.004900
20100112    -0.002000    -0.013100    -0.010000     0.00000    -0.012100
20100113     0.002700     0.003400     0.008500     0.00000     0.003900
20100114     0.002800     0.000500     0.002400     0.00000    -0.001200
20100115    -0.001300    -0.003900    -0.011200     0.00000    -0.005200
20100119     0.004300    -0.001600     0.012600     0.00000     0.001300
20100120    -0.005900     0.002400    -0.009800     0.00000    -0.005600
20100121     0.004100    -0.011500    -0.017400     0.00000    -0.010100
20100122     0.005500    -0.008200    -0.021400     0.00000    -0.015300
20100125    -0.002100     0.003300     0.003700     0.00000     0.005400
20100126    -0.000800    -0.004600    -0.004500     0.00000     0.000000
20100127     0.002300     0.001600     0.005300     0.00000    -0.001500
20100128    -0.006600     0.004700    -0.011800     0.00000    -0.006700
20100129    -0.000400    -0.004400    -0.009700     0.00000    -0.012300
20100201    -0.002100     0.009100     0.013900     0.00000     0.013800
20100202    -0.004100     0.006700     0.012100     0.00000     0.004800
20100203     0.000900    -0.004000    -0.004900     0.00000     0.002300
20100204    -0.001500    -0.011800    -0.031400     0.00000    -0.015700
20100205    -0.000400    -0.000400     0.002900     0.00000     0.000300
20100208     0.000500    -0.003600    -0.007900     0.00000     0.000100
20100209     0.003200     0.005700     0.013300     0.00000     0.008800
20100210     0.002500     0.003000    -0.001700     0.00000     0.002000
20100211     0.007200     0.000800     0.011300     0.00000     0.009000
20100212     0.009600     0.001400    -0.000700     0.00000     0.005000
20100216    -0.002800     0.010200     0.017500     0.00000     0.008800
20100217     0.001100     0.001200     0.004900     0.00000     0.000100
20100218     0.001000     0.000000     0.006200     0.00000     0.001200
20100219     0.000500     0.004800     0.002800     0.00000    -0.002100
20100222    -0.000400     0.005800    -0.000500     0.00000     0.001400
20100223     0.002700    -0.009300    -0.012400     0.00000    -0.010400
20100224    -0.003500     0.005300     0.009400     0.00000     0.005200
20100225     0.002300     0.002800    -0.001300     0.00000     0.004800
20100226    -0.005500     0.003900     0.001300     0.00000     0.004100
20100301     0.012200     0.000700     0.012000     0.00000     0.011800
20100302     0.006200     0.001900     0.003200     0.00000     0.001300
20100303     0.001700     0.000900     0.000900     0.00000     0.000800
20100304     0.000900     0.002300     0.003700     0.00000     0.003600
20100305     0.004000     0.006100     0.014300     0.00000     0.008700
20100308     0.000900     0.002700     0.000200     0.00000     0.000900
20100309     0.002400    -0.000900     0.002100     0.00000     0.003800
20100310     0.000600     0.006800     0.005300     0.00000     0.003800
20100311    -0.000900    -0.001200     0.004300     0.00000    -0.000800
20100312     0.000300    -0.002800    -0.000200     0.00000     0.002800
20100315    -0.003100    -0.004800    -0.000200     0.00000    -0.006700
20100316    -0.001400     0.006000     0.007800     0.00000     0.003200
20100317     0.000600     0.003600     0.005700     0.00000     0.001000
20100318    -0.001700    -0.005700    -0.001000     0.00000    -0.005300
20100319    -0.006000    -0.006300    -0.006200     0.00000    -0.015200
20100322     0.008800     0.000000     0.006700     0.00000     0.008900
20100323     0.003400     0.003600     0.008000     0.00000     0.008300
20100324    -0.006400     0.008300    -0.006000     0.00000     0.004200
20100325    -0.004600    -0.002600    -0.002600     0.00000    -0.001500
20100326    -0.000800     0.003100     0.000600     0.00000     0.003400
20100329    -0.000700     0.001900     0.005900     0.00000     0.001600
20100330     0.002900    -0.004500     0.000400     0.00000    -0.001100
20100331    -0.004900     0.001600    -0.003600     0.00000    -0.001400
20100401    -0.000100     0.007900     0.007500     0.00001     0.006400
20100405     0.010700     0.009200     0.009500     0.00001     0.010400
20100406     0.002400     0.004600     0.001900     0.00001     0.002400
20100407     0.002100     0.002500    -0.004800     0.00001    -0.004300
20100408    -0.002800     0.003900     0.003100     0.00001     0.002500
20100409    -0.001200     0.001600     0.006600     0.00001     0.000800
20100412     0.002700     0.000600     0.002300     0.00001    -0.001300
20100413     0.001600    -0.000400     0.000700     0.00001     0.001600
20100414     0.008700     0.014000     0.012400     0.00001     0.008900
20100415     0.005900    -0.000400     0.001100     0.00001     0.002200
20100416     0.008000    -0.018400    -0.015300     0.00001    -0.007900
20100419    -0.008500    -0.000800     0.002800     0.00001    -0.006200
20100420     0.006500     0.005500     0.008800     0.00001     0.003800
20100421     0.007100     0.002100    -0.000600     0.00001     0.006300
20100422     0.008000     0.004900     0.003700     0.00001     0.010100
20100423     0.003700     0.005700     0.007000     0.00001     0.002700
20100426     0.004500    -0.003100    -0.004300     0.00001     0.003100
20100427     0.001100    -0.014000    -0.023400     0.00001    -0.012800
20100428    -0.007400     0.007300     0.005600     0.00001     0.000200
20100429     0.004600     0.004600     0.013400     0.00001     0.009600
20100430    -0.009600    -0.009200    -0.017200     0.00001    -0.011100
20100503     0.006200     0.005800     0.013600     0.00001     0.008100
20100504    -0.005700    -0.008900    -0.025000     0.00001    -0.009600
20100505    -0.007400    -0.006200    -0.007500     0.00001    -0.006100
20100506    -0.002800    -0.008900    -0.032700     0.00001    -0.008800
20100507    -0.013400    -0.004800    -0.017500     0.00001    -0.011300
20100510     0.009700     0.011700     0.044700     0.00001     0.026200
20100511     0.011500    -0.001500    -0.001700     0.00001     0.002900
20100512     0.014700     0.001900     0.016300     0.00001     0.013100
20100513     0.003100    -0.003000    -0.011200     0.00001    -0.005400
20100514    -0.002600    -0.007600    -0.019200     0.00001    -0.013000
20100517     0.000400    -0.005700     0.001100     0.00001    -0.005700
20100518    -0.002400    -0.009600    -0.014100     0.00001    -0.008600
20100519    -0.009700     0.000300    -0.006300     0.00001    -0.006600
20100520    -0.009000    -0.011600    -0.039900     0.00001    -0.012600
20100521    -0.004500     0.015800     0.014400     0.00001     0.014800
20100524     0.003300    -0.009100    -0.011900     0.00001     0.003700
20100525    -0.004700     0.005400    -0.000300     0.00001     0.004600
20100526     0.008200     0.003700    -0.003500     0.00001     0.005100
20100527     0.006600     0.016100     0.034500     0.00001     0.019900
20100528     0.000500    -0.006400    -0.011800     0.00001    -0.003300
20100601    -0.010900    -0.015600    -0.018900     0.00001    -0.003400
20100602     0.001800     0.004300     0.026300     0.00001     0.006200
20100603     0.007000    -0.002800     0.005400     0.00001     0.000300
20100604    -0.012200    -0.007000    -0.036200     0.00001    -0.013300
20100607    -0.010800    -0.010600    -0.015200     0.00001    -0.012800
20100608    -0.014500     0.001700     0.009000     0.00001    -0.003200
20100609     0.007400    -0.001700    -0.004600     0.00001     0.003900
20100610     0.003900     0.008900     0.029500     0.00001     0.009500
20100611     0.009200     0.000500     0.006200     0.00001     0.006600
20100614     0.006600     0.000200    -0.000600     0.00001     0.005700
20100615     0.000800     0.009100     0.023600     0.00001     0.004600
20100616    -0.002000    -0.003100    -0.001100     0.00001     0.001400
20100617    -0.001700    -0.004700     0.000800     0.00001    -0.000100
20100618    -0.000100     0.002300     0.001300     0.00001    -0.001200
20100621    -0.005500     0.000000    -0.004700     0.00001    -0.001900
20100622    -0.003500    -0.007500    -0.016300     0.00001    -0.006100
20100623    -0.000500     0.002200    -0.002900     0.00001     0.000100
20100624     0.001000    -0.008900    -0.016500     0.00001    -0.005200
20100625     0.010400     0.010200     0.004800     0.00001     0.006300
20100628    -0.000200    -0.007200    -0.002300     0.00001    -0.002600
20100629    -0.006600    -0.012800    -0.032300     0.00001    -0.019400
20100630     0.000400    -0.003600    -0.009800     0.00001    -0.003700
20100701    -0.003100    -0.004200    -0.004000     0.00001    -0.001900
20100702    -0.003000    -0.004300    -0.005000     0.00001    -0.006900
20100706    -0.020000     0.000800     0.003300     0.00001    -0.004300
20100707     0.000600     0.004500     0.031700     0.00001     0.015400
20100708     0.005700     0.000000     0.010000     0.00001     0.002000
20100709     0.006500     0.005900     0.008100     0.00001     0.005400
20100712    -0.011800     0.000600    -0.001100     0.00001    -0.006100
20100713     0.016100     0.006600     0.017600     0.00001     0.005100
20100714    -0.001500    -0.007500    -0.000400     0.00001     0.000100
20100715    -0.008600    -0.001000     0.000200     0.00001    -0.005300
20100716    -0.005700    -0.009600    -0.029400     0.00001    -0.010200
20100719    -0.001500    -0.001800     0.005400     0.00001    -0.003400
20100720     0.006500     0.001300     0.012300     0.00001     0.005600
20100721    -0.003800    -0.004100    -0.013000     0.00001     0.003100
20100722     0.012500     0.005500     0.023700     0.00001     0.005500
20100723     0.014800    -0.002300     0.010500     0.00001     0.005600
20100726     0.008800     0.001200     0.012300     0.00001     0.001200
20100727    -0.003300     0.003500    -0.002300     0.00001    -0.006400
20100728    -0.009000    -0.000300    -0.008200     0.00001    -0.000900
20100729     0.003200     0.006600    -0.003600     0.00001     0.002000
20100730     0.000400    -0.002100     0.000600     0.00001     0.001700
20100802    -0.005300     0.001500     0.020800     0.00001    -0.002700
20100803    -0.004100    -0.005000    -0.005500     0.00001    -0.001400
20100804     0.004300    -0.001000     0.007400     0.00001     0.001800
20100805    -0.008200     0.001300    -0.002200     0.00001    -0.000200
20100806    -0.001600    -0.003400    -0.003600     0.00001    -0.000500
20100809     0.006200     0.000500     0.006200     0.00001     0.001200
20100810    -0.012300    -0.002200    -0.007900     0.00001     0.002000
20100811    -0.010700    -0.006500    -0.029100     0.00001    -0.003700
20100812    -0.000600    -0.000400    -0.005000     0.00001    -0.001100
20100813    -0.008000     0.002300    -0.004700     0.00001    -0.000700
20100816     0.009200    -0.002000     0.001000     0.00001     0.001900
20100817     0.005900    -0.001700     0.013100     0.00001     0.004100
20100818     0.000600     0.000700     0.002100     0.00001     0.002300
20100819    -0.008300    -0.004300    -0.017400     0.00001     0.000500
20100820     0.002800    -0.002300    -0.002800     0.00001     0.001600
20100823    -0.009400    -0.004400    -0.005000     0.00001    -0.004700
20100824     0.001500     0.001400    -0.014800     0.00001    -0.003700
20100825     0.010400     0.000000     0.004500     0.00001     0.000700
20100826    -0.000700    -0.002500    -0.007600     0.00001     0.003800
20100827     0.009300     0.003700     0.018200     0.00001     0.004800
20100830    -0.008300    -0.004000    -0.015400     0.00001    -0.000700
20100831    -0.002600     0.007600     0.000100     0.00001     0.004800
20100901     0.006300     0.004800     0.030500     0.00001     0.004900
20100902     0.002700    -0.003000     0.009700     0.00001     0.002900
20100903     0.003400     0.002000     0.013500     0.00001     0.001800
20100907    -0.007800    -0.007400    -0.012300     0.00001     0.001900
20100908     0.000200     0.001600     0.006500     0.00001     0.000700
20100909    -0.004900     0.005500     0.004400     0.00001    -0.006900
20100910    -0.000900    -0.001300     0.004500     0.00001     0.000300
20100913     0.011200     0.002100     0.013000     0.00001    -0.001900
20100914    -0.002300    -0.005200    -0.000600     0.00001     0.001400
20100915     0.001000    -0.002300     0.003600     0.00001    -0.000700
20100916    -0.005100    -0.006800    -0.000700     0.00001     0.002200
20100917     0.006100    -0.005900     0.001500     0.00001     0.003500
20100920     0.011300     0.002300     0.016000     0.00001    -0.000800
20100921    -0.002800    -0.003200    -0.003100     0.00001     0.001100
20100922    -0.005600    -0.005300    -0.005200     0.00001     0.004600
20100923    -0.000800    -0.006900    -0.007800     0.00001     0.000800
20100924     0.009900     0.004900     0.021900     0.00001     0.000100
20100927     0.002100    -0.004400    -0.004600     0.00001     0.000800
20100928     0.005300     0.001000     0.005800     0.00001    -0.000400
20100929     0.006600    -0.002600    -0.001700     0.00001    -0.000100
20100930     0.000400     0.002900    -0.002600     0.00001    -0.005400
20101001    -0.000600     0.002100     0.004300     0.00001    -0.002800
20101004    -0.007200    -0.000600    -0.008800     0.00001     0.004000
20101005     0.007700     0.001500     0.021100     0.00001     0.002400
20101006    -0.003700     0.004900    -0.001000     0.00001    -0.006200
20101007     0.000500    -0.002900    -0.001600     0.00001     0.002300
20101008     0.009600    -0.001100     0.007400     0.00001    -0.000300
20101011     0.000300    -0.002100     0.000400     0.00001    -0.001400
20101012    -0.000500     0.001800     0.003900     0.00001    -0.002800
20101013     0.008700    -0.003500     0.007800     0.00001     0.000700
20101014     0.004100    -0.004200    -0.003800     0.00001     0.008400
20101015    -0.000500    -0.012700     0.001800     0.00001     0.002100
20101018     0.000600     0.008600     0.006900     0.00001    -0.008400
20101019    -0.006900     0.002500    -0.016700     0.00001    -0.000100
20101020     0.000700     0.001100     0.010600     0.00001    -0.000300
20101021    -0.005300    -0.005000     0.001100     0.00001     0.004900
20101022     0.004600    -0.004200     0.002900     0.00001     0.002600
20101025     0.004700    -0.005200     0.003100     0.00001     0.003500
20101026     0.000100    -0.001800     0.000200     0.00001    -0.000700
20101027    -0.001900    -0.002200    -0.002400     0.00001     0.000700
20101028    -0.006000    -0.000700     0.000800     0.00001     0.000800
20101029     0.003200    -0.001000     0.000700     0.00001     0.001400
20101101    -0.006400    -0.002000    -0.000100     0.00001     0.001700
20101102     0.013200    -0.001900     0.009000     0.00001     0.000900
20101103    -0.000600     0.001800     0.003800     0.00001     0.001200
20101104     0.004600     0.010500     0.019400     0.00001    -0.003200
20101105    -0.000900     0.006700     0.004100     0.00001    -0.005800
20101108     0.004400    -0.004900    -0.001200     0.00001     0.001000
20101109    -0.004000    -0.004900    -0.007800     0.00001    -0.002800
20101110     0.005600     0.005400     0.005300     0.00001    -0.000800
20101111    -0.000700    -0.000800    -0.003500     0.00001     0.002900
20101112    -0.004900    -0.000600    -0.012900     0.00001    -0.001900
20101115     0.002000     0.003200    -0.000900     0.00001     0.000900
20101116    -0.003400    -0.001500    -0.015800     0.00001    -0.002200
20101117     0.003500    -0.002900     0.000700     0.00001     0.005100
20101118     0.003100    -0.002900     0.015700     0.00001     0.005800
20101119     0.002100    -0.001800     0.003100     0.00001     0.005500
20101122     0.006000    -0.009300    -0.000200     0.00001     0.010900
20101123     0.004800    -0.002800    -0.013800     0.00001     0.000200
20101124     0.006600     0.000300     0.015900     0.00001     0.007100
20101126     0.003000    -0.003500    -0.006700     0.00001     0.003800
20101129     0.000100     0.004200    -0.001300     0.00001    -0.003100
20101130    -0.002100    -0.000300    -0.005900     0.00001     0.000800
20101201    -0.001000     0.000200     0.021200     0.00001     0.002400
20101202    -0.003100     0.006500     0.012300     0.00001    -0.004100
20101203     0.003900     0.000500     0.003500     0.00001     0.000700
20101206     0.007500    -0.000500    -0.000300     0.00001     0.002300
20101207     0.003600     0.000000     0.001000     0.00001     0.000000
20101208    -0.005100     0.006200     0.003200     0.00001    -0.006800
20101209     0.000000     0.006500     0.004200     0.00001    -0.000200
20101210     0.004400     0.002400     0.006700     0.00001    -0.002700
20101213    -0.005800     0.000800    -0.000800     0.00001    -0.002800
20101214    -0.000500    -0.001100     0.000900     0.00001    -0.004700
20101215     0.002100    -0.005400    -0.004900     0.00001    -0.000200
20101216     0.004300    -0.001100     0.007000     0.00001     0.001100
20101217     0.001700    -0.001200     0.001500     0.00001    -0.000500
20101220     0.000000     0.003300     0.002300     0.00001     0.000600
20101221     0.003500     0.007300     0.006800     0.00001     0.001500
20101222    -0.003800     0.008100     0.002900     0.00001    -0.009400
20101223     0.000700    -0.003100    -0.001600     0.00001    -0.001400
20101227     0.002200     0.004300     0.000800     0.00001    -0.002400
20101228    -0.004400     0.001700     0.000000     0.00001    -0.002400
20101229     0.001100    -0.001700     0.001700     0.00001     0.002300
20101230     0.001400    -0.000300    -0.001100     0.00001     0.000000
20101231    -0.006400     0.002300    -0.001000     0.00001    -0.001500
20110103     0.005100     0.007900     0.011800     0.00000    -0.000100
20110104    -0.013800     0.001100    -0.002600     0.00000    -0.005900
20110105     0.006000     0.001400     0.005900     0.00000     0.001200
20110106    -0.000600    -0.003200    -0.001500     0.00000    -0.005000
20110107    -0.002600    -0.003100    -0.002100     0.00000     0.003500
20110110     0.005600    -0.001400    -0.000200     0.00000     0.007000
20110111     0.001200     0.002200     0.003900     0.00000    -0.002400
20110112    -0.000500     0.002600     0.008700     0.00000    -0.003300
20110113     0.001400    -0.003800    -0.001700     0.00000     0.003000
20110114     0.000200     0.005000     0.006900     0.00000    -0.001900
20110118     0.000700    -0.004200     0.001800     0.00000    -0.003500
20110119    -0.013700    -0.005500    -0.012400     0.00000    -0.001300
20110120    -0.010300     0.007500    -0.003000     0.00000    -0.012100
20110121    -0.008900     0.005600     0.001100     0.00000    -0.001400
20110124     0.003000    -0.002200     0.006500     0.00000     0.001900
20110125    -0.000200     0.001000     0.000200     0.00000    -0.001500
20110126     0.013700    -0.002200     0.006000     0.00000     0.012500
20110127    -0.001000     0.002900     0.002600     0.00000     0.000200
20110128    -0.008800    -0.000400    -0.018800     0.00000    -0.001600
20110131     0.000000    -0.002700     0.007100     0.00000     0.006300
20110201     0.005000     0.005300     0.017500     0.00001     0.005200
20110202    -0.000700    -0.004000    -0.002600     0.00001     0.000000
20110203    -0.000500    -0.001000     0.002600     0.00001     0.000700
20110204     0.000900    -0.005600     0.002900     0.00001     0.000700
20110207     0.002600     0.006000     0.007000     0.00001     0.002200
20110208     0.002300     0.000000     0.004800     0.00001     0.001100
20110209    -0.002000    -0.000800    -0.003100     0.00001    -0.000400
20110210     0.003500    -0.003000     0.001200     0.00001     0.007600
20110211     0.004100     0.005000     0.006700     0.00001     0.004700
20110214     0.002100    -0.001400     0.003000     0.00001     0.005100
20110215    -0.003700     0.002900    -0.003800     0.00001    -0.002900
20110216     0.003700     0.002600     0.006800     0.00001     0.001000
20110217     0.003800     0.002100     0.003700     0.00001     0.001400
20110218    -0.001400    -0.000200     0.001200     0.00001    -0.005200
20110222    -0.005100    -0.003600    -0.021900     0.00001    -0.008100
20110223    -0.011600     0.004100    -0.007800     0.00001    -0.002400
20110224     0.007200    -0.003300     0.000400     0.00001     0.004200
20110225     0.010100     0.002300     0.012200     0.00001     0.006500
20110228    -0.004400     0.002700     0.004200     0.00001    -0.002300
20110301    -0.003100    -0.000600    -0.015800     0.00000    -0.002300
20110302     0.003200    -0.002400     0.002800     0.00000     0.005100
20110303     0.004400    -0.000400     0.017600     0.00000     0.008100
20110304     0.002900    -0.005300    -0.006700     0.00000     0.003400
20110307    -0.007200     0.001100    -0.009600     0.00000    -0.003300
20110308     0.004600     0.006800     0.009700     0.00000    -0.004100
20110309    -0.002600     0.003200    -0.001700     0.00000    -0.008700
20110310    -0.007300    -0.003000    -0.019300     0.00000    -0.007700
20110311    -0.003300     0.001400     0.006900     0.00000     0.003200
20110314     0.001000    -0.003900    -0.005900     0.00000     0.002900
20110315     0.002800    -0.001400    -0.010500     0.00000     0.002500
20110316     0.006300    -0.000900    -0.017700     0.00000    -0.000300
20110317    -0.008300     0.005800     0.011200     0.00000     0.005800
20110318     0.005800     0.002400     0.004900     0.00000    -0.004500
20110321     0.009700    -0.002300     0.015800     0.00000     0.012600
20110322    -0.001000    -0.000600    -0.003400     0.00000    -0.001600
20110323     0.001600    -0.004000     0.003100     0.00000     0.004800
20110324    -0.001100    -0.004100     0.009600     0.00000     0.003000
20110325     0.004400    -0.000400     0.004100     0.00000     0.006200
20110328     0.000400    -0.002000    -0.003500     0.00000    -0.001500
20110329     0.002600    -0.001900     0.007400     0.00000     0.005400
20110330     0.004400     0.000800     0.007900     0.00000     0.002400
20110331     0.005800    -0.003200    -0.001100     0.00000     0.002200
20110401    -0.001000     0.002300     0.005200     0.00000     0.000000
20110404     0.002500    -0.001200     0.000900     0.00000     0.001500
20110405     0.004800    -0.001900     0.000800     0.00000    -0.000500
20110406    -0.002100     0.005900     0.002100     0.00000    -0.011900
20110407    -0.002100    -0.001700    -0.002000     0.00000    -0.000900
20110408    -0.005500    -0.002700    -0.004700     0.00000     0.001000
20110411    -0.006400    -0.001100    -0.003900     0.00000    -0.005500
20110412    -0.006600     0.000300    -0.008400     0.00000    -0.006900
20110413     0.001500    -0.006900     0.001100     0.00000     0.009100
20110414     0.003800    -0.003500     0.000000     0.00000     0.002900
20110415     0.005800    -0.000600     0.004400     0.00000     0.002000
20110418    -0.003900    -0.003400    -0.011500     0.00000    -0.003700
20110419    -0.003500    -0.001600     0.005000     0.00000     0.003500
20110420     0.006100    -0.006100     0.014500     0.00000     0.006900
20110421     0.003100    -0.000500     0.005600     0.00000     0.007800
20110425    -0.000600    -0.000400    -0.001600     0.00000    -0.001700
20110426     0.001400    -0.000300     0.008900     0.00000    -0.003900
20110427    -0.000800    -0.002300     0.006600     0.00000    -0.001200
20110428    -0.001300     0.001200     0.003200     0.00000    -0.002800
20110429     0.002100    -0.000500     0.002900     0.00000     0.006600
20110502    -0.009000    -0.001400    -0.002800     0.00000    -0.006700
20110503    -0.010200     0.004200    -0.005000     0.00000    -0.013800
20110504    -0.005400    -0.001600    -0.007400     0.00000    -0.008600
20110505     0.005000    -0.003400    -0.008200     0.00000    -0.003100
20110506     0.000200    -0.001600     0.004600     0.00000     0.005400
20110509     0.006700    -0.004300     0.005500     0.00000     0.012000
20110510     0.006600     0.002400     0.008600     0.00000     0.000600
20110511    -0.006100    -0.004400    -0.010900     0.00000    -0.011200
20110512     0.003600    -0.004300     0.005200     0.00000    -0.002400
20110513    -0.004600    -0.003200    -0.008800     0.00000    -0.000600
20110516    -0.010000     0.004400    -0.007600     0.00000    -0.007200
20110517    -0.004700     0.001200    -0.001100     0.00000    -0.004600
20110518     0.006700    -0.003000     0.010200     0.00000     0.011700
20110519    -0.000200    -0.001100     0.002200     0.00000     0.002900
20110520     0.000700    -0.002200    -0.007300     0.00000     0.003000
20110523    -0.005400     0.000100    -0.012900     0.00000    -0.006000
20110524    -0.002900    -0.000100    -0.001400     0.00000     0.003400
20110525     0.010200    -0.003600     0.004500     0.00000     0.011900
20110526     0.006700    -0.001500     0.005200     0.00000     0.005100
20110527     0.001800     0.002300     0.004900     0.00000     0.001000
20110531     0.004200    -0.000500     0.010400     0.00000     0.002500
20110601    -0.007400    -0.002500    -0.023300     0.00000    -0.002600
20110602    -0.000300     0.001200    -0.001000     0.00000     0.000800
20110603    -0.005500     0.001800    -0.011000     0.00000    -0.001500
20110606    -0.002700    -0.003300    -0.011800     0.00000    -0.006700
20110607     0.003100    -0.001300    -0.000400     0.00000     0.005200
20110608    -0.007300     0.000400    -0.005400     0.00000    -0.002700
20110609    -0.000700     0.000200     0.007500     0.00000     0.004500
20110610    -0.002400     0.004400    -0.013700     0.00000    -0.006200
20110613    -0.005500     0.003600     0.000100     0.00000    -0.006100
20110614     0.010500    -0.003700     0.013600     0.00000     0.009100
20110615    -0.000200    -0.001600    -0.017200     0.00000    -0.004500
20110616    -0.000700     0.004300     0.001200     0.00000    -0.008200
20110617    -0.003900     0.006400     0.002500     0.00000    -0.002300
20110620     0.003800    -0.000900     0.005800     0.00000     0.005000
20110621     0.009500    -0.003900     0.015200     0.00000     0.012000
20110622    -0.001000     0.000700    -0.006200     0.00000     0.002200
20110623     0.006400    -0.008300    -0.001400     0.00000     0.004600
20110624     0.004400     0.001200    -0.011000     0.00000    -0.003200
20110627     0.000400    -0.000400     0.008900     0.00000     0.002200
20110628     0.004200    -0.005200     0.013600     0.00000     0.012400
20110629    -0.007000     0.006600     0.007700     0.00000    -0.000100
20110630     0.001800    -0.002400     0.009900     0.00000     0.004000
20110701    -0.000300     0.001300     0.014500     0.00000     0.003400
20110705     0.002100    -0.008300    -0.000800     0.00000     0.012200
20110706     0.004200    -0.005600     0.001800     0.00000     0.003300
20110707     0.004900     0.000900     0.011000     0.00000    -0.002500
20110708    -0.000100    -0.004100    -0.006700     0.00000     0.003600
20110711    -0.001800    -0.002200    -0.019100     0.00000    -0.001600
20110712     0.000500     0.004600    -0.004500     0.00000    -0.005900
20110713     0.005700    -0.001200     0.004500     0.00000     0.003300
20110714    -0.008100     0.001400    -0.008200     0.00000    -0.001900
20110715     0.001200    -0.005300     0.005800     0.00000     0.005300
20110718    -0.005900    -0.003700    -0.009400     0.00000     0.003200
20110719     0.005700    -0.006600     0.017200     0.00000     0.004500
20110720    -0.002900     0.007300    -0.001000     0.00000    -0.005800
20110721    -0.003500     0.010500     0.012900     0.00000    -0.005200
20110722    -0.001000    -0.007500     0.001000     0.00000     0.002700
20110725    -0.005800     0.000900    -0.006800     0.00000    -0.001500
20110726    -0.003700     0.001400    -0.004700     0.00000    -0.005700
20110727    -0.008000     0.004300    -0.021600     0.00000    -0.006600
20110728     0.001300    -0.001300    -0.003100     0.00000     0.001100
20110729     0.002300     0.001200    -0.005600     0.00000     0.001200
20110801    -0.001800     0.001900    -0.004000     0.00000     0.000300
20110802    -0.004900     0.001600    -0.026800     0.00000    -0.008500
20110803     0.002700    -0.003500     0.005800     0.00000    -0.000900
20110804    -0.008400     0.003500    -0.050400     0.00000    -0.014000
20110805    -0.012300    -0.004400    -0.003600     0.00000    -0.005200
20110808    -0.014400    -0.015500    -0.069700     0.00000    -0.011200
20110809     0.009500     0.006300     0.049700     0.00000     0.016200
20110810    -0.005400    -0.014800    -0.043000     0.00000     0.014700
20110811     0.003300     0.006100     0.047200     0.00000     0.005800
20110812    -0.002000    -0.014700     0.005400     0.00000     0.011600
20110815     0.004500     0.009700     0.022500     0.00000    -0.002500
20110816    -0.007900    -0.000900    -0.010700     0.00000    -0.007000
20110817    -0.003200     0.007000    -0.000100     0.00000    -0.006200
20110818    -0.010200     0.005900    -0.046500     0.00000    -0.020000
20110819     0.001400    -0.003600    -0.015500     0.00000    -0.006000
20110822     0.000900    -0.008000    -0.000300     0.00000    -0.000300
20110823     0.012400    -0.008200     0.036000     0.00000     0.021400
20110824    -0.001400     0.009600     0.013500     0.00000    -0.003200
20110825    -0.009800     0.005500    -0.016700     0.00000    -0.004000
20110826     0.009100    -0.010600     0.017400     0.00000     0.013300
20110829     0.015600     0.008200     0.031100     0.00000     0.000800
20110830     0.002600    -0.007800     0.003200     0.00000     0.007000
20110831    -0.007400     0.002600     0.004200     0.00000    -0.003400
20110901    -0.011000    -0.007700    -0.013300     0.00000     0.006000
20110902    -0.008000    -0.006600    -0.026400     0.00000     0.003700
20110906     0.004900    -0.006400    -0.007100     0.00000     0.011300
20110907     0.009400     0.009200     0.030600     0.00000    -0.014200
20110908    -0.007600    -0.005500    -0.011800     0.00000     0.007600
20110909    -0.001800     0.000300    -0.026500     0.00000     0.001400
20110912     0.000000     0.003200     0.006800     0.00000    -0.001600
20110913     0.007500    -0.004100     0.011200     0.00000     0.000500
20110914     0.004300    -0.004000     0.014500     0.00000     0.000400
20110915    -0.005600     0.005300     0.016400     0.00000    -0.006000
20110916    -0.003800    -0.003500     0.004700     0.00000     0.005700
20110919    -0.005300    -0.012300    -0.009900     0.00000     0.018600
20110920    -0.014900     0.002700    -0.004500     0.00000     0.003200
20110921    -0.003700    -0.012200    -0.029200     0.00000     0.010600
20110922     0.001000     0.004900    -0.032900     0.00000     0.003300
20110923     0.006600     0.000000     0.007400     0.00000    -0.009000
20110926    -0.006500     0.012400     0.022800     0.00000    -0.010900
20110927     0.010700    -0.005600     0.012200     0.00000     0.000600
20110928    -0.016600    -0.001700    -0.022900     0.00000     0.003600
20110929     0.005800     0.020500     0.007700     0.00000    -0.018100
20110930    -0.001700    -0.000800    -0.025000     0.00000     0.006900
20111003    -0.019200    -0.006400    -0.031800     0.00000     0.010900
20111004     0.035800     0.003500     0.026800     0.00000    -0.015800
20111005    -0.002000    -0.004500     0.019200     0.00000    -0.004100
20111006     0.002600     0.005000     0.019400     0.00000    -0.010700
20111007    -0.012700    -0.013300    -0.009800     0.00000     0.017700
20111010     0.004700     0.006000     0.034400     0.00000    -0.005100
20111011     0.006900    -0.001700     0.001500     0.00000    -0.003100
20111012     0.004900     0.008900     0.010700     0.00000    -0.013200
20111013     0.002500    -0.012000    -0.002100     0.00000     0.009000
20111014     0.001400    -0.003500     0.017200     0.00000     0.001800
20111017    -0.012900    -0.004500    -0.020600     0.00000     0.009000
20111018     0.006300     0.015100     0.021100     0.00000    -0.020700
20111019    -0.007800     0.003800    -0.013800     0.00000     0.004400
20111020    -0.002900     0.006900     0.004200     0.00000    -0.004600
20111021     0.001400     0.000200     0.019200     0.00000    -0.004800
20111024     0.017700    -0.004100     0.015900     0.00000    -0.013700
20111025    -0.008900    -0.003400    -0.021300     0.00000     0.010000
20111026     0.007100     0.007900     0.011200     0.00000    -0.006800
20111027     0.014100     0.008200     0.035400     0.00000    -0.026500
20111028    -0.005400    -0.004800    -0.000100     0.00000    -0.004500
20111031     0.000500    -0.007900    -0.025000     0.00000     0.022300
20111101    -0.005600    -0.010800    -0.028600     0.00000     0.017700
20111102     0.007800     0.009900     0.017200     0.00000    -0.008700
20111103     0.006100    -0.001900     0.019700     0.00000    -0.003600
20111104     0.000300    -0.005900    -0.005300     0.00000    -0.001000
20111107    -0.007000     0.004000     0.004800     0.00000    -0.000900
20111108     0.000000     0.004700     0.012100     0.00000    -0.004300
20111109    -0.008100    -0.006400    -0.037800     0.00000     0.018300
20111110     0.000500     0.005800     0.008300     0.00000    -0.000800
20111111     0.004700    -0.002300     0.019800     0.00000    -0.004200
20111114    -0.004700    -0.007900    -0.009200     0.00000     0.008400
20111115     0.008700    -0.002600     0.005600     0.00000     0.003900
20111116    -0.001600    -0.001700    -0.016400     0.00000     0.002900
20111117     0.001900     0.002000    -0.016500     0.00000     0.012100
20111118     0.000600     0.009200    -0.000700     0.00000    -0.000500
20111121    -0.004900    -0.000800    -0.018700     0.00000     0.009100
20111122    -0.002700    -0.005500    -0.004400     0.00000     0.009400
20111123    -0.007000    -0.002800    -0.022900     0.00000     0.007400
20111125    -0.009900     0.004600    -0.003400     0.00000    -0.000500
20111128     0.016100    -0.007000     0.031000     0.00000    -0.003900
20111129    -0.004900     0.001700     0.001800     0.00000     0.005200
20111130     0.010400     0.010700     0.044400     0.00000    -0.018800
20111201    -0.005000    -0.006500    -0.002200     0.00000     0.002600
20111202     0.004500     0.006200     0.000500     0.00000    -0.005500
20111205     0.002800     0.003000     0.010900     0.00000    -0.009700
20111206    -0.000800     0.000800     0.000400     0.00000     0.000900
20111207    -0.003100     0.007300     0.001600     0.00000    -0.004200
20111208    -0.007500    -0.009800    -0.022300     0.00000     0.017700
20111209     0.013200     0.000600     0.018300     0.00000    -0.006400
20111212     0.000400    -0.004300    -0.014800     0.00000     0.010200
20111213    -0.010400     0.001300    -0.010500     0.00000     0.011400
20111214    -0.002600     0.009000    -0.012100     0.00000     0.001900
20111215     0.006500     0.001300     0.004000     0.00000     0.003100
20111216     0.002300    -0.001100     0.004500     0.00000     0.003300
20111219    -0.004300    -0.006900    -0.013100     0.00000     0.018000
20111220     0.008000     0.003000     0.031000     0.00000    -0.012200
20111221    -0.000300     0.013100     0.002000     0.00000    -0.001000
20111222    -0.002000     0.006700     0.008300     0.00000    -0.018100
20111223    -0.005800    -0.001500     0.008400     0.00000     0.003800
20111227     0.004700    -0.005300     0.000400     0.00000     0.010000
20111228    -0.007300    -0.000400    -0.013400     0.00000     0.008700
20111229     0.001800     0.002400     0.011000     0.00000    -0.006600
20111230    -0.000700    -0.001500    -0.004000     0.00000    -0.006600
20120103    -0.001500     0.008600     0.015000     0.00000    -0.026200
20120104    -0.006600     0.000900     0.000000     0.00000     0.001300
20120105     0.001800     0.001400     0.003900     0.00000    -0.005800
20120106     0.000100    -0.002600    -0.001900     0.00000    -0.000600
20120109     0.002200    -0.000600     0.002800     0.00000    -0.003400
20120110     0.004000     0.003900     0.009700     0.00000    -0.011200
20120111     0.001600     0.003500     0.001300     0.00000    -0.012900
20120112     0.003100     0.000000     0.003100     0.00000    -0.005400
20120113    -0.002600    -0.004400    -0.005200     0.00000     0.010500
20120117    -0.001100    -0.007100     0.003600     0.00000     0.007600
20120118     0.005600     0.001600     0.012200     0.00000    -0.017200
20120119    -0.001300    -0.002300     0.005100     0.00000    -0.011500
20120120     0.002400     0.006500     0.000300     0.00000    -0.006200
20120123    -0.002700     0.001300     0.000200     0.00000    -0.004500
20120124     0.008400    -0.004100     0.000000     0.00000    -0.003000
20120125     0.001200    -0.007200     0.009100     0.00000    -0.000800
20120126     0.002500    -0.005400    -0.005900     0.00000     0.002700
20120127     0.008400    -0.001300     0.000100     0.00000    -0.006100
20120130    -0.004600    -0.003000    -0.003100     0.00000     0.007400
20120131    -0.000600     0.000300    -0.000500     0.00000     0.002400
20120201     0.011200     0.003800     0.011000     0.00000    -0.007900
20120202     0.004100    -0.000300     0.001700     0.00000    -0.005200
20120203     0.005900     0.003300     0.015800     0.00000    -0.014700
20120206    -0.002700    -0.002000    -0.000500     0.00000    -0.002800
20120207    -0.002800    -0.000900     0.001600     0.00000     0.003100
20120208    -0.001300     0.004100     0.002500     0.00000    -0.004500
20120209    -0.003500    -0.003900     0.001500     0.00000     0.002500
20120210    -0.005900    -0.001000    -0.007500     0.00000     0.010000
20120213     0.005800    -0.000500     0.007500     0.00000     0.002200
20120214    -0.004000    -0.004100    -0.000900     0.00000     0.006200
20120215    -0.002300     0.001000    -0.005000     0.00000    -0.004600
20120216     0.006800     0.002900     0.012700     0.00000    -0.009700
20120217    -0.003000     0.004900     0.001600     0.00000    -0.001500
20120221    -0.006400     0.003400    -0.000500     0.00000     0.002000
20120222    -0.003700    -0.006600    -0.003900     0.00000     0.005700
20120223     0.009000    -0.000600     0.005600     0.00000    -0.001600
20120224    -0.004400    -0.006400     0.001500     0.00000     0.001600
20120227    -0.002100     0.003700     0.001400     0.00000     0.001000
20120228    -0.006300    -0.001500     0.002800     0.00000     0.002200
20120229    -0.010300     0.002200    -0.005500     0.00000     0.006800
20120301    -0.002400     0.000100     0.006400     0.00000    -0.003100
20120302    -0.012500    -0.000100    -0.004600     0.00000     0.003600
20120305     0.004400     0.002700    -0.004000     0.00000     0.012500
20120306    -0.003300    -0.003200    -0.016200     0.00000     0.011100
20120307     0.003100     0.002300     0.008000     0.00000    -0.004700
20120308     0.003700    -0.003000     0.010700     0.00000    -0.001300
20120309     0.008900     0.001600     0.004900     0.00000    -0.004100
20120312    -0.002100    -0.000300    -0.000700     0.00000     0.007800
20120313     0.001000     0.009000     0.018600     0.00000    -0.012100
20120314    -0.006200    -0.002200    -0.002300     0.00000     0.004000
20120315     0.002700     0.005100     0.006700     0.00000    -0.011700
20120316    -0.002600     0.003800     0.000600     0.00000    -0.009100
20120319     0.005200    -0.001000     0.004100     0.00000     0.001400
20120320    -0.006500     0.003100    -0.003900     0.00000     0.001200
20120321     0.003000    -0.004000    -0.001000     0.00000     0.003000
20120322    -0.001300    -0.004200    -0.007400     0.00000     0.012500
20120323     0.006000     0.003200     0.003900     0.00000    -0.004900
20120326     0.004600    -0.002400     0.014500     0.00000     0.000400
20120327    -0.003500    -0.003100    -0.003000     0.00000     0.004900
20120328    -0.000200     0.004200    -0.005100     0.00000     0.005300
20120329    -0.000200    -0.002300    -0.001600     0.00000     0.001100
20120330    -0.007000    -0.000600     0.002800     0.00000    -0.001600
20120402     0.003400     0.000300     0.007700     0.00000    -0.000200
20120403    -0.002800    -0.003100    -0.003400     0.00000     0.010000
20120404    -0.005800     0.000500    -0.011100     0.00000     0.008600
20120405    -0.000800    -0.004800    -0.000300     0.00000     0.009400
20120409    -0.004500    -0.000300    -0.012100     0.00000     0.007100
20120410    -0.004100     0.000900    -0.018500     0.00000     0.001800
20120411     0.007500     0.002800     0.008500     0.00000    -0.003100
20120412     0.000700     0.003000     0.014400     0.00000    -0.013500
20120413    -0.001500    -0.007600    -0.012500     0.00000     0.013700
20120416     0.001400     0.008500    -0.000900     0.00000     0.000100
20120417     0.000500    -0.002400     0.015500     0.00000    -0.004400
20120418    -0.004800    -0.004200    -0.004300     0.00000     0.005800
20120419    -0.000400     0.002900    -0.005700     0.00000    -0.005500
20120420     0.005300    -0.000700     0.001100     0.00000     0.010900
20120423    -0.005700     0.001600    -0.009500     0.00000     0.001000
20120424     0.002200     0.009900     0.002900     0.00000    -0.006100
20120425     0.004000    -0.010400     0.014400     0.00000     0.004100
20120426    -0.000300    -0.000400     0.007500     0.00000     0.000100
20120427     0.007000    -0.001800     0.003500     0.00000     0.003700
20120430    -0.006000     0.000900    -0.004900     0.00000    -0.002400
20120501    -0.008400     0.004000     0.004800     0.00000    -0.005800
20120502     0.007000    -0.005800    -0.001500     0.00000     0.011600
20120503    -0.006600     0.001200    -0.009200     0.00000     0.009500
20120504    -0.002200     0.001400    -0.016200     0.00000     0.002600
20120507     0.001400     0.004900     0.000400     0.00000    -0.000200
20120508     0.003400     0.003700    -0.004100     0.00000     0.001800
20120509     0.001800    -0.002400    -0.006200     0.00000     0.001000
20120510     0.000500     0.005600     0.002900     0.00000     0.008000
20120511     0.002200    -0.009300    -0.002900     0.00000     0.005600
20120514    -0.000800    -0.001100    -0.011400     0.00000     0.002600
20120515     0.005100    -0.002100    -0.005200     0.00000     0.011700
20120516    -0.001800    -0.004200    -0.004400     0.00000     0.008800
20120517    -0.005200     0.004200    -0.016400     0.00000    -0.001300
20120518    -0.001800     0.001600    -0.008000     0.00000     0.006100
20120521     0.006700    -0.011800     0.016900     0.00000    -0.006500
20120522    -0.008600     0.002900     0.000000     0.00000     0.004600
20120523     0.004900    -0.002800     0.002600     0.00000    -0.004200
20120524    -0.000100     0.002100     0.001600     0.00000     0.007600
20120525     0.002300    -0.001000    -0.001600     0.00000    -0.005300
20120529     0.001700    -0.000200     0.011400     0.00000    -0.008100
20120530    -0.002700    -0.002400    -0.014700     0.00000     0.012200
20120531     0.001500     0.005600    -0.002300     0.00000     0.002000
20120601    -0.005300     0.002000    -0.026000     0.00000    -0.000200
20120604     0.001000    -0.005700    -0.000500     0.00000     0.004400
20120605     0.002700     0.000600     0.006800     0.00000    -0.009600
20120606     0.000700     0.002100     0.023200     0.00000    -0.010000
20120607    -0.004600     0.001300    -0.001000     0.00000     0.003900
20120608     0.002100     0.000100     0.008500     0.00000     0.003700
20120611    -0.008800    -0.000500    -0.014000     0.00000     0.009700
20120612     0.001100     0.000900     0.011600     0.00000    -0.003700
20120613    -0.005000     0.003500    -0.007700     0.00000     0.003200
20120614     0.001700     0.003700     0.010400     0.00000     0.000400
20120615     0.001000    -0.000700     0.010700     0.00000    -0.008000
20120618     0.001200    -0.008400     0.002100     0.00000     0.007700
20120619     0.006900     0.001600     0.010900     0.00000    -0.011300
20120620    -0.001000     0.001400    -0.001400     0.00000    -0.004000
20120621    -0.000800     0.001200    -0.022600     0.00000     0.012900
20120622     0.006700     0.000800     0.007900     0.00000    -0.001800
20120625     0.000800    -0.001400    -0.016200     0.00000     0.011500
20120626    -0.001300    -0.000600     0.005200     0.00000     0.003700
20120627     0.003800     0.004900     0.009200     0.00000    -0.009500
20120628     0.001600     0.004300    -0.002400     0.00000    -0.005600
20120629     0.003900    -0.007100     0.025500     0.00000    -0.011600
20120702     0.007100    -0.000300     0.003300     0.00000     0.008400
20120703     0.007100     0.000700     0.007600     0.00000    -0.013200
20120705     0.005800    -0.008700    -0.003600     0.00000     0.006500
20120706    -0.004400     0.003700    -0.009900     0.00000     0.011200
20120709    -0.002600    -0.002600    -0.002300     0.00000     0.011000
20120710    -0.003800     0.003000    -0.008400     0.00000     0.009600
20120711    -0.003900     0.007400    -0.000800     0.00000    -0.004900
20120712     0.002200    -0.008200    -0.005000     0.00000     0.008600
20120713    -0.003900     0.005500     0.016200     0.00000    -0.002800
20120716    -0.004100    -0.002400    -0.003100     0.00000     0.003000
20120717    -0.005400     0.002500     0.006700     0.00000    -0.001700
20120718     0.002900    -0.007600     0.007100     0.00000    -0.003800
20120719    -0.003400    -0.009600     0.002700     0.00000    -0.003700
20120720    -0.003300     0.000700    -0.010600     0.00000     0.002700
20120723    -0.006800     0.001700    -0.010200     0.00000     0.005100
20120724    -0.005700     0.002800    -0.009900     0.00000     0.009900
20120725     0.002600    -0.000300    -0.000100     0.00000    -0.001200
20120726    -0.008200     0.003500     0.015300     0.00000    -0.006600
20120727     0.005800     0.000800     0.019600     0.00000    -0.009600
20120730    -0.003900     0.002600    -0.001300     0.00000     0.000500
20120731     0.000000     0.002700    -0.004700     0.00000    -0.000600
20120801    -0.015900     0.003000    -0.005000     0.00000    -0.000400
20120802     0.002200    -0.003800    -0.006900     0.00000     0.012200
20120803     0.005500     0.005600     0.019900     0.00000    -0.007400
20120806     0.005800     0.000800     0.003400     0.00000    -0.008900
20120807     0.003300     0.000800     0.006400     0.00000    -0.014100
20120808    -0.002500     0.006000     0.000900     0.00000    -0.001300
20120809     0.003800     0.001200     0.001200     0.00000    -0.008000
20120810    -0.003300    -0.000100     0.001700     0.00000    -0.002900
20120813    -0.001600    -0.000100    -0.001400     0.00000     0.004900
20120814    -0.004200    -0.000600    -0.000300     0.00000     0.007300
20120815     0.007300    -0.000600     0.002700     0.00000    -0.001900
20120816     0.004600    -0.001700     0.007500     0.00000    -0.006300
20120817     0.005900     0.001100     0.002700     0.00000     0.000900
20120820    -0.004500     0.005900    -0.000600     0.00000    -0.001300
20120821     0.001100     0.003900    -0.003100     0.00000    -0.005700
20120822    -0.004400    -0.003500     0.000000     0.00000     0.003800
20120823     0.000000    -0.003600    -0.007800     0.00000     0.004700
20120824    -0.002700    -0.000400     0.006100     0.00000     0.002300
20120827     0.001200    -0.001200    -0.000600     0.00000     0.006000
20120828     0.005900    -0.000900     0.000100     0.00000     0.000800
20120829     0.002400     0.001200     0.001500     0.00000     0.000900
20120830    -0.004600    -0.000100    -0.008000     0.00000     0.004200
20120831    -0.000700     0.000100     0.005200     0.00000    -0.004400
20120904     0.009600    -0.001800     0.000800     0.00000     0.007500
20120905    -0.000800     0.003300    -0.000500     0.00000    -0.004300
20120906    -0.000900     0.003400     0.020700     0.00000    -0.006400
20120907     0.000000     0.007800     0.004500     0.00000    -0.013800
20120910     0.002900    -0.000700    -0.005700     0.00000    -0.001500
20120911     0.000200     0.005400     0.002800     0.00000    -0.006400
20120912     0.001300     0.003000     0.002700     0.00000    -0.000600
20120913    -0.004000     0.005700     0.015600     0.00000    -0.003000
20120914     0.005700     0.004800     0.005400     0.00000    -0.011800
20120917    -0.001800    -0.007700    -0.004200     0.00000     0.008200
20120918    -0.000100    -0.002400    -0.001500     0.00000     0.001800
20120919    -0.001400     0.000600     0.001800     0.00000     0.004400
20120920    -0.004200    -0.001600    -0.001300     0.00000     0.001900
20120921     0.004900    -0.000300     0.000400     0.00000     0.002600
20120924    -0.002200     0.003300    -0.002600     0.00000     0.001800
20120925    -0.003400    -0.003800    -0.011100     0.00000     0.006200
20120926    -0.000400     0.000300    -0.005700     0.00000    -0.003500
20120927     0.002400    -0.001400     0.009900     0.00000     0.003800
20120928    -0.003100    -0.002300    -0.004600     0.00000    -0.000800
20121001     0.000700     0.002500     0.002600     0.00000    -0.001000
20121002    -0.001500     0.002600     0.001000     0.00000     0.000900
20121003    -0.006500    -0.000300     0.003600     0.00000     0.012000
20121004    -0.001800     0.007500     0.007600     0.00000    -0.002900
20121005    -0.001800     0.002200    -0.000300     0.00000     0.001900
20121008    -0.002300     0.002200    -0.003600     0.00000    -0.004400
20121009    -0.003000     0.003400    -0.010500     0.00000    -0.004100
20121010     0.003900     0.002500    -0.005800     0.00000     0.005000
20121011     0.003400     0.006700     0.001100     0.00000    -0.008500
20121012    -0.003100    -0.009000    -0.003400     0.00000     0.001200
20121015    -0.001600     0.001400     0.007900     0.00000     0.002100
20121016    -0.002100    -0.002300     0.010000     0.00000    -0.002800
20121017     0.001500     0.011200     0.004900     0.00000     0.001700
20121018    -0.006000     0.002500    -0.003100     0.00000    -0.002700
20121019    -0.004000     0.004500    -0.016800     0.00000     0.002700
20121022    -0.000400     0.001800     0.000100     0.00000     0.001000
20121023     0.009700    -0.005200    -0.012900     0.00000    -0.002400
20121024    -0.001500     0.004200    -0.002800     0.00000     0.009700
20121025     0.001700    -0.000900     0.002700     0.00000    -0.005900
20121026    -0.001400    -0.003800    -0.000700     0.00000     0.000100
20121031     0.005200     0.003300     0.001400     0.00000    -0.001600
20121101     0.001400     0.002200     0.011900     0.00000    -0.008400
20121102    -0.005500     0.002500    -0.010400     0.00000     0.000300
20121105     0.004300    -0.002200     0.002800     0.00000    -0.001200
20121106    -0.000300     0.005500     0.008000     0.00000    -0.004700
20121107    -0.000700    -0.013900    -0.023100     0.00000     0.005800
20121108    -0.002700     0.004000    -0.012400     0.00000     0.000900
20121109     0.000200    -0.001300     0.001500     0.00000     0.002800
20121112    -0.001700     0.000700     0.000000     0.00000     0.000100
20121113    -0.002000    -0.003000    -0.004000     0.00000     0.005800
20121114    -0.003500    -0.002400    -0.014000     0.00000    -0.005300
20121115    -0.004300     0.001600    -0.002400     0.00000    -0.005300
20121116     0.000700     0.000300     0.005800     0.00000     0.008500
20121119     0.002600     0.000000     0.019800     0.00000     0.001900
20121120    -0.000600     0.001300     0.001100     0.00000     0.008200
20121121     0.003700    -0.000800     0.003100     0.00000    -0.002000
20121123    -0.001600     0.000800     0.012800     0.00000    -0.002200
20121126     0.005400    -0.001500    -0.001400     0.00000     0.001100
20121127     0.004400    -0.002100    -0.004300     0.00000    -0.002600
20121128     0.000200    -0.002600     0.008300     0.00000    -0.002800
20121129     0.006800    -0.000200     0.005400     0.00000     0.000500
20121130    -0.001400     0.002800     0.000200     0.00000     0.000700
20121203     0.002900     0.002200    -0.004600     0.00001     0.000800
20121204     0.003600    -0.000500    -0.001600     0.00001    -0.005200
20121205    -0.006400     0.009600     0.001700     0.00001    -0.008900
20121206    -0.001800    -0.001300     0.003100     0.00001    -0.000400
20121207    -0.004300     0.003300     0.002700     0.00001    -0.003200
20121210     0.004600     0.000300     0.001100     0.00001    -0.003500
20121211     0.004600    -0.000500     0.006800     0.00001    -0.002700
20121212    -0.007000     0.005300    -0.000200     0.00001    -0.002000
20121213     0.000300     0.000500    -0.005700     0.00001    -0.002200
20121214     0.003000     0.002500    -0.003400     0.00001    -0.004600
20121217    -0.000700     0.006000     0.011600     0.00001     0.007500
20121218     0.003300     0.000600     0.012000     0.00001    -0.004400
20121219     0.005800     0.002400    -0.006000     0.00001    -0.000800
20121220    -0.002400     0.007200     0.005300     0.00001     0.002100
20121221     0.004400    -0.003400    -0.008800     0.00001    -0.002300
20121224    -0.002000    -0.000200    -0.002400     0.00001     0.004000
20121226    -0.001700     0.003400    -0.005400     0.00001    -0.004200
20121227     0.000100    -0.001800    -0.001100     0.00001     0.002800
20121228     0.004600     0.000000    -0.010000     0.00001     0.003300
20121231     0.004200    -0.000600     0.017100     0.00001     0.002400
20130102     0.001400     0.003600     0.026200     0.00000     0.002000
20130103     0.001200     0.000600    -0.001400     0.00000    -0.004500
20130104     0.001200     0.004100     0.005500     0.00000    -0.003700
20130107    -0.000900    -0.003600    -0.003100     0.00000     0.001600
20130108     0.000400    -0.000500    -0.002700     0.00000     0.008500
20130109     0.002900    -0.004100     0.003400     0.00000     0.000800
20130110    -0.006500     0.005000     0.006600     0.00000    -0.002000
20130111     0.000900    -0.004500     0.000200     0.00000    -0.001700
20130114     0.000400    -0.001000    -0.000600     0.00000    -0.002600
20130115     0.002500     0.000000     0.001900     0.00000    -0.003300
20130116    -0.002400     0.002300    -0.000400     0.00000     0.001900
20130117     0.004200    -0.000900     0.006100     0.00000    -0.001900
20130118     0.000300    -0.001100     0.002900     0.00000     0.000400
20130122     0.001500     0.004600     0.004800     0.00000    -0.002100
20130123    -0.003000    -0.001100     0.001000     0.00000     0.004000
20130124     0.002600     0.000400     0.000900     0.00000    -0.008100
20130125    -0.000300    -0.003000     0.005900     0.00000    -0.001600
20130128     0.003900     0.001300    -0.001400     0.00000    -0.003400
20130129    -0.004400     0.003500     0.003600     0.00000     0.000800
20130130    -0.008800     0.001300    -0.003800     0.00000     0.001100
20130131     0.006800     0.002100    -0.000800     0.00000    -0.003600
20130201     0.000800     0.002500     0.009900     0.00000     0.003500
20130204    -0.001400    -0.001500    -0.011900     0.00000    -0.000100
20130205    -0.000900     0.001600     0.010700     0.00000     0.001100
20130206     0.002900     0.001700     0.001500     0.00000    -0.003100
20130207    -0.000500     0.000400    -0.001500     0.00000    -0.001400
20130208     0.000100    -0.002100     0.005800     0.00000    -0.001600
20130211    -0.000400     0.003900    -0.000800     0.00000    -0.000200
20130212     0.002100     0.007200     0.001600     0.00000    -0.000100
20130213     0.001100     0.000100     0.001400     0.00000     0.001600
20130214     0.003200     0.001600     0.001100     0.00000    -0.000700
20130215     0.000300    -0.001000    -0.001100     0.00000     0.004600
20130219     0.002300     0.001800     0.007400     0.00000    -0.000400
20130220    -0.005500    -0.006400    -0.013600     0.00000     0.000500
20130221    -0.003100    -0.000700    -0.006600     0.00000    -0.000600
20130222     0.001700    -0.000600     0.009400     0.00000     0.002000
20130225    -0.002000    -0.007300    -0.018200     0.00000    -0.001000
20130226    -0.001800     0.000200     0.005800     0.00000     0.004000
20130227    -0.003900     0.001700     0.012900     0.00000     0.005100
20130228     0.000900    -0.001600    -0.000500     0.00000     0.003100
20130301     0.001200    -0.003400     0.002200     0.00000     0.009800
20130304    -0.004000     0.001000     0.004700     0.00000     0.012300
20130305     0.002300    -0.001600     0.010000     0.00000     0.000900
20130306     0.000600     0.004800     0.001800     0.00000    -0.002400
20130307     0.002200     0.004400     0.002700     0.00000    -0.003800
20130308     0.004100    -0.001500     0.005200     0.00000    -0.000200
20130311    -0.003300     0.002200     0.003000     0.00000    -0.002500
20130312     0.000500    -0.001300    -0.002200     0.00000    -0.002200
20130313     0.001900     0.000700     0.002000     0.00000     0.000900
20130314     0.003700     0.004100     0.005800     0.00000    -0.004400
20130315     0.000500     0.003900    -0.001900     0.00000    -0.006100
20130318     0.001200    -0.002300    -0.005000     0.00000     0.000000
20130319    -0.000200     0.000200    -0.002400     0.00000     0.003300
20130320     0.002500     0.000100     0.007600     0.00000     0.004200
20130321     0.001600    -0.002700    -0.008500     0.00000     0.000700
20130322    -0.004600    -0.002900     0.006200     0.00000     0.001900
20130325     0.002800     0.000200    -0.002900     0.00000    -0.000200
20130326    -0.003700    -0.002200     0.007600     0.00000     0.004300
20130327     0.001600    -0.003000    -0.000200     0.00000     0.001400
20130328    -0.002700    -0.002800     0.003900     0.00000     0.005000
20130401    -0.009200     0.000100    -0.005700     0.00000     0.003700
20130402    -0.009000    -0.003300     0.003300     0.00000     0.003200
20130403    -0.004300    -0.001700    -0.011600     0.00000    -0.006200
20130404     0.001900     0.002300     0.004200     0.00000     0.001700
20130405     0.000500     0.003400    -0.004100     0.00000     0.001600
20130408     0.001400     0.002900     0.007000     0.00000     0.002600
20130409    -0.004000     0.002100     0.003100     0.00000    -0.003900
20130410     0.006300    -0.001000     0.012800     0.00000    -0.000200
20130411    -0.002000    -0.001500     0.003500     0.00000     0.004800
20130412    -0.001300    -0.004600    -0.002800     0.00000     0.002500
20130415    -0.014900    -0.002900    -0.024800     0.00000    -0.002800
20130416     0.001900     0.000700     0.014700     0.00000     0.007700
20130417    -0.003000    -0.005400    -0.014600     0.00000     0.003100
20130418     0.001700     0.000000    -0.007100     0.00000    -0.002500
20130419     0.000400     0.001300     0.009700     0.00000     0.012500
20130422    -0.001500    -0.001300     0.004500     0.00000    -0.000400
20130423     0.004500     0.006200     0.011100     0.00000     0.000900
20130424     0.003800     0.011900     0.000600     0.00000    -0.009000
20130425     0.001900    -0.000100     0.004900     0.00000    -0.002400
20130426    -0.003500    -0.002100    -0.002000     0.00000    -0.000700
20130429     0.001300    -0.000700     0.006700     0.00000    -0.005900
20130430     0.003800    -0.000600     0.002900     0.00000    -0.007800
20130501    -0.014000    -0.002800    -0.010800     0.00000    -0.000400
20130502     0.006000     0.001200     0.010400     0.00000     0.003900
20130503     0.006400     0.001700     0.011200     0.00000    -0.003600
20130506     0.002600     0.008300     0.002300     0.00000    -0.000500
20130507     0.001200     0.001300     0.005400     0.00000     0.002000
20130508    -0.002100     0.001100     0.004400     0.00000    -0.006100
20130509     0.001000    -0.003100    -0.003100     0.00000     0.000200
20130510     0.004200    -0.001900     0.005400     0.00000     0.001300
20130513    -0.002300    -0.000500    -0.000200     0.00000     0.003700
20130514     0.001200     0.002900     0.011000     0.00000     0.004500
20130515    -0.001300     0.002700     0.005100     0.00000     0.005000
20130516     0.001500    -0.002800    -0.005000     0.00000    -0.007900
20130517     0.000000     0.003700     0.010400     0.00000    -0.000800
20130520     0.003800     0.004900    -0.000600     0.00000    -0.010000
20130521    -0.001100    -0.000800     0.001600     0.00000    -0.000100
20130522    -0.007300    -0.001600    -0.009200     0.00000     0.000700
20130523     0.004500    -0.000600    -0.001900     0.00000     0.000900
20130524     0.001600     0.000400    -0.000600     0.00000     0.001600
20130528     0.006300     0.002300     0.007700     0.00000     0.004500
20130529    -0.003700     0.005800    -0.007000     0.00000    -0.006000
20130530     0.003200     0.005000     0.005000     0.00000     0.001600
20130531     0.005100    -0.002500    -0.013100     0.00000    -0.002600
20130603     0.001600    -0.000900     0.004800     0.00000    -0.003300
20130604    -0.003100    -0.001800    -0.005500     0.00000    -0.004500
20130605     0.000500    -0.002800    -0.013800     0.00000    -0.005200
20130606     0.001400     0.002500     0.008900     0.00000     0.008400
20130607    -0.004800     0.000900     0.013000     0.00000     0.005600
20130610     0.006600     0.002000     0.000700     0.00000     0.001300
20130611    -0.000100    -0.005800    -0.010400     0.00000    -0.002800
20130612     0.000200     0.000200    -0.008200     0.00000    -0.003600
20130613     0.001000     0.003300     0.014700     0.00000     0.005100
20130614    -0.002400    -0.005400    -0.005900     0.00000     0.002400
20130617    -0.000900     0.000200     0.007400     0.00000     0.002700
20130618     0.003800    -0.000400     0.008000     0.00000     0.001500
20130619     0.001600     0.001300    -0.012800     0.00000     0.000700
20130620    -0.000300     0.003400    -0.024500     0.00000    -0.006800
20130621     0.001800    -0.000700     0.001300     0.00000    -0.006300
20130624     0.000800    -0.006600    -0.011900     0.00000    -0.003900
20130625    -0.000200     0.008600     0.009600     0.00000     0.005200
20130626    -0.007400    -0.001300     0.009200     0.00000     0.006600
20130627     0.008500     0.003400     0.007700     0.00000     0.004800
20130628     0.003200    -0.001100    -0.003300     0.00000    -0.004100
20130701     0.008300    -0.001500     0.007100     0.00000     0.005000
20130702     0.000000     0.000900    -0.001000     0.00000    -0.000700
20130703     0.001900    -0.002100     0.001100     0.00000     0.000300
20130705     0.003700     0.004500     0.011100     0.00000     0.005900
20130708    -0.001900     0.000500     0.005300     0.00000     0.002000
20130709     0.000500     0.002600     0.007400     0.00000     0.001300
20130710     0.003500    -0.004000     0.000600     0.00000    -0.003300
20130711    -0.001200    -0.006300     0.013200     0.00000     0.000900
20130712    -0.000200     0.002100     0.003300     0.00000     0.004900
20130715     0.005000     0.003400     0.002000     0.00000    -0.001200
20130716     0.000300     0.000900    -0.004100     0.00000    -0.005800
20130717    -0.000400     0.001900     0.003000     0.00000     0.003500
20130718     0.000200     0.009500     0.005400     0.00000     0.001800
20130719    -0.001200     0.002700     0.000900     0.00000     0.000500
20130722     0.001100     0.003000     0.002200     0.00000     0.001500
20130723     0.000600     0.002800    -0.001500     0.00000    -0.003000
20130724    -0.002700    -0.002600    -0.003900     0.00000     0.000600
20130725     0.006000    -0.003300     0.004200     0.00000     0.000000
20130726    -0.006500    -0.002000     0.000200     0.00000     0.000300
20130729    -0.003200    -0.002900    -0.003700     0.00000    -0.004200
20130730     0.002000    -0.005100     0.001200     0.00000     0.001000
20130731     0.001700     0.001000     0.000900     0.00000     0.006200
20130801     0.000500     0.000500     0.014000     0.00000     0.006300
20130802    -0.002100    -0.003200     0.002000     0.00000     0.004800
20130805     0.005000    -0.001800    -0.000700     0.00000    -0.001100
20130806    -0.003300    -0.001100    -0.006800     0.00000    -0.004100
20130807    -0.003300     0.000300    -0.004200     0.00000    -0.004400
20130808     0.000000     0.000000     0.004700     0.00000     0.000800
20130809     0.001100    -0.002100    -0.002900     0.00000     0.001000
20130812     0.005800    -0.002100    -0.000200     0.00000    -0.002000
20130813    -0.002800    -0.000500     0.002000     0.00000    -0.000200
20130814     0.001400     0.002800    -0.005000     0.00000    -0.002800
20130815    -0.003700     0.002900    -0.014700     0.00000    -0.008800
20130816     0.000500     0.000900    -0.002600     0.00000     0.004100
20130819    -0.001800    -0.007600    -0.006200     0.00000    -0.001800
20130820     0.008300     0.001200     0.005300     0.00000     0.004700
20130821    -0.000300    -0.004500    -0.005900     0.00000     0.002700
20130822     0.005100     0.000600     0.009300     0.00000     0.003800
20130823    -0.002300    -0.001400     0.003800     0.00000    -0.003300
20130826     0.005000    -0.004900    -0.002900     0.00000     0.001100
20130827    -0.007500    -0.003200    -0.017500     0.00000    -0.009600
20130828     0.001100     0.000900     0.003000     0.00000     0.003400
20130829     0.007700    -0.004100     0.003400     0.00000     0.007600
20130830    -0.011400    -0.002100    -0.004700     0.00000    -0.004500
20130903     0.000500     0.001000     0.004600     0.00000     0.009600
20130904    -0.000100    -0.001500     0.008300     0.00000     0.004700
20130905     0.001700     0.003700     0.001900     0.00000     0.000700
20130906     0.000400    -0.000100     0.000100     0.00000    -0.002300
20130909     0.004600    -0.002200     0.010900     0.00000    -0.000500
20130910     0.000100     0.002100     0.008000     0.00000     0.007000
20130911    -0.002200     0.000100     0.002800     0.00000    -0.000200
20130912    -0.002200    -0.003300    -0.003200     0.00000     0.000700
20130913     0.002500    -0.000100     0.002900     0.00000    -0.000400
20130916    -0.004400     0.003900     0.004900     0.00000     0.002700
20130917     0.004700    -0.001200     0.005400     0.00000     0.001000
20130918    -0.001500    -0.004600     0.011000     0.00000    -0.004800
20130919     0.001600    -0.006100    -0.001300     0.00000     0.000800
20130920     0.005200     0.001900    -0.006300     0.00000     0.003300
20130923     0.004500    -0.003600    -0.004500     0.00000    -0.005600
20130924     0.005200     0.000300    -0.001200     0.00000     0.005900
20130925     0.000300     0.005700    -0.002300     0.00000     0.002300
20130926     0.002000    -0.007300     0.004200     0.00000     0.003300
20130927     0.000000    -0.000800    -0.003900     0.00000     0.003300
20130930     0.005100     0.000500    -0.004900     0.00000     0.002600
20131001     0.004100    -0.001100     0.009000     0.00000     0.004800
20131002    -0.003600    -0.000600    -0.001000     0.00000    -0.001300
20131003    -0.001900     0.002000    -0.008800     0.00000    -0.001100
20131004    -0.000200     0.001100     0.007400     0.00000     0.005200
20131007    -0.002700    -0.000100    -0.009500     0.00000    -0.007800
20131008    -0.004600     0.007600    -0.013500     0.00000    -0.010900
20131009    -0.004400     0.006100    -0.000500     0.00000    -0.002300
20131010     0.001500    -0.000100     0.022300     0.00000     0.011900
20131011     0.007900    -0.000100     0.007100     0.00000     0.002400
20131014     0.002200    -0.001100     0.004400     0.00000     0.002700
20131015    -0.001900    -0.000300    -0.007300     0.00000     0.000700
20131016    -0.003300     0.001400     0.013700     0.00000     0.006000
20131017     0.001400     0.000400     0.007000     0.00000     0.002100
20131018     0.003500    -0.000600     0.007300     0.00000     0.003300
20131021    -0.001200     0.000600    -0.000200     0.00000    -0.001600
20131022    -0.002800     0.000900     0.005000     0.00000    -0.003900
20131023     0.001600    -0.003300    -0.005100     0.00000    -0.005600
20131024     0.003900    -0.003100     0.004200     0.00000     0.001300
20131025    -0.003300     0.001300     0.003300     0.00000    -0.002400
20131028    -0.000500     0.000100     0.000900     0.00000    -0.005800
20131029    -0.001500    -0.001100     0.005400     0.00000     0.002900
20131030    -0.007700     0.004800    -0.006100     0.00000    -0.004400
20131031    -0.000900    -0.004200    -0.003400     0.00000     0.003700
20131101    -0.006800     0.002100     0.002000     0.00000    -0.000600
20131104     0.007600    -0.000300     0.004700     0.00000     0.000600
20131105     0.000100    -0.002600    -0.002300     0.00000     0.006100
20131106    -0.008200     0.003700     0.002700     0.00000    -0.012900
20131107    -0.003600     0.001900    -0.014600     0.00000    -0.011500
20131108     0.005200     0.004400     0.014500     0.00000     0.012700
20131111     0.000200    -0.001400     0.001200     0.00000     0.002500
20131112     0.003700    -0.007000    -0.001900     0.00000    -0.000800
20131113     0.000900    -0.001200     0.009000     0.00000     0.006300
20131114    -0.005600     0.002900     0.004300     0.00000    -0.000900
20131115     0.000600    -0.002700     0.004300     0.00000    -0.000500
20131118    -0.004500     0.004500    -0.005000     0.00000    -0.009000
20131119    -0.003300     0.002600    -0.002700     0.00000    -0.005000
20131120     0.002600     0.000300    -0.003300     0.00000     0.000900
20131121     0.007800    -0.000500     0.009700     0.00000     0.009200
20131122    -0.000700     0.001100     0.005000     0.00000     0.004900
20131125     0.001400     0.001500    -0.001100     0.00000    -0.003600
20131126     0.008500    -0.004800     0.001800     0.00000     0.005700
20131127     0.003500    -0.000600     0.003000     0.00000    -0.001900
20131129     0.002900    -0.001600    -0.000200     0.00000    -0.002000
20131202    -0.009700     0.001600    -0.003100     0.00000     0.002600
20131203    -0.000800    -0.000900    -0.003400     0.00000    -0.006200
20131204    -0.002000     0.002600    -0.000700     0.00000     0.000500
20131205     0.007000    -0.006300    -0.003500     0.00000     0.002700
20131206    -0.002800     0.001800     0.010200     0.00000     0.002500
20131209    -0.004100    -0.000200     0.001700     0.00000    -0.003000
20131210    -0.005700     0.001900    -0.003400     0.00000     0.001500
20131211    -0.003500     0.000400    -0.011600     0.00000    -0.004500
20131212     0.003600     0.002400    -0.002300     0.00000     0.006000
20131213     0.002600    -0.000100     0.001000     0.00000     0.004100
20131216     0.005800    -0.001300     0.006700     0.00000     0.000100
20131217     0.001800    -0.001500    -0.002600     0.00000    -0.000800
20131218    -0.004700     0.000300     0.015500     0.00000     0.001700
20131219    -0.005400     0.001700    -0.001000     0.00000    -0.001300
20131220     0.012800    -0.002800     0.006900     0.00000     0.004100
20131223     0.004900    -0.000400     0.006200     0.00000    -0.001300
20131224     0.001100     0.001000     0.003400     0.00000    -0.001900
20131226    -0.003200    -0.003100     0.004400     0.00000     0.002100
20131227    -0.000600     0.002400    -0.000500     0.00000    -0.008400
20131230     0.000200    -0.003000     0.000000     0.00000    -0.000700
20131231    -0.001700     0.000400     0.004400     0.00000     0.000600
20140102    -0.002700     0.001300    -0.008800     0.00000    -0.000700
20140103     0.003600     0.000500     0.000300     0.00000     0.002300
20140106    -0.005700     0.002500    -0.003400     0.00000    -0.001200
20140107     0.004000    -0.004100     0.006800     0.00000     0.005600
20140108     0.000000    -0.001100     0.000400     0.00000     0.006300
20140109     0.001600    -0.003600     0.000200     0.00000     0.007800
20140110     0.005300    -0.007800     0.002700     0.00000    -0.001700
20140113    -0.000800     0.001000    -0.013200     0.00000    -0.005300
20140114     0.001800    -0.003800     0.011500     0.00000     0.005500
20140115     0.002200     0.002100     0.005300     0.00000    -0.003100
20140116     0.002900    -0.006800    -0.000700     0.00000    -0.000500
20140117     0.000300     0.000400    -0.003900     0.00000    -0.000100
20140121     0.004600    -0.000100     0.003000     0.00000    -0.000600
20140122     0.002800     0.002100     0.001500     0.00000     0.002800
20140123     0.001500    -0.005000    -0.008600     0.00000    -0.005000
20140124    -0.003900     0.002200    -0.021900     0.00000    -0.009800
20140127    -0.008500     0.004400    -0.006500     0.00000    -0.005500
20140128     0.001800    -0.000100     0.007300     0.00000     0.008400
20140129    -0.003900     0.002200    -0.010700     0.00000    -0.005300
20140130     0.003000    -0.004100     0.012200     0.00000     0.012500
20140131    -0.000500    -0.004100    -0.006600     0.00000     0.001100
20140203    -0.008800     0.003100    -0.024800     0.00000    -0.008400
20140204    -0.000500    -0.000800     0.007700     0.00000     0.004400
20140205    -0.006000     0.002000    -0.002300     0.00000    -0.001100
20140206    -0.004800     0.002300     0.012100     0.00000     0.001000
20140207    -0.001700    -0.006500     0.013300     0.00000     0.006200
20140210     0.001200    -0.004300     0.001600     0.00000    -0.000800
20140211    -0.001900     0.002500     0.010900     0.00000     0.000500
20140212     0.002400    -0.000800     0.001100     0.00000     0.002500
20140213     0.007200    -0.001000     0.007200     0.00000     0.003800
20140214    -0.003500     0.003600     0.004200     0.00000    -0.002800
20140218     0.009700    -0.002200     0.002700     0.00000     0.007600
20140219    -0.002800    -0.004000    -0.007400     0.00000    -0.003200
20140220     0.005300    -0.001300     0.007000     0.00000     0.004800
20140221     0.003400    -0.000300    -0.000900     0.00000     0.002900
20140224     0.001900     0.002600     0.006500     0.00000     0.004000
20140225     0.001300    -0.006000    -0.001000     0.00000     0.001600
20140226     0.006800    -0.000900     0.001200     0.00000    -0.000800
20140227     0.001500     0.000000     0.005400     0.00000     0.000600
20140228    -0.007000     0.008200     0.001500     0.00000    -0.002900
20140303     0.000900     0.001500    -0.007000     0.00000    -0.000600
20140304     0.011200    -0.001200     0.016700     0.00000     0.008300
20140305    -0.002700     0.002800     0.000100     0.00000     0.003600
20140306    -0.003100     0.007500     0.001600     0.00000    -0.005300
20140307    -0.001100     0.005100     0.000400     0.00000    -0.001900
20140310    -0.001100     0.000500    -0.000900     0.00000     0.000100
20140311    -0.005300    -0.002000    -0.006200     0.00000    -0.001100
20140312     0.003000    -0.001600     0.001300     0.00000    -0.000200
20140313    -0.001200     0.002700    -0.012100     0.00000    -0.003600
20140314     0.006800    -0.000500    -0.001600     0.00000    -0.001300
20140317    -0.003600    -0.000100     0.009000     0.00000     0.002700
20140318     0.007400    -0.004200     0.008200     0.00000     0.005100
20140319    -0.001600     0.006000    -0.005900     0.00000    -0.001100
20140320    -0.004800     0.009800     0.005200     0.00000    -0.001800
20140321    -0.002700     0.008700    -0.003700     0.00000    -0.011300
20140324    -0.008900     0.009500    -0.006400     0.00000    -0.010200
20140325    -0.003400     0.001400     0.003000     0.00000    -0.002300
20140326    -0.011800     0.002900    -0.008900     0.00000    -0.008500
20140327    -0.001300    -0.002400    -0.001900     0.00000    -0.004500
20140328    -0.004200     0.005100     0.004100     0.00000    -0.004700
20140331     0.009900    -0.001500     0.009700     0.00000     0.006800
20140401     0.007500    -0.004000     0.008700     0.00000     0.010100
20140402     0.000500     0.001200     0.002900     0.00000    -0.000800
20140403    -0.008800     0.007700    -0.003100     0.00000    -0.010500
20140404    -0.011400     0.007300    -0.014700     0.00000    -0.017000
20140407    -0.002900    -0.000300    -0.012600     0.00000    -0.010300
20140408     0.003100    -0.002200     0.005000     0.00000    -0.001100
20140409     0.003300    -0.009200     0.012000     0.00000     0.013900
20140410    -0.007100     0.008600    -0.022400     0.00000    -0.018600
20140411    -0.004000     0.002800    -0.010700     0.00000    -0.005200
20140414    -0.004900     0.001900     0.007000     0.00000    -0.001800
20140415    -0.003700     0.001700     0.005900     0.00000     0.000200
20140416     0.000400    -0.004500     0.011300     0.00000     0.009800
20140417     0.003300     0.002500     0.002300     0.00000     0.002800
20140421     0.001900    -0.004200     0.003600     0.00000     0.002000
20140422     0.007200    -0.003500     0.005800     0.00000     0.007300
20140423    -0.006200     0.008900    -0.003100     0.00000    -0.003000
20140424    -0.003900    -0.001700     0.000800     0.00000    -0.005400
20140425    -0.009400     0.005800    -0.010500     0.00000    -0.012800
20140428    -0.006300    -0.005600     0.001100     0.00000    -0.011200
20140429    -0.002300    -0.002000     0.005600     0.00000     0.007000
20140430     0.002200    -0.000100     0.003500     0.00000     0.005400
20140501    -0.001600    -0.001800     0.000400     0.00000     0.000800
20140502     0.002400     0.003000    -0.000700     0.00000     0.001200
20140505    -0.003000    -0.005300     0.001300     0.00000     0.004000
20140506    -0.005300     0.001500    -0.010300     0.00000    -0.004400
20140507    -0.008500     0.011600     0.004500     0.00000    -0.001300
20140508    -0.010000     0.003200    -0.002600     0.00000    -0.006100
20140509     0.007100    -0.004000     0.002500     0.00000    -0.001700
20140512     0.014100    -0.002800     0.012000     0.00000     0.008900
20140513    -0.010600     0.001700    -0.000500     0.00000    -0.001700
20140514    -0.011100    -0.004400    -0.006000     0.00000    -0.004400
20140515     0.003200    -0.002700    -0.009000     0.00000    -0.002800
20140516     0.002600    -0.004000     0.003600     0.00000    -0.001800
20140519     0.006300     0.000100     0.005000     0.00000     0.007100
20140520    -0.008100     0.002200    -0.007800     0.00000     0.000900
20140521    -0.002500     0.000500     0.008100     0.00000     0.004100
20140522     0.006300    -0.002600     0.003600     0.00000     0.000800
20140523     0.006200    -0.002300     0.004900     0.00000     0.004200
20140527     0.006900    -0.001900     0.006900     0.00000     0.004800
20140528    -0.003300     0.002800    -0.001100     0.00000     0.001800
20140529    -0.001900    -0.001300     0.005400     0.00000     0.002600
20140530    -0.006700     0.002600     0.000600     0.00000    -0.000200
20140602    -0.006800     0.004000     0.000600     0.00000     0.002500
20140603    -0.002600     0.001700    -0.000500     0.00000     0.002000
20140604     0.002300    -0.000900     0.002800     0.00000     0.003400
20140605     0.012900    -0.001800     0.007700     0.00000    -0.001400
20140606     0.004800     0.000000     0.005400     0.00000    -0.002200
20140609     0.010000    -0.002800     0.002200     0.00000    -0.004200
20140610    -0.001900    -0.000200    -0.000300     0.00000    -0.001400
20140611    -0.001300    -0.002700    -0.003400     0.00000     0.002100
20140612     0.001000     0.001800    -0.006800     0.00000    -0.002700
20140613    -0.000700    -0.001800     0.003100     0.00000    -0.000900
20140616     0.004400    -0.006400     0.001300     0.00000     0.001000
20140617     0.005500     0.004600     0.003400     0.00000    -0.000500
20140618    -0.002800    -0.000800     0.007500     0.00000     0.000900
20140619    -0.001600    -0.000400     0.001200     0.00000     0.001200
20140620     0.001800     0.000400     0.001800     0.00000     0.003700
20140623    -0.002400     0.000800    -0.000100     0.00000    -0.001600
20140624    -0.003300    -0.002300    -0.007200     0.00000    -0.004300
20140625     0.003600     0.000800     0.005300     0.00000     0.003900
20140626    -0.000900     0.000600    -0.001100     0.00000     0.002200
20140627     0.004900    -0.002300     0.002600     0.00000    -0.001600
20140630     0.002600     0.001900     0.000700     0.00000     0.001200
20140701     0.004900    -0.003500     0.007400     0.00000     0.002300
20140702    -0.004500    -0.002100    -0.000300     0.00000    -0.000800
20140703     0.002200     0.000900     0.005900     0.00000     0.000300
20140707    -0.012700     0.003700    -0.006200     0.00000    -0.001500
20140708    -0.006500     0.007000    -0.008200     0.00000    -0.002400
20140709    -0.003800    -0.001200     0.004600     0.00000     0.003200
20140710    -0.005900     0.000100    -0.004900     0.00000     0.000000
20140711    -0.002100    -0.003800     0.001200     0.00000     0.001100
20140714     0.000000    -0.001300     0.004600     0.00000     0.003800
20140715    -0.009300     0.009800    -0.003200     0.00000    -0.004800
20140716    -0.006000     0.003100     0.003200     0.00000    -0.001300
20140717    -0.003900     0.001700    -0.012100     0.00000    -0.005400
20140718     0.005000    -0.004600     0.011200     0.00000     0.005300
20140721    -0.002400     0.000500    -0.002500     0.00000     0.002300
20140722     0.002500    -0.003100     0.005300     0.00000     0.002800
20140723     0.001300    -0.007500     0.001900     0.00000     0.002600
20140724    -0.002700     0.000400     0.000500     0.00000    -0.001400
20140725    -0.003600     0.001600    -0.005300     0.00000    -0.002400
20140728    -0.004700     0.002700    -0.000800     0.00000    -0.002300
20140729     0.007000    -0.006600    -0.003300     0.00000    -0.002500
20140730     0.004200    -0.003000     0.001200     0.00000    -0.001200
20140731    -0.002000     0.004500    -0.020300     0.00000    -0.006800
20140801    -0.001700    -0.000600    -0.003200     0.00000     0.003100
20140804     0.000200    -0.002200     0.007400     0.00000     0.005500
20140805     0.007700    -0.001900    -0.008400     0.00000    -0.003400
20140806     0.003700     0.001800     0.000200     0.00000    -0.005500
20140807    -0.000400    -0.001500    -0.005200     0.00000     0.001000
20140808    -0.002100    -0.001800     0.011200     0.00000     0.000700
20140811     0.006000    -0.002900     0.004000     0.00000    -0.000100
20140812    -0.005900     0.002500    -0.002300     0.00000    -0.000500
20140813    -0.000800    -0.002300     0.006900     0.00000     0.007900
20140814    -0.002300     0.000500     0.004400     0.00000    -0.003200
20140815    -0.001400    -0.001500     0.000000     0.00000     0.004000
20140818     0.006000    -0.001900     0.009300     0.00000     0.001400
20140819    -0.001200    -0.001000     0.004900     0.00000    -0.000300
20140820    -0.006400     0.002700     0.001900     0.00000     0.000300
20140821    -0.001400     0.008100     0.002800     0.00000    -0.003800
20140822     0.003100    -0.003800    -0.001000     0.00000     0.000800
20140825    -0.002400     0.000300     0.005000     0.00000     0.002900
20140826     0.007000    -0.003300     0.001900     0.00000    -0.002400
20140827    -0.002300     0.001500     0.000000     0.00000     0.000600
20140828    -0.004200     0.000900    -0.001900     0.00000     0.000400
20140829     0.002800     0.001000     0.003900     0.00000     0.000500
20140902     0.004700    -0.000900     0.000600     0.00000     0.002900
20140903    -0.005400     0.002500    -0.001400     0.00000    -0.001500
20140904    -0.001400    -0.001600    -0.001700     0.00000    -0.003500
20140905    -0.002600    -0.000700     0.004500     0.00000     0.003000
20140908     0.005200    -0.004300    -0.002200     0.00000     0.001600
20140909    -0.004200    -0.000200    -0.007200     0.00000     0.001600
20140910     0.002100    -0.003800     0.004500     0.00000    -0.000200
20140911     0.004900     0.002000     0.001900     0.00000    -0.001100
20140912    -0.002300     0.001400    -0.005500     0.00000    -0.004100
20140915    -0.010600     0.006600    -0.002800     0.00000    -0.001200
20140916    -0.003800    -0.001300     0.007000     0.00000     0.006700
20140917     0.000800    -0.002000     0.001700     0.00000     0.000800
20140918     0.000100     0.000300     0.005000     0.00000     0.000600
20140919    -0.009600     0.000500    -0.001800     0.00000     0.000600
20140922    -0.005600     0.001300    -0.009700     0.00000    -0.000500
20140923    -0.003200    -0.000500    -0.006200     0.00000     0.002600
20140924     0.000900    -0.009100     0.008100     0.00000     0.001600
20140925     0.000800     0.001500    -0.016200     0.00000    -0.002200
20140926    -0.000400    -0.002700     0.008500     0.00000     0.005800
20140929     0.001700    -0.004400    -0.002200     0.00000     0.001300
20140930    -0.010000     0.001400    -0.004000     0.00000    -0.001600
20141001    -0.001500     0.003300    -0.013900     0.00000    -0.003400
20141002     0.010200    -0.003800     0.001500     0.00000    -0.002500
20141003    -0.003900    -0.004100     0.010800     0.00000     0.005100
20141006    -0.007800     0.003800    -0.002600     0.00000    -0.003300
20141007    -0.001100     0.001100    -0.015600     0.00000     0.001000
20141008     0.000300    -0.000500     0.017000     0.00000     0.002800
20141009    -0.004100    -0.004100    -0.021700     0.00000     0.000600
20141010    -0.001600     0.005500    -0.013000     0.00000    -0.003900
20141013     0.013200     0.005000    -0.015900     0.00000    -0.009600
20141014     0.008600    -0.001200     0.002800     0.00000    -0.008300
20141015     0.018100    -0.013000    -0.005300     0.00000    -0.007200
20141016     0.010800     0.001800     0.002300     0.00000    -0.002800
20141017    -0.015600    -0.001000     0.011400     0.00000     0.010700
20141020     0.002100    -0.003400     0.009400     0.00000     0.000400
20141021    -0.004100     0.000200     0.019800     0.00000     0.002600
20141022    -0.005600     0.002100    -0.008500     0.00000     0.007500
20141023     0.005100    -0.004600     0.012900     0.00000     0.000600
20141024    -0.004500    -0.001000     0.006600     0.00000     0.010600
20141027     0.001100    -0.002600    -0.001700     0.00000     0.003500
20141028     0.015800    -0.000200     0.013700     0.00000    -0.002900
20141029    -0.000200     0.004400    -0.001800     0.00000     0.002500
20141030     0.002600    -0.004900     0.006000     0.00000     0.000100
20141031     0.002900     0.002000     0.012300     0.00000    -0.000400
20141103    -0.002500    -0.000500    -0.000100     0.00000     0.003400
20141104    -0.000300    -0.001100    -0.003500     0.00000     0.005100
20141105    -0.005400     0.008500     0.004800     0.00000    -0.001900
20141106     0.000900    -0.004900     0.004900     0.00000     0.002100
20141107     0.000000     0.004400     0.000900     0.00000    -0.009000
20141110     0.001900    -0.005000     0.003300     0.00000     0.006200
20141111     0.000200    -0.002800     0.001000     0.00000    -0.003400
20141112     0.007700    -0.002800     0.000700     0.00000    -0.002000
20141113    -0.009200    -0.003400    -0.000300     0.00000     0.003900
20141114    -0.001400     0.001500     0.000600     0.00000    -0.007800
20141117    -0.009700     0.002700    -0.000500     0.00000     0.005900
20141118     0.000500    -0.003600     0.005100     0.00000     0.006300
20141119    -0.009300    -0.000600    -0.002100     0.00000    -0.000600
20141120     0.008700    -0.000200     0.003100     0.00000    -0.007300
20141121    -0.003900    -0.000900     0.004800     0.00000    -0.003700
20141124     0.009400    -0.005700     0.004000     0.00000     0.001100
20141125     0.000700    -0.000400    -0.000800     0.00000     0.004900
20141126     0.001000    -0.004500     0.003000     0.00000     0.009800
20141128    -0.009100    -0.010200    -0.003500     0.00000     0.012300
20141201    -0.009500     0.006200    -0.009000     0.00000     0.003200
20141202     0.004200     0.000700     0.006500     0.00000     0.008000
20141203     0.004600     0.003100     0.004600     0.00000    -0.002100
20141204    -0.003100     0.001000    -0.001700     0.00000     0.009200
20141205     0.005700     0.002500     0.002500     0.00000     0.004100
20141208    -0.005700     0.002800    -0.008200     0.00000     0.011200
20141209     0.017000    -0.002900     0.001300     0.00000    -0.003600
20141210    -0.006000    -0.000900    -0.017200     0.00000     0.006500
20141211    -0.000700    -0.001900     0.004900     0.00000     0.002000
20141212     0.004900    -0.005800    -0.015500     0.00000     0.000500
20141215    -0.002600     0.001100    -0.006800     0.00000     0.001500
20141216     0.006200     0.005900    -0.008000     0.00000    -0.006000
20141217     0.008300    -0.001100     0.021500     0.00000    -0.006400
20141218    -0.008700    -0.002000     0.023600     0.00000     0.002500
20141219    -0.002200     0.001800     0.004300     0.00000    -0.010100
20141222     0.001900    -0.000500     0.003700     0.00000     0.002100
20141223    -0.002600     0.010500     0.002100     0.00000    -0.009300
20141224     0.003600    -0.001700     0.000700     0.00000     0.007200
20141226     0.003700    -0.003200     0.003900     0.00000     0.000700
20141229     0.001600     0.005600     0.001300     0.00000    -0.001900
20141230     0.000500     0.003400    -0.004800     0.00000    -0.000800
20141231     0.004900    -0.003800    -0.009300     0.00000    -0.004800
20150102    -0.005900     0.000900    -0.001100     0.00000    -0.000800
20150105     0.003400    -0.006400    -0.018400     0.00000     0.012000
20150106    -0.007700    -0.002600    -0.010400     0.00000     0.004900
20150107     0.001800    -0.006500     0.011900     0.00000     0.009100
20150108    -0.001100    -0.002800     0.018100     0.00000     0.001300
20150109     0.000200    -0.005000    -0.008500     0.00000     0.001400
20150112     0.003800    -0.003600    -0.007900     0.00000     0.009100
20150113     0.002800     0.000400    -0.001900     0.00000     0.003000
20150114     0.002900    -0.005000    -0.006000     0.00000     0.000700
20150115    -0.009400     0.006400    -0.010800     0.00000     0.007600
20150116     0.004600    -0.001400     0.013600     0.00000    -0.002400
20150120    -0.006500    -0.005400     0.001100     0.00000     0.007300
20150121    -0.009600     0.005500     0.004200     0.00000    -0.010000
20150122     0.004400     0.004000     0.015800     0.00000     0.003300
20150123     0.005100    -0.008300    -0.004700     0.00000     0.001300
20150126     0.005700    -0.000500     0.004200     0.00000    -0.008600
20150127     0.006700     0.002200    -0.012100     0.00000    -0.004400
20150128    -0.000700    -0.007700    -0.013900     0.00000     0.012100
20150129     0.002400     0.000000     0.009800     0.00000     0.006100
20150130    -0.007700     0.000400    -0.013000     0.00000    -0.026400
20150202    -0.004700     0.010000     0.012500     0.00000    -0.008000
20150203     0.001600     0.005000     0.014900     0.00000    -0.012600
20150204    -0.000700    -0.002000    -0.003500     0.00000     0.007700
20150205     0.004700    -0.001600     0.011000     0.00000    -0.007100
20150206     0.000700     0.004000    -0.002000     0.00000    -0.008700
20150209    -0.003900     0.000900    -0.004600     0.00000    -0.006800
20150210    -0.003000    -0.006900     0.010400     0.00000     0.012100
20150211    -0.001000    -0.003200     0.000300     0.00000     0.004700
20150212     0.001700    -0.000800     0.010000     0.00000    -0.004400
20150213     0.001800    -0.002900     0.004700     0.00000    -0.013000
20150217    -0.000200     0.000000     0.001700     0.00000     0.000000
20150218     0.002700    -0.008200     0.000300     0.00000     0.006600
20150219     0.002700    -0.003500    -0.000100     0.00000    -0.005500
20150220    -0.004100    -0.002700     0.006100     0.00000     0.005800
20150223     0.000500    -0.003700    -0.000800     0.00000     0.009500
20150224    -0.000500     0.006900     0.003200     0.00000    -0.000400
20150225     0.002100    -0.005200     0.000200     0.00000    -0.010000
20150226     0.006600    -0.004500    -0.000800     0.00000     0.003300
20150227    -0.002100     0.002100    -0.003600     0.00000    -0.002100
20150302     0.002300    -0.004300     0.006200     0.00000     0.003500
20150303    -0.003000     0.003100    -0.004300     0.00000    -0.003900
20150304     0.000900    -0.004000    -0.004100     0.00000     0.000400
20150305     0.002400    -0.004400     0.001500     0.00000    -0.000100
20150306     0.002700     0.004300    -0.012900     0.00000     0.000200
20150309     0.000900    -0.000200     0.003700     0.00000     0.007600
20150310     0.004300    -0.004600    -0.016300     0.00000     0.004800
20150311     0.005700     0.005300    -0.000400     0.00000    -0.000300
20150312     0.003800     0.004900     0.012800     0.00000     0.006700
20150313     0.002100    -0.000300    -0.005700     0.00000     0.007400
20150316    -0.007600    -0.004100     0.012300     0.00000     0.006200
20150317     0.005400    -0.000300    -0.002000     0.00000     0.002300
20150318    -0.005200    -0.000100     0.010800     0.00000    -0.008300
20150319     0.008800    -0.011000    -0.003600     0.00000     0.009400
20150320    -0.001500     0.005200     0.008100     0.00000    -0.003600
20150323     0.002100     0.002400    -0.001900     0.00000    -0.005100
20150324     0.005800    -0.002800    -0.005100     0.00000    -0.003100
20150325    -0.009800     0.010300    -0.015600     0.00000    -0.012100
20150326     0.001100    -0.000500    -0.002200     0.00000    -0.000200
20150327     0.005000    -0.007000     0.003200     0.00000     0.011600
20150330     0.000200    -0.000300     0.012400     0.00000     0.001900
20150331     0.004200     0.003600    -0.007500     0.00000    -0.002300
20150401     0.003400     0.004100    -0.003800     0.00000    -0.001600
20150402    -0.000800     0.003100     0.003500     0.00000    -0.005700
20150406    -0.002800    -0.001500     0.006100     0.00000    -0.013100
20150407    -0.001900    -0.001500    -0.002200     0.00000    -0.003000
20150408     0.005300    -0.007200     0.003700     0.00000     0.012700
20150409    -0.007000    -0.000600     0.004100     0.00000    -0.008200
20150410    -0.000600    -0.002800     0.004900     0.00000     0.003300
20150413     0.005000     0.002300    -0.003800     0.00000     0.000500
20150414    -0.001900     0.001900     0.001100     0.00000    -0.011800
20150415     0.002300     0.003100     0.005700     0.00000    -0.017500
20150416    -0.000900    -0.002100    -0.000800     0.00000     0.005800
20150417    -0.004600     0.002200    -0.012300     0.00000     0.000900
20150420     0.001700    -0.002500     0.009500     0.00000     0.002900
20150421     0.001900    -0.007500    -0.001000     0.00000     0.013000
20150422    -0.003600     0.001800     0.004600     0.00000    -0.001800
20150423     0.002800    -0.002300     0.002900     0.00000    -0.002500
20150424    -0.005000    -0.002700     0.001700     0.00000     0.003700
20150427    -0.007100     0.005600    -0.005400     0.00000    -0.012700
20150428     0.002100     0.010100     0.002700     0.00000    -0.007500
20150429    -0.007500     0.007400    -0.003800     0.00000    -0.011800
20150430    -0.010700     0.007500    -0.011100     0.00000    -0.011500
20150501    -0.003000    -0.006100     0.010100     0.00000     0.010200
20150504     0.000200     0.002400     0.003200     0.00000     0.002300
20150505    -0.001500     0.005100    -0.011900     0.00000    -0.004400
20150506     0.006300    -0.001400    -0.003100     0.00000     0.004100
20150507     0.000400    -0.004000     0.003900     0.00000     0.008800
20150508    -0.005700    -0.001200     0.012100     0.00000     0.001400
20150511     0.006800    -0.000200    -0.003900     0.00000     0.005800
20150512    -0.000100     0.000700    -0.002700     0.00000    -0.003600
20150513     0.000000     0.000200     0.000100     0.00000    -0.001000
20150514    -0.001000    -0.003500     0.010100     0.00000     0.008700
20150515    -0.002300    -0.002000     0.000500     0.00000    -0.003800
20150518     0.007500    -0.000700     0.004400     0.00000     0.007600
20150519    -0.001100     0.002400    -0.000900     0.00000     0.008800
20150520     0.002200    -0.001300    -0.000500     0.00000    -0.002000
20150521    -0.003000    -0.000200     0.002300     0.00000    -0.005700
20150522    -0.001200    -0.001400    -0.002200     0.00000     0.003000
20150526    -0.000300    -0.000200    -0.010100     0.00000     0.004100
20150527     0.003400    -0.003300     0.009300     0.00000     0.008100
20150528     0.001000     0.001400    -0.001200     0.00000     0.002300
20150529     0.000300     0.000700    -0.005800     0.00000     0.001200
20150601    -0.000400    -0.002200     0.001700     0.00000     0.004300
20150602     0.003100     0.003200    -0.000200     0.00000    -0.008900
20150603     0.008700    -0.002400     0.003900     0.00000     0.003200
20150604    -0.001100    -0.000300    -0.008800     0.00000     0.001700
20150605     0.008000     0.000600     0.000600     0.00000    -0.002400
20150608     0.000200     0.000200    -0.006600     0.00000    -0.000200
20150609    -0.003000     0.003500     0.000200     0.00000    -0.000300
20150610     0.001400     0.001800     0.012000     0.00000    -0.001000
20150611    -0.000900    -0.001000     0.002100     0.00000     0.004500
20150612     0.003200     0.001300    -0.006300     0.00000     0.001000
20150615     0.001200    -0.001100    -0.004500     0.00000     0.003100
20150616     0.001100     0.000100     0.005700     0.00000     0.001400
20150617    -0.002800    -0.006300     0.001600     0.00000     0.001600
20150618     0.002100    -0.004400     0.009900     0.00000     0.008500
20150619     0.005600    -0.002000    -0.004300     0.00000     0.003900
20150622     0.000800    -0.000600     0.006300     0.00000     0.001900
20150623     0.002400     0.002700     0.001200     0.00000    -0.002600
20150624    -0.001100     0.001300    -0.007900     0.00000     0.000100
20150625     0.003700    -0.002000    -0.002500     0.00000     0.009100
20150626    -0.002200     0.004600    -0.000600     0.00000     0.000200
20150629    -0.004200     0.001800    -0.021500     0.00000     0.002800
20150630     0.003200    -0.006600     0.003300     0.00000     0.006900
20150701    -0.007700    -0.000500     0.006000     0.00000     0.016300
20150702    -0.005600    -0.000400    -0.001100     0.00000    -0.003100
20150706     0.001500    -0.005500    -0.003700     0.00000     0.014400
20150707    -0.004400    -0.002500     0.005300     0.00000    -0.003900
20150708    -0.000200     0.000900    -0.016800     0.00000     0.005800
20150709     0.001500    -0.000500     0.002800     0.00000     0.000300
20150710     0.002400    -0.005500     0.012400     0.00000     0.011300
20150713    -0.000800    -0.004300     0.011400     0.00000     0.000100
20150714     0.001500     0.001300     0.004700     0.00000    -0.002900
20150715    -0.008000    -0.000700    -0.001900     0.00000     0.013500
20150716    -0.001500    -0.006300     0.007800     0.00000     0.007700
20150717    -0.005900    -0.006400     0.000500     0.00000    -0.000300
20150720    -0.007200    -0.006100    -0.000100     0.00000     0.014000
20150721     0.000300     0.002900    -0.004700     0.00000    -0.003400
20150722     0.001900     0.002000    -0.001800     0.00000     0.011500
20150723    -0.003700    -0.003500    -0.006000     0.00000    -0.001600
20150724    -0.006100    -0.000100    -0.010800     0.00000     0.010600
20150727    -0.002400     0.000800    -0.007400     0.00000     0.002400
20150728    -0.003400    -0.001300     0.012300     0.00000    -0.008900
20150729    -0.003600     0.005300     0.007400     0.00000    -0.010600
20150730     0.001900    -0.002800     0.001200     0.00000     0.002300
20150731     0.008200    -0.010200    -0.001500     0.00000     0.012500
20150803    -0.003300    -0.001900    -0.003500     0.00000     0.010300
20150804     0.000700    -0.001900    -0.001400     0.00000     0.002800
20150805    -0.000100    -0.004500     0.003600     0.00000     0.008600
20150806    -0.005300     0.019900    -0.008800     0.00000    -0.022000
20150807    -0.004500    -0.003300    -0.003600     0.00000     0.010900
20150810     0.001500     0.006800     0.013200     0.00000    -0.020500
20150811    -0.000800     0.004300    -0.009800     0.00000     0.001200
20150812    -0.000800    -0.002700     0.000700     0.00000    -0.010400
20150813    -0.004300     0.000000    -0.001400     0.00000     0.014000
20150814     0.001300     0.004400     0.004300     0.00000     0.002200
20150817     0.004400    -0.008600     0.006000     0.00000     0.007300
20150818    -0.006300     0.003400    -0.003500     0.00000     0.002100
20150819    -0.001100    -0.002200    -0.008500     0.00000     0.012300
20150820    -0.002800     0.006200    -0.022400     0.00000    -0.004000
20150821     0.018300     0.001500    -0.029500     0.00000    -0.001100
20150824     0.003500    -0.004000    -0.039000     0.00000     0.000000
20150825     0.006900    -0.006000    -0.011700     0.00000     0.008800
20150826    -0.013500    -0.003600     0.036800     0.00000     0.004500
20150827    -0.006700     0.005900     0.024000     0.00000    -0.021200
20150828     0.009600     0.000700     0.002300     0.00000    -0.016100
20150831     0.007600     0.014100    -0.007400     0.00000    -0.018000
20150901     0.003200    -0.005000    -0.029100     0.00000     0.008800
20150902    -0.001600    -0.009300     0.018100     0.00000     0.010400
20150903    -0.003300     0.007200     0.001700     0.00000    -0.007400
20150904     0.008900    -0.005700    -0.013900     0.00000     0.007100
20150908    -0.003600    -0.005600     0.025200     0.00000     0.009000
20150909     0.001700     0.001100    -0.013400     0.00000     0.003100
20150910    -0.001100    -0.003200     0.004900     0.00000     0.003000
20150911    -0.001900    -0.006900     0.004400     0.00000     0.012500
20150914     0.000400    -0.000100    -0.004100     0.00000     0.004800
20150915    -0.001900     0.002600     0.012200     0.00000    -0.003900
20150916     0.000200     0.004300     0.008400     0.00000    -0.017400
20150917     0.009000    -0.015000    -0.001700     0.00000     0.010900
20150918     0.004500    -0.009400    -0.016200     0.00000     0.012900
20150921    -0.009300     0.012100     0.003600     0.00000    -0.001100
20150922    -0.002700     0.001500    -0.012900     0.00000     0.003900
20150923    -0.001700    -0.001400    -0.002700     0.00000     0.020000
20150924     0.002300     0.005800    -0.003600     0.00000    -0.005500
20150925    -0.016600     0.018900    -0.002200     0.00000    -0.005700
20150928    -0.002700     0.011700    -0.026300     0.00000    -0.003200
20150929    -0.007300     0.007200    -0.000700     0.00000    -0.003900
20150930    -0.004200    -0.004900     0.018800     0.00000     0.003600
20151001    -0.004500    -0.000600     0.001300     0.00000     0.006600
20151002     0.003400    -0.008400     0.014800     0.00000    -0.021800
20151005     0.006200     0.007700     0.019300     0.00000    -0.020300
20151006    -0.002400     0.017100    -0.004300     0.00000    -0.031300
20151007     0.007000    -0.002400     0.009400     0.00000    -0.003400
20151008     0.002300     0.007600     0.008400     0.00000    -0.015600
20151009     0.002100    -0.010800     0.001200     0.00000     0.004300
20151012    -0.003900    -0.000700     0.000600     0.00000     0.018700
20151013    -0.007400     0.006900    -0.007400     0.00000    -0.002300
20151014    -0.002600    -0.000100    -0.006000     0.00000    -0.007700
20151015     0.006600    -0.001700     0.015600     0.00000     0.006300
20151016    -0.004800    -0.003400     0.003600     0.00000     0.008200
20151019     0.001600    -0.007000     0.000000     0.00000     0.013500
20151020     0.000400     0.011700    -0.001500     0.00000    -0.010600
20151021    -0.008900    -0.001600    -0.007400     0.00000     0.004300
20151022    -0.007800     0.004500     0.015000     0.00000    -0.007500
20151023    -0.000300    -0.005500     0.010900     0.00000     0.010100
20151026    -0.002900    -0.007100    -0.002000     0.00000     0.017800
20151027    -0.008600    -0.008800    -0.004200     0.00000     0.017100
20151028     0.014100     0.006200     0.014300     0.00000    -0.007200
20151029    -0.008900     0.001100    -0.002000     0.00000    -0.004800
20151030     0.002200    -0.005400    -0.004100     0.00000    -0.010500
20151102     0.008400    -0.000400     0.012500     0.00000    -0.010000
20151103     0.004400     0.002000     0.003200     0.00000    -0.015200
20151104     0.003400    -0.003200    -0.002600     0.00000     0.007000
20151105     0.000300     0.004500    -0.000800     0.00000     0.010900
20151106     0.008200     0.002900     0.001400     0.00000     0.003300
20151109    -0.002000    -0.000500    -0.009500     0.00000     0.002700
20151110    -0.000100     0.002600     0.001300     0.00000     0.009300
20151111    -0.005200    -0.001800    -0.004300     0.00000     0.014100
20151112    -0.005000    -0.004500    -0.014500     0.00000     0.006800
20151113     0.003000     0.003800    -0.010600     0.00000    -0.005800
20151116    -0.005800     0.004600     0.013900     0.00000    -0.010400
20151117    -0.001200    -0.006600    -0.001100     0.00000     0.008700
20151118    -0.000100    -0.000800     0.016100     0.00000    -0.005500
20151119    -0.002600    -0.001000    -0.001300     0.00000     0.002300
20151120     0.004300    -0.004200     0.003500     0.00000     0.009200
20151123     0.006500    -0.003600    -0.000100     0.00000     0.000400
20151124     0.007000     0.002700     0.002100     0.00000    -0.013600
20151125     0.008600    -0.005700     0.000900     0.00000    -0.000500
20151127     0.002300    -0.003000     0.000900     0.00000     0.007800
20151130     0.001400     0.006800    -0.004700     0.00000    -0.006700
20151201    -0.006500     0.002500     0.009600     0.00000     0.004800
20151202     0.002500    -0.006900    -0.010100     0.00000     0.009800
20151203    -0.002200     0.004500    -0.015000     0.00000    -0.000800
20151204    -0.010400    -0.004900     0.018600     0.00000     0.019600
20151207    -0.008700    -0.006500    -0.008400     0.00000     0.006800
20151208     0.004900    -0.012300    -0.005900     0.00000     0.010700
20151209    -0.003300     0.004000    -0.008300     0.00000    -0.014400
20151210     0.001100    -0.002200     0.003000     0.00000    -0.005400
20151211    -0.002200    -0.000300    -0.020300     0.00000     0.004500
20151214    -0.010500    -0.001800     0.002900     0.00000     0.014600
20151215     0.000300     0.007800     0.011000     0.00000     0.000000
20151216     0.000100    -0.006400     0.014700     0.00000    -0.001900
20151217     0.003800    -0.003100    -0.014600     0.00000     0.007000
20151218     0.007600    -0.004000    -0.017000     0.00000    -0.007900
20151221    -0.001800    -0.000500     0.007400     0.00000    -0.000400
20151222    -0.000500     0.005200     0.008900     0.00000    -0.011000
20151223     0.001300     0.005700     0.013000     0.00000    -0.019100
20151224     0.003000    -0.000400    -0.001100     0.00000     0.000800
20151228    -0.004700    -0.003600    -0.002900     0.00000     0.014100
20151229     0.000900    -0.003100     0.010500     0.00000     0.002300
20151230    -0.001700    -0.001200    -0.007400     0.00000     0.004900
20151231    -0.002400     0.002300    -0.009200     0.00000    -0.009700
20160104    -0.008300     0.005300    -0.015900     0.00000    -0.019400
20160105    -0.002100     0.000000     0.001200     0.00000     0.006500
20160106    -0.001300     0.000100    -0.013500     0.00000     0.019200
20160107    -0.002800     0.001200    -0.024400     0.00000     0.008700
20160108    -0.004700    -0.000400    -0.011100     0.00000    -0.001100
20160111    -0.006500     0.003500    -0.000600     0.00000     0.016200
20160112    -0.003900    -0.007900     0.007100     0.00000     0.010300
20160113    -0.007100     0.008200    -0.026700     0.00000     0.001300
20160114    -0.000100    -0.004200     0.016500     0.00000    -0.006000
20160115     0.004200    -0.001800    -0.021400     0.00000     0.003700
20160119    -0.013400    -0.000400    -0.002000     0.00000     0.015700
20160120     0.018500    -0.012100    -0.009400     0.00000    -0.000200
20160121    -0.004800     0.000100     0.004500     0.00000    -0.026900
20160122     0.002100    -0.002200     0.020800     0.00000    -0.001700
20160125    -0.003700    -0.009600    -0.017100     0.00000     0.016100
20160126     0.003700     0.012300     0.015200     0.00000    -0.019500
20160127    -0.005600     0.017200    -0.011100     0.00000    -0.004900
20160128    -0.004700     0.012700     0.004900     0.00000     0.003700
20160129     0.004600     0.003900     0.025700     0.00000    -0.012000
20160201    -0.002000    -0.009600    -0.000400     0.00001     0.003700
20160202    -0.000200    -0.003400    -0.020000     0.00001     0.012500
20160203    -0.003200     0.004500     0.004600     0.00001    -0.024200
20160204     0.002000     0.003000     0.002700     0.00001    -0.021400
20160205    -0.010900     0.017800    -0.020600     0.00001    -0.008000
20160208    -0.000200     0.009500    -0.015100     0.00001     0.012000
20160209    -0.004800    -0.002800    -0.001000     0.00001     0.018600
20160210    -0.000500    -0.005800     0.000100     0.00001     0.007500
20160211     0.005100    -0.015000    -0.011700     0.00001     0.005400
20160212    -0.005300     0.011300     0.019800     0.00001    -0.012500
20160216     0.005500    -0.005700     0.017800     0.00001    -0.013800
20160217    -0.000500    -0.006500     0.017500     0.00001    -0.023600
20160218    -0.000100     0.002000    -0.005100     0.00001     0.001000
20160219     0.004300    -0.006300     0.000600     0.00001     0.014700
20160222    -0.002600     0.002300     0.014300     0.00001    -0.016300
20160223     0.004800    -0.005000    -0.012200     0.00001     0.015200
20160224     0.006800    -0.003000     0.005300     0.00001    -0.001800
20160225    -0.004300     0.002300     0.011000     0.00001     0.004600
20160226     0.008100     0.002600    -0.000100     0.00001    -0.020000
20160229     0.006600     0.002600    -0.006900     0.00001    -0.008000
20160301    -0.006400     0.002800     0.023400     0.00001    -0.001700
20160302     0.005100     0.007200     0.005400     0.00001    -0.026200
20160303     0.004300     0.006400     0.005100     0.00001    -0.020300
20160304     0.002700     0.003000     0.003700     0.00001    -0.010500
20160307     0.012100     0.005200     0.002100     0.00001    -0.023800
20160308    -0.011400    -0.004700    -0.012700     0.00001     0.036200
20160309     0.000400     0.003700     0.005000     0.00001    -0.001000
20160310    -0.008200     0.006400    -0.001100     0.00001     0.005800
20160311     0.002800     0.001700     0.016900     0.00001    -0.019400
20160314    -0.000700    -0.008800    -0.001200     0.00001    -0.000800
20160315    -0.014300     0.006700    -0.003600     0.00001     0.022200
20160316     0.001000    -0.000500     0.006300     0.00001    -0.011700
20160317     0.008400     0.005700     0.007200     0.00001    -0.009000
20160318     0.003400    -0.001700     0.005400     0.00001    -0.008200
20160321    -0.002100    -0.003100     0.001000     0.00001    -0.001800
20160322    -0.000100    -0.004500    -0.000500     0.00001    -0.000800
20160323    -0.011700    -0.000800    -0.008600     0.00001     0.031700
20160324     0.004600    -0.000600     0.000000     0.00001    -0.005600
20160328    -0.000200     0.001400     0.000400     0.00001     0.008000
20160329     0.017600    -0.011900     0.010700     0.00001    -0.001700
20160330    -0.002900     0.001400     0.004100     0.00001     0.000600
20160331     0.004400    -0.004800    -0.001100     0.00001    -0.011000
20160401    -0.002600    -0.006100     0.006400     0.00000     0.011100
20160404    -0.002500    -0.007700    -0.004100     0.00000     0.005100
20160405    -0.000700    -0.003600    -0.009400     0.00000     0.001800
20160406     0.001700    -0.008200     0.011400     0.00000    -0.014700
20160407    -0.000500    -0.003400    -0.012300     0.00000     0.002900
20160408     0.000200     0.006700     0.002900     0.00000    -0.006600
20160411    -0.001000     0.009400    -0.002800     0.00000     0.000700
20160412    -0.000600     0.008400     0.009900     0.00000    -0.013800
20160413     0.008500     0.003500     0.012300     0.00000    -0.013400
20160414    -0.002700     0.001900     0.000300     0.00000    -0.001400
20160415     0.003200    -0.003200    -0.000400     0.00000     0.004400
20160418     0.001000    -0.001900     0.006500     0.00000    -0.003400
20160419    -0.003600     0.014800     0.002900     0.00000    -0.006200
20160420    -0.000900     0.005200     0.001500     0.00000    -0.010500
20160421     0.001000    -0.005900    -0.004700     0.00000    -0.010600
20160422     0.008100     0.004900     0.001200     0.00000    -0.012500
20160425    -0.005700    -0.001900    -0.002400     0.00000     0.015500
20160426     0.006600     0.007700     0.002900     0.00000    -0.008500
20160427     0.000900     0.007000     0.002100     0.00000    -0.006400
20160428    -0.001500     0.000600    -0.009600     0.00000     0.007500
20160429    -0.001500     0.004200    -0.005000     0.00000     0.006700
20160502    -0.000100    -0.003700     0.007800     0.00001     0.009500
20160503    -0.006500    -0.004800    -0.010500     0.00001     0.015900
20160504    -0.001600     0.000700    -0.006600     0.00001     0.013100
20160505    -0.004900     0.000800    -0.000800     0.00001     0.002700
20160506     0.000400     0.002500     0.003800     0.00001     0.003300
20160509     0.003700    -0.014900     0.000400     0.00001     0.009200
20160510    -0.004000     0.004800     0.012600     0.00001    -0.006500
20160511    -0.003600     0.008000    -0.008900     0.00001     0.004200
20160512    -0.006000     0.001300    -0.001100     0.00001     0.013000
20160513     0.003800    -0.006700    -0.008200     0.00001     0.000600
20160516     0.002700    -0.002600     0.009900     0.00001    -0.007600
20160517    -0.007800     0.006100    -0.009500     0.00001    -0.015700
20160518     0.001000     0.008400     0.001000     0.00001     0.003100
20160519    -0.003200    -0.002700    -0.003300     0.00001     0.003100
20160520     0.009000    -0.003000     0.007500     0.00001    -0.012100
20160523     0.002600    -0.003200    -0.001900     0.00001    -0.002400
20160524     0.006800    -0.003300     0.014300     0.00001     0.000700
20160525    -0.002100     0.005700     0.007200     0.00001    -0.015500
20160526    -0.000900    -0.005100    -0.000400     0.00001     0.004600
20160527     0.003300    -0.002200     0.004900     0.00001    -0.002300
20160531     0.005100    -0.003700    -0.000100     0.00001    -0.006300
20160601     0.006400    -0.002200     0.002000     0.00001    -0.001200
20160602     0.003200    -0.005900     0.003500     0.00001    -0.006400
20160603    -0.001400    -0.000900    -0.003800     0.00001     0.006300
20160606     0.006700     0.003200     0.006000     0.00001    -0.013600
20160607     0.002000     0.001000     0.001200     0.00001    -0.000100
20160608     0.004400    -0.001100     0.003700     0.00001     0.005500
20160609    -0.004100    -0.002000    -0.002700     0.00001     0.011800
20160610    -0.003500    -0.001800    -0.010500     0.00001     0.015600
20160613    -0.003600     0.001000    -0.008300     0.00001     0.002500
20160614     0.002700    -0.006900    -0.001900     0.00001     0.005800
20160615     0.002500    -0.000700    -0.001100     0.00001    -0.005100
20160616    -0.003500    -0.004000     0.002400     0.00001     0.004800
20160617    -0.001000     0.009300    -0.003000     0.00001    -0.009500
20160620     0.006100    -0.000200     0.007100     0.00001    -0.003200
20160621    -0.006300     0.004900     0.002100     0.00001     0.005600
20160622    -0.003200     0.000800    -0.002000     0.00001     0.001200
20160623     0.004900     0.004300     0.014500     0.00001    -0.010800
20160624     0.001400    -0.011300    -0.037000     0.00001     0.019900
20160627    -0.009400    -0.006700    -0.020700     0.00001     0.028300
20160628    -0.003900     0.001300     0.017600     0.00001    -0.015200
20160629     0.002700    -0.000900     0.018000     0.00001    -0.007000
20160630     0.003500     0.004500     0.014200     0.00001     0.007000
20160701     0.005600    -0.004000     0.002400     0.00001    -0.010100
20160705    -0.006200    -0.013800    -0.008500     0.00001     0.018900
20160706     0.001900    -0.001200     0.006200     0.00001    -0.004400
20160707     0.003500    -0.001800     0.000200     0.00001    -0.005500
20160708     0.008800     0.003700     0.016000     0.00001    -0.006100
20160711     0.006100     0.002700     0.004300     0.00001    -0.001500
20160712     0.006200     0.010000     0.007500     0.00001    -0.015200
20160713    -0.005200     0.005000    -0.000500     0.00001     0.008400
20160714    -0.004200     0.004700     0.005100     0.00001    -0.006200
20160715     0.003100     0.000200    -0.000500     0.00001    -0.001100
20160718    -0.000100    -0.001100     0.002500     0.00001    -0.006900
20160719    -0.006200     0.000600    -0.002200     0.00001     0.006500
20160720     0.004700    -0.009100     0.004800     0.00001    -0.008100
20160721    -0.000600    -0.000200    -0.003800     0.00001    -0.003400
20160722     0.002400    -0.000900     0.004800     0.00001     0.003200
20160725    -0.000200    -0.002500    -0.002700     0.00001    -0.000900
20160726     0.005900     0.005700     0.001300     0.00001    -0.002500
20160727     0.006400    -0.004100    -0.001400     0.00001    -0.009100
20160728    -0.003800    -0.003000     0.001800     0.00001     0.002300
20160729    -0.000100     0.000300     0.001700     0.00001     0.001500
20160801     0.001800    -0.008800    -0.001600     0.00001    -0.000700
20160802    -0.006000     0.001600    -0.007000     0.00001     0.004500
20160803     0.004700     0.007900     0.004500     0.00001    -0.016500
20160804     0.000800    -0.003100     0.000500     0.00001     0.005700
20160805     0.004100     0.009100     0.009300     0.00001    -0.012700
20160808    -0.000100     0.005400    -0.000600     0.00001    -0.004500
20160809    -0.000300    -0.003100     0.000500     0.00001     0.004400
20160810    -0.004500    -0.001400    -0.002900     0.00001     0.008400
20160811     0.001400     0.000300     0.005400     0.00001    -0.007100
20160812     0.000600    -0.002000    -0.000600     0.00001    -0.002400
20160815     0.007500     0.004000     0.003900     0.00001    -0.010700
20160816    -0.002800     0.006000    -0.005700     0.00001    -0.003500
20160817    -0.005900     0.002200     0.001200     0.00001     0.004000
20160818     0.004500     0.003600     0.003200     0.00001     0.000400
20160819     0.001000    -0.001300    -0.001100     0.00001    -0.002300
20160822     0.002700    -0.003900    -0.000200     0.00001     0.001700
20160823     0.005500    -0.000300     0.002700     0.00001    -0.004000
20160824    -0.005000     0.004200    -0.005600     0.00001     0.004700
20160825     0.002000     0.004700    -0.000800     0.00001     0.004400
20160826     0.001400    -0.001300    -0.001500     0.00001    -0.004700
20160829    -0.000700     0.003600     0.005300     0.00001    -0.000800
20160830     0.000900     0.003000    -0.001400     0.00001    -0.004300
20160831    -0.003900     0.001300    -0.002400     0.00001     0.002500
20160901     0.001400    -0.005000     0.000300     0.00001     0.006200
20160902     0.003700     0.003500     0.005300     0.00001     0.000500
20160906     0.000700    -0.005500     0.002600     0.00001    -0.001500
20160907     0.006200     0.000200     0.000900     0.00001    -0.006300
20160908    -0.000400     0.005700    -0.001800     0.00001    -0.006700
20160909    -0.005800     0.003700    -0.024700     0.00001    -0.002000
20160912     0.000100    -0.004600     0.014400     0.00001    -0.002600
20160913    -0.002600    -0.004400    -0.014800     0.00001     0.001600
20160914     0.001300    -0.008200    -0.000800     0.00001     0.003400
20160915     0.002900    -0.003300     0.010700     0.00001     0.000900
20160916     0.003300    -0.004600    -0.003600     0.00001     0.001000
20160919     0.004000     0.001800     0.000500     0.00001     0.000500
20160920    -0.002100    -0.005200    -0.000200     0.00001     0.000100
20160921     0.001400     0.003400     0.011200     0.00001     0.005900
20160922     0.008300    -0.000500     0.007000     0.00001    -0.002000
20160923    -0.000900    -0.001700    -0.006000     0.00001    -0.003600
20160926    -0.002000    -0.003300    -0.008800     0.00001     0.004400
20160927    -0.000700    -0.005000     0.006400     0.00001     0.000300
20160928     0.002100     0.011100     0.005600     0.00001     0.003000
20160929    -0.004200     0.005300    -0.009800     0.00001     0.004100
20160930     0.003600     0.003500     0.008800     0.00001    -0.003300
20161003     0.000200    -0.002100    -0.002600     0.00001    -0.000700
20161004    -0.000300     0.001800    -0.004600     0.00001    -0.005700
20161005     0.002900     0.007900     0.005800     0.00001    -0.008000
20161006    -0.002600     0.003600    -0.000600     0.00001     0.007600
20161007    -0.005100     0.001700    -0.003800     0.00001     0.001900
20161010     0.005800    -0.000200     0.005200     0.00001     0.000400
20161011    -0.006100     0.004800    -0.013000     0.00001     0.000400
20161012    -0.002500     0.003800     0.000600     0.00001     0.005900
20161013    -0.006900    -0.006600    -0.004200     0.00001     0.001100
20161014    -0.003600     0.005800     0.000100     0.00001     0.003600
20161017    -0.000400     0.001400    -0.002900     0.00001     0.004900
20161018    -0.001500     0.000400     0.006000     0.00001    -0.003100
20161019     0.000000     0.009000     0.002500     0.00001    -0.003500
20161020    -0.000100    -0.001000    -0.001600     0.00001    -0.004100
20161021    -0.001300    -0.003200     0.000200     0.00001    -0.002700
20161024     0.000700    -0.001400     0.005400     0.00001     0.004000
20161025    -0.005800     0.002200    -0.004600     0.00001     0.000500
20161026    -0.008300     0.007600    -0.002300     0.00001    -0.007400
20161027    -0.009800     0.005800    -0.003300     0.00001    -0.001500
20161028    -0.001000     0.000900    -0.002900     0.00001     0.004900
20161031     0.000400     0.001500     0.000200     0.00001     0.008400
20161101    -0.003500     0.001500    -0.006800     0.00001    -0.002900
20161102    -0.006800     0.003700    -0.007300     0.00001     0.001900
20161103    -0.004600     0.010400    -0.004000     0.00001     0.008600
20161104     0.008900    -0.004600    -0.001200     0.00001    -0.006000
20161107     0.002200    -0.001500     0.022300     0.00001    -0.002700
20161108    -0.000700    -0.001900     0.004000     0.00001     0.005700
20161109     0.018900     0.010400     0.014600     0.00001    -0.020800
20161110     0.011200     0.017900     0.003200     0.00001    -0.019300
20161111     0.025100    -0.000100     0.001800     0.00001    -0.002100
20161114     0.006000     0.014400     0.002100     0.00001    -0.014800
20161115    -0.005400     0.001700     0.008000     0.00001     0.007500
20161116     0.003000    -0.005400    -0.001200     0.00001     0.007700
20161117     0.001400    -0.001300     0.005600     0.00001    -0.000900
20161118     0.005500     0.003700    -0.001600     0.00001     0.002000
20161121    -0.002400     0.000700     0.007700     0.00001     0.003400
20161122     0.005700     0.006200     0.003100     0.00001     0.005200
20161123     0.005200     0.002000     0.001600     0.00001    -0.004500
20161125    -0.000700    -0.002400     0.004000     0.00001     0.000900
20161128    -0.007700     0.000700    -0.006400     0.00001     0.006500
20161129    -0.003600    -0.000800     0.001100     0.00001     0.003200
20161130    -0.003900     0.022300    -0.002500     0.00001    -0.007300
20161201    -0.006800     0.020200    -0.003600     0.00001    -0.005000
20161202     0.000800    -0.003100     0.000000     0.00001     0.004400
20161205     0.011100     0.002700     0.007500     0.00001    -0.002600
20161206     0.006000     0.002500     0.004800     0.00001    -0.004500
20161207    -0.006400     0.005800     0.012600     0.00001     0.001500
20161208     0.011200     0.006100     0.003600     0.00001    -0.004000
20161209    -0.002900     0.001000     0.004600     0.00001    -0.007000
20161212    -0.009300    -0.001600    -0.003000     0.00001     0.001500
20161213    -0.005200    -0.002800     0.006000     0.00001    -0.001200
20161214    -0.003400    -0.002800    -0.008200     0.00001     0.000700
20161215     0.003800     0.003000     0.004600     0.00001     0.002700
20161216     0.000600    -0.004600    -0.002200     0.00001    -0.008000
20161219     0.002900     0.000700     0.002200     0.00001     0.001400
20161220     0.004400     0.006800     0.004400     0.00001     0.004600
20161221    -0.003900     0.002500    -0.002400     0.00001     0.002900
20161222    -0.007700     0.002700    -0.003000     0.00001     0.002900
20161223     0.005700    -0.005400     0.001900     0.00001    -0.004200
20161227     0.002100     0.001400     0.002700     0.00001     0.002800
20161228    -0.003000     0.000600    -0.008700     0.00001    -0.001400
20161229     0.001300    -0.003000    -0.000400     0.00001     0.000600
20161230    -0.001300     0.001800    -0.005200     0.00001    -0.003100
20170103    -0.000700     0.000700     0.008300     0.00002    -0.005900
20170104     0.009900    -0.001300     0.007900     0.00002    -0.004100
20170105    -0.008600    -0.008300    -0.002100     0.00002    -0.006600
20170106    -0.006200    -0.003200     0.002900     0.00002    -0.002300
20170109    -0.002800    -0.010600    -0.003700     0.00002    -0.003900
20170110     0.009900     0.005800     0.001600     0.00002     0.007200
20170111    -0.003300     0.005800     0.003100     0.00002     0.007800
20170112    -0.005800    -0.009000    -0.003000     0.00002    -0.005400
20170113     0.006200    -0.001000     0.002900     0.00002     0.001800
20170117    -0.008800    -0.005800    -0.004900     0.00002    -0.008900
20170118     0.002000     0.002800     0.002400     0.00002     0.004800
20170119    -0.005100    -0.000300    -0.003800     0.00002     0.003700
20170120     0.000600     0.001900     0.003300     0.00002     0.002500
20170123    -0.000300    -0.003300    -0.002900     0.00002     0.001000
20170124     0.006900     0.008000     0.008200     0.00002     0.011600
20170125     0.001500     0.003600     0.008400     0.00002     0.005100
20170126    -0.006000     0.004000    -0.001000     0.00002     0.005000
20170127     0.000300    -0.006500    -0.001200     0.00002     0.000300
20170130    -0.007300    -0.004300    -0.006800     0.00002    -0.007000
20170131     0.008800    -0.005800     0.000000     0.00002    -0.007100
