  PERMNO        date            RET        vwretd        ewretd        sprtrn
   77702    20070103      -0.004799     -0.001347     -0.000159     -0.001199
   77702    20070104       0.001135      0.000547      0.000591      0.001228
   77702    20070105      -0.004251     -0.007288     -0.009809     -0.006085
   77702    20070108      -0.003700      0.002567      0.001731      0.002220
   77702    20070109      -0.004284     -0.000001      0.000262     -0.000517
   77702    20070110      -0.003155      0.002096      0.001338      0.001940
   77702    20070111       0.030504      0.007322      0.007760      0.006340
   77702    20070112       0.002513      0.006142      0.006821      0.004853
   77702    20070116       0.008914      0.000314      0.000561      0.000818
   77702    20070117       0.001933     -0.000623     -0.000106     -0.000894
   77702    20070118      -0.014329     -0.004686     -0.007338     -0.002971
   77702    20070119      -0.006430      0.004345      0.005339      0.002895
   77702    20070122      -0.007034     -0.005371     -0.004337     -0.005278
   77702    20070123      -0.009634      0.005220      0.006200      0.003542
   77702    20070124      -0.004578      0.008813      0.006918      0.008501
   77702    20070125      -0.023570     -0.010733     -0.007872     -0.011270
   77702    20070126      -0.002649      0.000092      0.003034     -0.001208
   77702    20070129       0.020071      0.000142      0.003428     -0.001097
   77702    20070130       0.000000      0.005777      0.005123      0.005772
   77702    20070131       0.010995      0.006344      0.003520      0.006593
   77702    20070201      -0.015169      0.006259      0.006416      0.005354
   77702    20070202      -0.004069      0.001256      0.002299      0.001694
   77702    20070205      -0.007295     -0.000608     -0.001074     -0.000967
   77702    20070206      -0.010288      0.001509      0.003197      0.000698
   77702    20070207       0.000000      0.002194      0.003716      0.001395
   77702    20070208      -0.007425     -0.000428      0.001075     -0.001179
   77702    20070209      -0.013764     -0.006907     -0.004901     -0.007077
   77702    20070212      -0.008799     -0.003885     -0.002915     -0.003261
   77702    20070213      -0.000306      0.008050      0.005359      0.007597
   77702    20070214       0.020821      0.007226      0.004639      0.007644
   77702    20070215      -0.003599      0.001728      0.001444      0.001038
   77702    20070216      -0.006322      0.000505      0.002640     -0.000872
   77702    20070220      -0.005756      0.003575      0.005982      0.002844
   77702    20070221      -0.012797     -0.000291      0.001667     -0.001404
   77702    20070222       0.018827     -0.000382      0.002277     -0.000858
   77702    20070223      -0.007876     -0.002571      0.000068     -0.003564
   77702    20070226      -0.022592     -0.001259     -0.001080     -0.001254
   77702    20070227      -0.039366     -0.034111     -0.031232     -0.034725
   77702    20070228       0.004878      0.004746      0.003802      0.005561
   77702    20070301      -0.016505     -0.002848     -0.004932     -0.002595
   77702    20070302      -0.016782     -0.012475     -0.011435     -0.011403
   77702    20070305      -0.015730     -0.012016     -0.017184     -0.009408
   77702    20070306       0.020061      0.016743      0.017683      0.015494
   77702    20070307       0.015667     -0.001346      0.000064     -0.002465
   77702    20070308       0.007548      0.007243      0.005598      0.007127
   77702    20070309      -0.012704      0.001629      0.001708      0.000685
   77702    20070312      -0.007918      0.003146      0.004002      0.002673
   77702    20070313      -0.023612     -0.020152     -0.017483     -0.020368
   77702    20070314      -0.001362      0.005427      0.002280      0.006691
   77702    20070315       0.009209      0.004783      0.006076      0.003684
   77702    20070316       0.033457     -0.003609     -0.003144     -0.003828
   77702    20070319       0.015043      0.011054      0.007394      0.010894
   77702    20070320       0.010954      0.006793      0.005634      0.006334
   77702    20070321       0.028362      0.016755      0.012048      0.017081
   77702    20070322      -0.019523     -0.000143      0.002375     -0.000348
   77702    20070323      -0.006953      0.001714      0.002268      0.001094
   77702    20070326       0.016868      0.000552      0.000050      0.000968
   77702    20070327      -0.007199     -0.005695     -0.004883     -0.006184
   77702    20070328      -0.013871     -0.006998     -0.004442     -0.007966
   77702    20070329       0.001598      0.003515      0.001980      0.003740
   77702    20070330       0.000958     -0.000367      0.002461     -0.001174
   77702    20070402      -0.003508      0.003036      0.002025      0.002597
   77702    20070403       0.007680      0.008916      0.006778      0.009280
   77702    20070404      -0.004763      0.001486      0.001204      0.001113
   77702    20070405       0.001914      0.003625      0.003187      0.003050
   77702    20070409      -0.008280      0.000584      0.000858      0.000589
   77702    20070410       0.000642      0.002690      0.002476      0.002617
   77702    20070411      -0.013800     -0.005862     -0.004224     -0.006573
   77702    20070412      -0.001952      0.006381      0.005780      0.006206
   77702    20070413       0.002934      0.003735      0.005191      0.003488
   77702    20070416       0.009428      0.010486      0.009227      0.010751
   77702    20070417      -0.000322      0.001028     -0.000892      0.002050
   77702    20070418      -0.001933      0.000312     -0.000862      0.000693
   77702    20070419      -0.006456     -0.002798     -0.004174     -0.001202
   77702    20070420       0.028590      0.009334      0.007880      0.009261
   77702    20070423      -0.002843     -0.001734     -0.000693     -0.002304
   77702    20070424      -0.007285     -0.000737     -0.001111     -0.000351
   77702    20070425       0.015954      0.009473      0.005081      0.010139
   77702    20070426      -0.000628     -0.000592     -0.000090     -0.000782
   77702    20070427      -0.010057     -0.000789     -0.001686     -0.000120
   77702    20070430      -0.015238     -0.009288     -0.008639     -0.007831
   77702    20070501      -0.000322      0.001748     -0.000804      0.002651
   77702    20070502       0.007739      0.008281      0.009140      0.006472
   77702    20070503       0.011840      0.003888      0.001993      0.004325
   77702    20070504      -0.029096      0.002887      0.002650      0.002150
   77702    20070507      -0.011401      0.002603      0.000893      0.002564
   77702    20070508      -0.005601     -0.001402     -0.002055     -0.001166
   77702    20070509      -0.004639      0.003685      0.003003      0.003223
   77702    20070510      -0.016644     -0.013744     -0.013007     -0.013956
   77702    20070511       0.002370      0.010358      0.008263      0.009641
   77702    20070514      -0.023978     -0.002700     -0.004631     -0.001793
   77702    20070515      -0.017647     -0.001857     -0.006056     -0.001304
   77702    20070516      -0.006692      0.007334      0.002548      0.008626
   77702    20070517       0.009574     -0.000504     -0.002035     -0.000918
   77702    20070518       0.016860      0.006784      0.005646      0.006610
   77702    20070521       0.011399      0.003246      0.005990      0.001543
   77702    20070522      -0.009221      0.000936      0.004045     -0.000643
   77702    20070523      -0.004137     -0.000939     -0.000894     -0.001207
   77702    20070524      -0.020076     -0.011321     -0.011304     -0.009703
   77702    20070525       0.010597      0.006378      0.006418      0.005453
   77702    20070529      -0.001398      0.003060      0.004874      0.001570
   77702    20070530       0.004550      0.008236      0.004318      0.007984
   77702    20070531       0.003833      0.001608      0.004507      0.000255
   77702    20070601       0.011107      0.005132      0.005396      0.003737
   77702    20070604      -0.010299      0.002108      0.002545      0.001849
   77702    20070605      -0.008325     -0.005315     -0.003570     -0.005347
   77702    20070606      -0.015390     -0.009361     -0.007294     -0.008864
   77702    20070607      -0.025222     -0.018107     -0.014220     -0.017570
   77702    20070608       0.008382      0.010775      0.006328      0.011370
   77702    20070611      -0.004698      0.001117      0.000193      0.000962
   77702    20070612       0.007262     -0.010828     -0.010319     -0.010682
   77702    20070613       0.001081      0.014169      0.008852      0.015184
   77702    20070614      -0.005762      0.005360      0.004925      0.004816
   77702    20070615       0.005795      0.007417      0.007951      0.006527
   77702    20070618      -0.003961     -0.000898      0.000237     -0.001213
   77702    20070619      -0.002531      0.001779      0.002899      0.001731
   77702    20070620      -0.009786     -0.012711     -0.008315     -0.013601
   77702    20070621      -0.038799      0.005389      0.002338      0.006180
   77702    20070622      -0.027418     -0.010741     -0.005932     -0.012896
   77702    20070625       0.004698     -0.004825     -0.006476     -0.003208
   77702    20070626       0.004287     -0.004023     -0.003078     -0.003238
   77702    20070627       0.013970      0.009351      0.008031      0.009009
   77702    20070628       0.012247      0.000737      0.002357     -0.000418
   77702    20070629      -0.007940     -0.000727      0.000124     -0.001567
   77702    20070702      -0.007241      0.011410      0.008541      0.010696
   77702    20070703       0.011900      0.003443      0.002199      0.003580
   77702    20070705      -0.000759      0.001213      0.001641      0.000348
   77702    20070706       0.007973      0.004469      0.003896      0.003304
   77702    20070709      -0.007910      0.001551      0.002156      0.000921
   77702    20070710      -0.008732     -0.013594     -0.010451     -0.014185
   77702    20070711      -0.004596      0.005066      0.002479      0.005721
   77702    20070712      -0.001154      0.017516      0.010693      0.019055
   77702    20070713       0.004237      0.003177      0.001082      0.003101
   77702    20070716       0.000384     -0.003053     -0.004465     -0.001919
   77702    20070717      -0.008190     -0.000070      0.000060     -0.000097
   77702    20070718       0.024495     -0.001557     -0.003549     -0.002065
   77702    20070719       0.045660      0.004852      0.005587      0.004469
   77702    20070720      -0.000361     -0.011677     -0.009234     -0.012221
   77702    20070723       0.016967      0.003035     -0.000493      0.004869
   77702    20070724       0.004132     -0.020134     -0.019044     -0.019804
   77702    20070725      -0.011539      0.002685     -0.002476      0.004666
   77702    20070726      -0.018956     -0.023861     -0.021884     -0.023339
   77702    20070727      -0.018359     -0.014735     -0.010659     -0.015992
   77702    20070730       0.001991      0.009312      0.004439      0.010254
   77702    20070731      -0.011119     -0.010141     -0.003866     -0.012647
   77702    20070801       0.019490      0.004120     -0.005684      0.007243
   77702    20070802      -0.010294      0.005971      0.004093      0.004359
   77702    20070803      -0.022660     -0.025938     -0.022608     -0.026586
   77702    20070806       0.022045      0.018019      0.000292      0.024151
   77702    20070807       0.008550      0.006585      0.005444      0.006159
   77702    20070808       0.022128      0.015620      0.017730      0.014072
   77702    20070809       0.011905     -0.026896     -0.015539     -0.029650
   77702    20070810      -0.000356     -0.000489     -0.000983      0.000379
   77702    20070813      -0.008203     -0.000565     -0.001632     -0.000495
   77702    20070814      -0.023732     -0.019065     -0.017482     -0.018157
   77702    20070815      -0.021363     -0.015667     -0.016756     -0.013908
   77702    20070816       0.001505      0.001856     -0.003934      0.003249
   77702    20070817       0.003382      0.024412      0.021044      0.024567
   77702    20070820       0.007865      0.001611      0.004000     -0.000270
   77702    20070821       0.016351      0.002159      0.003189      0.001086
   77702    20070822       0.006947      0.013032      0.013399      0.011713
   77702    20070823      -0.000726     -0.001610     -0.002708     -0.001072
   77702    20070824       0.002544      0.012340      0.009734      0.011535
   77702    20070827      -0.007974     -0.008306     -0.004717     -0.008504
   77702    20070828      -0.017903     -0.023438     -0.018346     -0.023473
   77702    20070829       0.022321      0.021819      0.016636      0.021922
   77702    20070830      -0.004731     -0.003800     -0.002015     -0.004181
   77702    20070831       0.007313      0.012294      0.012035      0.011217
   77702    20070904       0.006171      0.011107      0.008003      0.010468
   77702    20070905      -0.010101     -0.010075     -0.007605     -0.011501
   77702    20070906       0.005102      0.004423      0.003937      0.004252
   77702    20070907      -0.015228     -0.016223     -0.012456     -0.016908
   77702    20070910      -0.004418     -0.002902     -0.005696     -0.001273
   77702    20070911       0.010725      0.013511      0.009619      0.013632
   77702    20070912       0.000000      0.000217     -0.001838      0.000048
   77702    20070913       0.005488      0.007388      0.001737      0.008420
   77702    20070914       0.005822      0.001269      0.002020      0.000202
   77702    20070917      -0.012301     -0.005811     -0.007233     -0.005120
   77702    20070918       0.019414      0.029284      0.023126      0.029208
   77702    20070919      -0.001797      0.005780      0.008313      0.006086
   77702    20070920      -0.010439     -0.005202     -0.004042     -0.006723
   77702    20070921      -0.000728      0.004908      0.004343      0.004609
   77702    20070924      -0.011649     -0.004465     -0.004006     -0.005256
   77702    20070925      -0.002210     -0.000440     -0.002189     -0.000343
   77702    20070926       0.022148      0.005502      0.005468      0.005411
   77702    20070927      -0.026002      0.005353      0.006289      0.003907
   77702    20070928      -0.028550     -0.002693     -0.001759     -0.003023
   77702    20071001       0.004584      0.013721      0.012510      0.013290
   77702    20071002       0.010634      0.000502      0.004613     -0.000265
   77702    20071003      -0.002256     -0.005149     -0.003678     -0.004552
   77702    20071004      -0.000754      0.002715      0.003147      0.002111
   77702    20071005       0.012066      0.011820      0.012578      0.009560
   77702    20071008      -0.006706     -0.003015     -0.002330     -0.003217
   77702    20071009       0.004239      0.008052      0.006015      0.008096
   77702    20071010      -0.008329     -0.000234      0.001133     -0.001712
   77702    20071011      -0.008663     -0.005190     -0.007075     -0.005158
   77702    20071012       0.000760      0.005323      0.005038      0.004754
   77702    20071015      -0.008732     -0.008590     -0.008211     -0.008381
   77702    20071016      -0.001532     -0.007028     -0.006445     -0.006573
   77702    20071017       0.012658      0.002856      0.001282      0.001761
   77702    20071018       0.009848      0.000367      0.000275     -0.000753
   77702    20071019      -0.021005     -0.024579     -0.020862     -0.025616
   77702    20071022       0.003448      0.003271      0.003888      0.003798
   77702    20071023      -0.001909      0.010247      0.007452      0.008803
   77702    20071024      -0.002678     -0.003231     -0.004885     -0.002441
   77702    20071025       0.003836     -0.001014     -0.002178     -0.000976
   77702    20071026       0.000000      0.013814      0.010359      0.013788
   77702    20071029       0.002293      0.005378      0.002905      0.003713
   77702    20071030      -0.003050     -0.006902     -0.005777     -0.006463
   77702    20071031       0.020268      0.013180      0.009573      0.011992
   77702    20071101      -0.031859     -0.025894     -0.024110     -0.026423
   77702    20071102      -0.011614      0.002062     -0.000496      0.000802
   77702    20071105      -0.022327     -0.006619     -0.009896     -0.004955
   77702    20071106      -0.000401      0.012831      0.006438      0.012049
   77702    20071107      -0.033667     -0.026873     -0.022753     -0.029370
   77702    20071108      -0.029448     -0.000589     -0.001326     -0.000576
   77702    20071109      -0.035470     -0.015038     -0.010192     -0.014287
   77702    20071112       0.025255     -0.014027     -0.011189     -0.009988
   77702    20071113       0.036733      0.027903      0.018369      0.029093
   77702    20071114       0.010838     -0.005798     -0.004734     -0.007069
   77702    20071115      -0.006186     -0.014099     -0.011762     -0.013212
   77702    20071116      -0.038589      0.004584     -0.001511      0.005230
   77702    20071119      -0.012948     -0.018686     -0.020127     -0.017460
   77702    20071120       0.010057      0.003994     -0.003493      0.004486
   77702    20071121      -0.012554     -0.015272     -0.011390     -0.015927
   77702    20071123       0.011399      0.016334      0.015283      0.016891
   77702    20071126      -0.038578     -0.020446     -0.016998     -0.023239
   77702    20071127       0.019387      0.012180      0.003977      0.014930
   77702    20071128       0.015480      0.029412      0.024263      0.028560
   77702    20071129       0.003484     -0.000343     -0.000088      0.000477
   77702    20071130       0.015191      0.007108      0.007040      0.007770
   77702    20071203      -0.024797     -0.005528     -0.006714     -0.005887
   77702    20071204      -0.020605     -0.007245     -0.007345     -0.006540
   77702    20071205       0.013876      0.014448      0.010811      0.015190
   77702    20071206       0.008830      0.015723      0.016994      0.015037
   77702    20071207      -0.010066     -0.000222      0.002029     -0.001778
   77702    20071210       0.004863      0.007776      0.005163      0.007510
   77702    20071211      -0.036727     -0.025431     -0.020362     -0.025271
   77702    20071212      -0.000694      0.005691      0.002328      0.006050
   77702    20071213      -0.017367     -0.000990     -0.005211      0.001224
   77702    20071214      -0.011628     -0.013465     -0.013185     -0.013746
   77702    20071217      -0.051765     -0.016021     -0.017896     -0.015021
   77702    20071218       0.022333      0.006432      0.007592      0.006280
   77702    20071219      -0.027670     -0.000333      0.000468     -0.001361
   77702    20071220       0.024963      0.006286      0.005770      0.004900
   77702    20071221       0.025816      0.017092      0.015064      0.016670
   77702    20071224       0.007597      0.009140      0.009065      0.008077
   77702    20071226      -0.018850      0.001501      0.003201      0.000809
   77702    20071227      -0.017291     -0.013542     -0.014165     -0.014216
   77702    20071228      -0.016129      0.002043     -0.000388      0.001436
   77702    20071231       0.016890     -0.006524      0.001093     -0.006852
   77702    20080102      -0.056668     -0.011799     -0.006595     -0.014438
   77702    20080103      -0.031590     -0.000952     -0.004544      0.000000
   77702    20080104      -0.031551     -0.025649     -0.022417     -0.024552
   77702    20080107       0.014909      0.000197     -0.001854      0.003223
   77702    20080108       0.080522     -0.017024     -0.014033     -0.018352
   77702    20080109      -0.020141      0.010005     -0.000434      0.013624
   77702    20080110       0.043679      0.008402      0.009699      0.007948
   77702    20080111      -0.025603     -0.013902     -0.011295     -0.013595
   77702    20080114      -0.012127      0.010457      0.007797      0.010871
   77702    20080115      -0.036317     -0.024734     -0.018427     -0.024925
   77702    20080116       0.024416     -0.006669     -0.000088     -0.005612
   77702    20080117      -0.012953     -0.027715     -0.021596     -0.029093
   77702    20080118      -0.020472     -0.005572     -0.007317     -0.006045
   77702    20080122       0.000536     -0.009412     -0.010336     -0.011085
   77702    20080123       0.076058      0.019795      0.018216      0.021442
   77702    20080124       0.017919      0.012553      0.011073      0.010063
   77702    20080125      -0.038631     -0.012994     -0.001540     -0.015872
   77702    20080128       0.000000      0.017171      0.013508      0.017556
   77702    20080129       0.015768      0.006383      0.007683      0.006152
   77702    20080130      -0.037556     -0.005366     -0.002545     -0.004764
   77702    20080131      -0.016129      0.014955      0.015154      0.016772
   77702    20080201       0.016393      0.015986      0.015751      0.012238
   77702    20080204      -0.001561     -0.008982     -0.003026     -0.010463
   77702    20080205      -0.035435     -0.030842     -0.021564     -0.031995
   77702    20080206      -0.019449     -0.007992     -0.007234     -0.007624
   77702    20080207       0.020937      0.007728      0.005190      0.007886
   77702    20080208      -0.014571     -0.002062     -0.002751     -0.004204
   77702    20080211       0.014239      0.005802      0.002814      0.005889
   77702    20080212       0.010259      0.006273      0.004114      0.007266
   77702    20080213       0.007483      0.014371      0.013170      0.013604
   77702    20080214      -0.035544     -0.013210     -0.013637     -0.013421
   77702    20080215       0.006051     -0.000454     -0.004058      0.000838
   77702    20080219      -0.010388      0.000613      0.002554     -0.000896
   77702    20080220       0.008840      0.008862      0.005108      0.008341
   77702    20080221      -0.023549     -0.011838     -0.009669     -0.012867
   77702    20080222       0.023556      0.006788      0.000398      0.007881
   77702    20080225       0.013699      0.015084      0.013327      0.013813
   77702    20080226       0.030270      0.008226      0.009598      0.006918
   77702    20080227      -0.001049     -0.000766     -0.000004     -0.000919
   77702    20080228      -0.024685     -0.007706     -0.008707     -0.008942
   77702    20080229      -0.031879     -0.026141     -0.020156     -0.027090
   77702    20080303      -0.007120     -0.000421     -0.005173      0.000534
   77702    20080304       0.002801     -0.004786     -0.006713     -0.003448
   77702    20080305       0.013402      0.006936      0.003282      0.005238
   77702    20080306      -0.029763     -0.022016     -0.021415     -0.022014
   77702    20080307      -0.028409     -0.008743     -0.007650     -0.008410
   77702    20080310      -0.017544     -0.018204     -0.020818     -0.015463
   77702    20080311       0.055952      0.035774      0.027089      0.037130
   77702    20080312      -0.007328     -0.007009     -0.004186     -0.008996
   77702    20080313       0.001136      0.007298      0.007472      0.005127
   77702    20080314      -0.013613     -0.020001     -0.018156     -0.020783
   77702    20080317      -0.007476     -0.014935     -0.020958     -0.008959
   77702    20080318       0.056779      0.039579      0.028541      0.042410
   77702    20080319      -0.040570     -0.026080     -0.017065     -0.024287
   77702    20080320       0.001714      0.021198      0.014586      0.023944
   77702    20080324       0.020536      0.017597      0.021720      0.015321
   77702    20080325       0.005590      0.005734      0.010894      0.002304
   77702    20080326      -0.018344     -0.006414     -0.002748     -0.008766
   77702    20080327      -0.002265     -0.010132     -0.004629     -0.011460
   77702    20080328      -0.032350     -0.007968     -0.007239     -0.007950
   77702    20080331       0.026393      0.005303      0.005286      0.005687
   77702    20080401       0.057143      0.032130      0.020949      0.035896
   77702    20080402       0.005405      0.000373      0.003264     -0.001934
   77702    20080403      -0.013979      0.002678      0.001723      0.001302
   77702    20080404       0.008724      0.001960      0.002790      0.000796
   77702    20080407      -0.010270      0.001722      0.001831      0.001562
   77702    20080408      -0.018023     -0.003178     -0.002678     -0.005100
   77702    20080409      -0.028365     -0.008984     -0.011449     -0.008092
   77702    20080410       0.004579      0.005614      0.005070      0.004474
   77702    20080411      -0.016524     -0.019545     -0.015648     -0.020374
   77702    20080414      -0.016802     -0.002553     -0.004390     -0.003384
   77702    20080415       0.020625      0.005080      0.002152      0.004600
   77702    20080416       0.020785      0.024167      0.017917      0.022691
   77702    20080417      -0.001131     -0.001209     -0.001984      0.000623
   77702    20080418       0.035108      0.016558      0.012480      0.018139
   77702    20080421      -0.012582     -0.000549     -0.001554     -0.001554
   77702    20080422      -0.019390     -0.009270     -0.012820     -0.008810
   77702    20080423       0.008475      0.001117      0.002103      0.002900
   77702    20080424      -0.104202      0.005065      0.007875      0.006442
   77702    20080425      -0.008130      0.006924      0.005700      0.006495
   77702    20080428      -0.012610      0.000256      0.003713     -0.001052
   77702    20080429       0.034483     -0.005672     -0.004852     -0.003889
   77702    20080430       0.001852     -0.001534      0.001720     -0.003846
   77702    20080501       0.025878      0.014538      0.010972      0.017141
   77702    20080502      -0.011411      0.003253      0.000372      0.003236
   77702    20080505      -0.007290     -0.002632     -0.001149     -0.004534
   77702    20080506       0.001224      0.008433      0.006279      0.007652
   77702    20080507      -0.025061     -0.015897     -0.011596     -0.018114
   77702    20080508      -0.006270      0.004613      0.002007      0.003669
   77702    20080509       0.000631     -0.004573     -0.000632     -0.006725
   77702    20080512       0.011349      0.011000      0.010799      0.011021
   77702    20080513      -0.005611      0.000771      0.002637     -0.000385
   77702    20080514      -0.001881      0.003051      0.002006      0.004006
   77702    20080515       0.009422      0.011151      0.008123      0.010585
   77702    20080516       0.060834      0.002437      0.001134      0.001250
   77702    20080519       0.001314     -0.000199     -0.000465      0.000898
   77702    20080520      -0.013474     -0.005974     -0.003441     -0.009274
   77702    20080521      -0.009501     -0.015343     -0.009030     -0.016053
   77702    20080522       0.024580      0.002912      0.003284      0.002617
   77702    20080523      -0.008192     -0.011544     -0.007284     -0.013210
   77702    20080527       0.033038      0.004900      0.006128      0.006846
   77702    20080528       0.018275      0.005714      0.003516      0.003963
   77702    20080529       0.028043      0.004381      0.005273      0.005335
   77702    20080530      -0.007638      0.003259      0.004897      0.001516
   77702    20080602      -0.014294     -0.008999     -0.008327     -0.010504
   77702    20080603      -0.010039     -0.004852     -0.001827     -0.005788
   77702    20080604       0.020845     -0.000893      0.001370     -0.000327
   77702    20080605       0.022075      0.020245      0.014712      0.019496
   77702    20080606      -0.045896     -0.026691     -0.019843     -0.030889
   77702    20080609      -0.008489     -0.000578     -0.007748      0.000794
   77702    20080610       0.018265     -0.004987     -0.005347     -0.002438
   77702    20080611      -0.015135     -0.015188     -0.014960     -0.016894
   77702    20080612       0.014229      0.001445      0.001061      0.003280
   77702    20080613       0.019641      0.014697      0.012216      0.015046
   77702    20080616       0.009906      0.003271      0.005438      0.000081
   77702    20080617      -0.012534     -0.003933     -0.004316     -0.006771
   77702    20080618      -0.019316     -0.008274     -0.008334     -0.009712
   77702    20080619       0.012380      0.002409      0.002759      0.003752
   77702    20080620      -0.042246     -0.017481     -0.013799     -0.018543
   77702    20080623      -0.053976     -0.000847     -0.008986      0.000053
   77702    20080624       0.016564     -0.006222     -0.009818     -0.002815
   77702    20080625       0.032589      0.006262      0.007374      0.005843
   77702    20080626      -0.048510     -0.026190     -0.019210     -0.029365
   77702    20080627       0.004300     -0.002492     -0.005735     -0.003717
   77702    20080630      -0.037309     -0.001021     -0.005703      0.001267
   77702    20080701      -0.007624      0.001835     -0.006281      0.003836
   77702    20080702       0.003841     -0.020979     -0.018104     -0.018204
   77702    20080703      -0.007653     -0.002414     -0.006058      0.001094
   77702    20080707      -0.039203     -0.008580     -0.011638     -0.008385
   77702    20080708       0.026087      0.017031      0.018354      0.017080
   77702    20080709      -0.040417     -0.019371     -0.014158     -0.022776
   77702    20080710      -0.023777      0.007651      0.002293      0.006990
   77702    20080711      -0.021573     -0.008285     -0.003134     -0.011090
   77702    20080714      -0.004267     -0.008213     -0.012314     -0.009028
   77702    20080715      -0.030000     -0.011497     -0.009188     -0.010901
   77702    20080716       0.055965      0.024045      0.026523      0.025064
   77702    20080717       0.003487      0.009661      0.016424      0.012013
   77702    20080718      -0.003475      0.000356      0.000886      0.000286
   77702    20080721      -0.017434      0.003976      0.006922     -0.000539
   77702    20080722       0.073811      0.011134      0.015198      0.013492
   77702    20080723       0.019167      0.001832      0.006601      0.004064
   77702    20080724      -0.057069     -0.024307     -0.018608     -0.023125
   77702    20080725      -0.008253      0.005544      0.006381      0.004168
   77702    20080728      -0.013176     -0.016525     -0.013749     -0.018597
   77702    20080729       0.053408      0.021244      0.016848      0.023356
   77702    20080730      -0.021348      0.016488      0.006791      0.016672
   77702    20080731       0.001363     -0.011709     -0.002699     -0.013144
   77702    20080801      -0.018380     -0.005174     -0.000643     -0.005578
   77702    20080804      -0.024965     -0.013364     -0.012175     -0.008966
   77702    20080805       0.032717      0.024489      0.013529      0.028719
   77702    20080806       0.028926      0.005722      0.006614      0.003354
   77702    20080807      -0.028112     -0.016834     -0.012514     -0.017934
   77702    20080808       0.041322      0.019178      0.015856      0.023893
   77702    20080811       0.078042      0.006662      0.010688      0.006943
   77702    20080812       0.003681     -0.009628     -0.005649     -0.012051
   77702    20080813      -0.003668     -0.000113      0.002639     -0.002916
   77702    20080814       0.038037      0.005063      0.006583      0.005522
   77702    20080815      -0.013593      0.001344     -0.000840      0.004076
   77702    20080818      -0.010785     -0.013381     -0.009901     -0.015098
   77702    20080819      -0.033919     -0.008866     -0.011698     -0.009315
   77702    20080820      -0.011285      0.006860      0.002737      0.006197
   77702    20080821      -0.005707      0.003188     -0.002198      0.002495
   77702    20080822       0.022959      0.009519      0.009552      0.011333
   77702    20080825      -0.032419     -0.018542     -0.015097     -0.019625
   77702    20080826      -0.000644      0.003556      0.002901      0.003686
   77702    20080827       0.005158      0.009580      0.008219      0.007983
   77702    20080828       0.025016      0.014314      0.013386      0.014840
   77702    20080829      -0.026283     -0.011673     -0.003383     -0.013724
   77702    20080902       0.011568     -0.006992     -0.003504     -0.004093
   77702    20080903       0.012071     -0.002963     -0.000438     -0.002035
   77702    20080904      -0.053358     -0.028926     -0.021585     -0.029922
   77702    20080905       0.006631      0.003849     -0.000287      0.004431
   77702    20080908       0.023715      0.014857      0.007695      0.020510
   77702    20080909      -0.032175     -0.034931     -0.028931     -0.034138
   77702    20080910       0.001330      0.008548      0.003563      0.006149
   77702    20080911       0.037849      0.010959     -0.002843      0.013806
   77702    20080912      -0.019194      0.005352      0.004946      0.002122
   77702    20080915      -0.016308     -0.045665     -0.039339     -0.047136
   77702    20080916       0.062997      0.015190      0.003425      0.017515
   77702    20080917      -0.028072     -0.045473     -0.040852     -0.047133
   77702    20080918       0.028883      0.044136      0.041546      0.043342
   77702    20080919       0.006862      0.046048      0.049560      0.040257
   77702    20080922      -0.054523     -0.036785     -0.026831     -0.038237
   77702    20080923      -0.013106     -0.015606     -0.012835     -0.015633
   77702    20080924      -0.011288     -0.003268     -0.009146     -0.001978
   77702    20080925       0.002686      0.016569      0.008866      0.019656
   77702    20080926       0.002009     -0.001992     -0.008251      0.003167
   77702    20080929      -0.052807     -0.082545     -0.061278     -0.087897
   77702    20080930       0.049400      0.046621      0.027763      0.054203
   77702    20081001      -0.004707     -0.005667     -0.004615     -0.004544
   77702    20081002      -0.042568     -0.045656     -0.039095     -0.040291
   77702    20081003      -0.035992     -0.014291     -0.016888     -0.013506
   77702    20081006      -0.050512     -0.042416     -0.059322     -0.038518
   77702    20081007      -0.053200     -0.057907     -0.047021     -0.057395
   77702    20081008      -0.061075     -0.011616     -0.026835     -0.011333
   77702    20081009      -0.045100     -0.072738     -0.063671     -0.076167
   77702    20081010       0.006358     -0.012089     -0.006462     -0.011759
   77702    20081013       0.059567      0.114898      0.107422      0.115800
   77702    20081014      -0.037479     -0.009036     -0.001674     -0.005322
   77702    20081015      -0.104425     -0.089763     -0.070781     -0.090350
   77702    20081016       0.043478      0.039641      0.029535      0.042507
   77702    20081017      -0.010417     -0.002485      0.001630     -0.006213
   77702    20081020       0.065072      0.046518      0.035555      0.047685
   77702    20081021      -0.055705     -0.031473     -0.020675     -0.030800
   77702    20081022      -0.049477     -0.059115     -0.048848     -0.061013
   77702    20081023       0.027027      0.000892     -0.020278      0.012634
   77702    20081024      -0.056530     -0.033442     -0.031303     -0.034511
   77702    20081027      -0.009298     -0.036946     -0.035385     -0.031764
   77702    20081028       0.132430      0.095269      0.050386      0.107890
   77702    20081029       0.043278      0.001438      0.021629     -0.011079
   77702    20081030       0.113857      0.031982      0.035643      0.025804
   77702    20081031       0.040412      0.018099      0.033921      0.015365
   77702    20081103      -0.045697     -0.000639      0.008679     -0.002529
   77702    20081104      -0.007183      0.038998      0.026558      0.040826
   77702    20081105      -0.061897     -0.050706     -0.037383     -0.052677
   77702    20081106      -0.049700     -0.049089     -0.038082     -0.050264
   77702    20081107      -0.048693      0.026406      0.014462      0.028855
   77702    20081110      -0.033175     -0.013298     -0.019190     -0.012653
   77702    20081111      -0.020588     -0.024388     -0.028206     -0.022041
   77702    20081112      -0.066066     -0.053602     -0.053999     -0.051894
   77702    20081113      -0.002144      0.067983      0.048470      0.069213
   77702    20081114      -0.075188     -0.043637     -0.039602     -0.041699
   77702    20081117       0.003484     -0.023976     -0.022056     -0.025810
   77702    20081118      -0.030093      0.005705     -0.010726      0.009838
   77702    20081119      -0.048926     -0.063935     -0.064334     -0.061156
   77702    20081120      -0.100376     -0.070097     -0.067040     -0.067123
   77702    20081121       0.092050      0.061101      0.033462      0.063248
   77702    20081124       0.079183      0.066109      0.063643      0.064723
   77702    20081125      -0.028402      0.009689      0.015473      0.006551
   77702    20081126       0.069427      0.038377      0.052113      0.035328
   77702    20081128       0.017084      0.010104      0.020016      0.009643
   77702    20081201      -0.109742     -0.089365     -0.078240     -0.089295
   77702    20081202       0.072956      0.037684      0.035206      0.039941
   77702    20081203       0.012896      0.024010      0.014731      0.025836
   77702    20081204      -0.003472     -0.030128     -0.021850     -0.029308
   77702    20081205       0.059233      0.036124      0.026043      0.036499
   77702    20081208       0.052632      0.040404      0.037923      0.038387
   77702    20081209      -0.034375     -0.022345     -0.014899     -0.023118
   77702    20081210       0.028047      0.015133      0.022018      0.011894
   77702    20081211      -0.058762     -0.029871     -0.026441     -0.028524
   77702    20081212       0.041249      0.010485      0.017839      0.007028
   77702    20081215      -0.036403     -0.013854     -0.019337     -0.012686
   77702    20081216       0.080000      0.052837      0.046643      0.051360
   77702    20081217       0.011317     -0.004833      0.010979     -0.009593
   77702    20081218      -0.024415     -0.020511     -0.011857     -0.021163
   77702    20081219       0.030240      0.003897      0.003826      0.002937
   77702    20081222      -0.052632     -0.019132     -0.012689     -0.018302
   77702    20081223      -0.018162     -0.007590     -0.007736     -0.009717
   77702    20081224       0.016322      0.004512      0.005042      0.005781
   77702    20081226       0.001071      0.007193      0.011107      0.005356
   77702    20081229      -0.034225     -0.004360     -0.015163     -0.003873
   77702    20081230       0.036545      0.024765      0.021418      0.024407
   77702    20081231       0.010684      0.017405      0.034456      0.014158
   77702    20090102       0.040169      0.030501      0.038274      0.031608
   77702    20090105       0.008130     -0.000579      0.016764     -0.004668
   77702    20090106       0.030242      0.011298      0.033647      0.007817
   77702    20090107      -0.022505     -0.030489     -0.022271     -0.030010
   77702    20090108       0.015015      0.006284      0.011896      0.003397
   77702    20090109      -0.036489     -0.022409     -0.018748     -0.021303
   77702    20090112      -0.018424     -0.025559     -0.026589     -0.022564
   77702    20090113      -0.022941      0.003514      0.003554      0.001758
   77702    20090114      -0.035219     -0.035197     -0.035065     -0.033460
   77702    20090115       0.026549      0.004632      0.005630      0.001329
   77702    20090116       0.019397      0.008440      0.008792      0.007562
   77702    20090120      -0.060254     -0.055272     -0.051506     -0.052816
   77702    20090121       0.017998      0.043227      0.036151      0.043491
   77702    20090122       0.007735     -0.018218     -0.021960     -0.015162
   77702    20090123      -0.004386      0.006842      0.003373      0.005378
   77702    20090126      -0.008811      0.006132      0.010067      0.005553
   77702    20090127       0.016667      0.011296      0.010037      0.010926
   77702    20090128       0.054645      0.033780      0.030523      0.033558
   77702    20090129       0.000000     -0.032822     -0.028890     -0.033120
   77702    20090130      -0.021762     -0.020768     -0.012829     -0.022789
   77702    20090202       0.000000     -0.001067      0.001559     -0.000533
   77702    20090203       0.041314      0.014356      0.008983      0.015834
   77702    20090204      -0.006104     -0.004439     -0.004053     -0.007489
   77702    20090205       0.036847      0.015526      0.011978      0.016366
   77702    20090206       0.040474      0.027933      0.026723      0.026896
   77702    20090209       0.017078      0.001233      0.000768      0.001485
   77702    20090210      -0.076493     -0.045996     -0.035051     -0.049121
   77702    20090211       0.009091      0.007304      0.004636      0.007955
   77702    20090212       0.019019      0.002613     -0.000766      0.001739
   77702    20090213      -0.004912     -0.008815     -0.002111     -0.009998
   77702    20090217      -0.047384     -0.045266     -0.041883     -0.045559
   77702    20090218       0.000000     -0.003762     -0.011621     -0.000950
   77702    20090219      -0.013471     -0.011169     -0.015135     -0.012024
   77702    20090220       0.006302     -0.011763     -0.020020     -0.011413
   77702    20090223      -0.043841     -0.036124     -0.030842     -0.034699
   77702    20090224       0.040393      0.040182      0.037750      0.040103
   77702    20090225      -0.011542     -0.010665     -0.015518     -0.010658
   77702    20090226      -0.042463     -0.012146     -0.007036     -0.015780
   77702    20090227       0.014412     -0.019050     -0.010451     -0.023564
   77702    20090302      -0.041530     -0.049809     -0.055698     -0.046620
   77702    20090303      -0.021665     -0.006326     -0.013924     -0.006407
   77702    20090304       0.029138      0.025902      0.029680      0.023753
   77702    20090305      -0.030578     -0.041835     -0.049091     -0.042532
   77702    20090306      -0.023365      0.001617     -0.002234      0.001216
   77702    20090309      -0.010765     -0.011360     -0.016324     -0.010024
   77702    20090310       0.103990      0.063380      0.062630      0.063663
   77702    20090311       0.009858      0.004059      0.005505      0.002446
   77702    20090312       0.092191      0.041914      0.051270      0.040729
   77702    20090313       0.048659      0.006025      0.009588      0.007739
   77702    20090316       0.020833     -0.004790      0.001275     -0.003516
   77702    20090317       0.033395      0.031009      0.030369      0.032140
   77702    20090318       0.032316      0.022361      0.034165      0.020858
   77702    20090319       0.007826     -0.007989      0.007670     -0.012979
   77702    20090320      -0.037101     -0.020299     -0.014139     -0.019769
   77702    20090323       0.080645      0.069052      0.064792      0.070758
   77702    20090324      -0.061360     -0.019962     -0.016054     -0.020415
   77702    20090325      -0.014134      0.009016      0.017815      0.009626
   77702    20090326       0.110215      0.025259      0.035827      0.023320
   77702    20090327      -0.050040     -0.021631     -0.021526     -0.020316
   77702    20090330      -0.043331     -0.036229     -0.031872     -0.034819
   77702    20090331      -0.013322      0.014244      0.020144      0.013130
   77702    20090401       0.005401      0.017208      0.015828      0.016557
   77702    20090402       0.058192      0.031716      0.039004      0.028727
   77702    20090403      -0.010998      0.011631      0.012703      0.009732
   77702    20090406      -0.023097     -0.009799     -0.007213     -0.008332
   77702    20090407      -0.020140     -0.024644     -0.020098     -0.023855
   77702    20090408       0.026810      0.013118      0.017512      0.011783
   77702    20090409       0.044386      0.039484      0.045860      0.038053
   77702    20090413       0.000833      0.003951      0.007468      0.002533
   77702    20090414      -0.011657     -0.019503     -0.012727     -0.020065
   77702    20090415      -0.017692      0.012434      0.013648      0.012549
   77702    20090416      -0.004288      0.016087      0.020373      0.015539
   77702    20090417       0.038760      0.006018      0.013755      0.004969
   77702    20090420      -0.057214     -0.044750     -0.042003     -0.042790
   77702    20090421       0.038698      0.022725      0.029020      0.021252
   77702    20090422       0.064352     -0.005672      0.005406     -0.007682
   77702    20090423       0.062848      0.009217      0.001729      0.009922
   77702    20090424       0.011228      0.018993      0.021507      0.016797
   77702    20090427      -0.022946     -0.011384     -0.011690     -0.010067
   77702    20090428       0.022727     -0.002822      0.005018     -0.002740
   77702    20090429       0.014074      0.024493      0.028567      0.021610
   77702    20090430       0.056245     -0.000435      0.004244     -0.000950
   77702    20090501      -0.045643      0.005980      0.008472      0.005396
   77702    20090504       0.031884      0.035865      0.037638      0.033868
   77702    20090505      -0.001404     -0.003456      0.002787     -0.003792
   77702    20090506      -0.014065      0.016030      0.015205      0.017404
   77702    20090507      -0.000713     -0.015463     -0.011281     -0.013202
   77702    20090508      -0.024982      0.027318      0.034000      0.024069
   77702    20090511      -0.015373     -0.020736     -0.006809     -0.021512
   77702    20090512      -0.020074     -0.002659     -0.005772     -0.000979
   77702    20090513      -0.032625     -0.031142     -0.036948     -0.026895
   77702    20090514      -0.001569      0.012409      0.013597      0.010352
   77702    20090515       0.016496     -0.010643     -0.008198     -0.011410
   77702    20090518       0.034776      0.033016      0.034462      0.030389
   77702    20090519       0.002240      0.000507      0.004847     -0.001737
   77702    20090520       0.009687     -0.001787      0.000386     -0.005131
   77702    20090521      -0.008856     -0.016573     -0.013909     -0.016758
   77702    20090522      -0.032018     -0.000097      0.000888     -0.001497
   77702    20090526       0.038462      0.028116      0.027228      0.026302
   77702    20090527      -0.007407     -0.017272     -0.010079     -0.018971
   77702    20090528       0.023134      0.015060      0.008296      0.015419
   77702    20090529       0.049599      0.014743      0.014973      0.013575
   77702    20090601       0.036831      0.027024      0.029234      0.025818
   77702    20090602      -0.006702      0.003102      0.006477      0.001983
   77702    20090603       0.032389     -0.017261     -0.010874     -0.013739
   77702    20090604      -0.008497      0.013639      0.019881      0.011484
   77702    20090605      -0.005274     -0.003115      0.001207     -0.002515
   77702    20090608      -0.007952     -0.002646     -0.003553     -0.001011
   77702    20090609       0.015364      0.005493      0.008719      0.003503
   77702    20090610      -0.019737     -0.002837     -0.002291     -0.003480
   77702    20090611      -0.042953      0.007218      0.010810      0.006112
   77702    20090612       0.020337     -0.001359     -0.002603      0.001397
   77702    20090615      -0.029553     -0.025417     -0.023409     -0.023769
   77702    20090616      -0.008499     -0.013118     -0.011482     -0.012720
   77702    20090617       0.021429     -0.003016     -0.001874     -0.001382
   77702    20090618      -0.013287      0.006611      0.003136      0.008411
   77702    20090619       0.009213      0.004106      0.006317      0.003114
   77702    20090622      -0.037219     -0.033150     -0.033322     -0.030600
   77702    20090623       0.032823      0.002263     -0.002680      0.002307
   77702    20090624       0.003531      0.008940      0.008663      0.006524
   77702    20090625       0.044335      0.021621      0.021953      0.021444
   77702    20090626      -0.020890      0.000870      0.009696     -0.001478
   77702    20090629       0.007571      0.007693      0.002620      0.009065
   77702    20090630      -0.051230     -0.007753     -0.001692     -0.008531
   77702    20090701       0.007919      0.006079      0.011727      0.004362
   77702    20090702      -0.043571     -0.028146     -0.024530     -0.029145
   77702    20090706       0.000747     -0.001709     -0.008867      0.002566
   77702    20090707      -0.032090     -0.019556     -0.015998     -0.019684
   77702    20090708       0.005397     -0.003653     -0.010970     -0.001669
   77702    20090709       0.046012      0.004872      0.005021      0.003547
   77702    20090710      -0.013930     -0.003390     -0.000116     -0.004022
   77702    20090713       0.044610      0.023932      0.016221      0.024934
   77702    20090714       0.004270      0.007252      0.008311      0.005316
   77702    20090715       0.021970      0.031137      0.029617      0.029630
   77702    20090716      -0.000693      0.009456      0.008224      0.008642
   77702    20090717       0.002082     -0.000100     -0.001876     -0.000383
   77702    20090720       0.033241      0.013489      0.015346      0.011432
   77702    20090721      -0.015416      0.002492     -0.001750      0.003627
   77702    20090722       0.183798      0.000625      0.006326     -0.000534
   77702    20090723      -0.007476      0.024245      0.022672      0.023290
   77702    20090724      -0.002318      0.004319      0.006538      0.003042
   77702    20090727       0.004646      0.003430      0.007161      0.002982
   77702    20090728       0.003468     -0.003762      0.001287     -0.002606
   77702    20090729      -0.011521     -0.006491     -0.005145     -0.004563
   77702    20090730       0.027389      0.013390      0.015049      0.011896
   77702    20090731       0.003971      0.002684      0.004968      0.000740
   77702    20090803       0.032203      0.017978      0.019051      0.015342
   77702    20090804       0.023536      0.002504      0.006835      0.003012
   77702    20090805      -0.010695     -0.002039      0.000603     -0.002914
   77702    20090806      -0.010811     -0.007496     -0.007208     -0.005625
   77702    20090807       0.039891      0.013311      0.017849      0.013439
   77702    20090810       0.008933     -0.004375      0.002095     -0.003345
   77702    20090811      -0.017708     -0.013754     -0.011713     -0.012660
   77702    20090812       0.019618      0.012274      0.012435      0.011525
   77702    20090813       0.021321      0.008375      0.007157      0.006880
   77702    20090814      -0.026477     -0.010003     -0.012073     -0.008531
   77702    20090817      -0.026151     -0.026003     -0.025879     -0.024261
   77702    20090818       0.020945      0.012012      0.015007      0.010146
   77702    20090819       0.005786      0.006916      0.006590      0.006861
   77702    20090820       0.005230      0.010675      0.010307      0.010949
   77702    20090821       0.025494      0.018207      0.016437      0.018623
   77702    20090824      -0.023846     -0.000862      0.001050     -0.000546
   77702    20090825       0.013514      0.002731      0.005311      0.002369
   77702    20090826      -0.007692     -0.000800      0.003465      0.000117
   77702    20090827       0.004651      0.003054      0.002991      0.002782
   77702    20090828      -0.005658     -0.001423     -0.001743     -0.001988
   77702    20090831      -0.017589     -0.009180     -0.009000     -0.008076
   77702    20090901      -0.022644     -0.021946     -0.019637     -0.022124
   77702    20090902       0.000000     -0.002636     -0.000628     -0.003296
   77702    20090903       0.007004      0.010692      0.010589      0.008535
   77702    20090904       0.017656      0.013981      0.013220      0.013118
   77702    20090908       0.009464      0.010417      0.011746      0.008845
   77702    20090909       0.046354      0.007777      0.011660      0.007782
   77702    20090910      -0.005973      0.011151      0.012918      0.010422
   77702    20090911      -0.004006      0.000080      0.002029     -0.001350
   77702    20090914       0.009553      0.006382      0.008107      0.006339
   77702    20090915      -0.014442      0.006169      0.009201      0.003135
   77702    20090916       0.003032      0.016261      0.017454      0.015324
   77702    20090917       0.011587     -0.003709     -0.000030     -0.003060
   77702    20090918       0.033865      0.001857      0.002461      0.002637
   77702    20090921      -0.004335     -0.004269     -0.001788     -0.003407
   77702    20090922      -0.009676      0.008552      0.009561      0.006575
   77702    20090923      -0.038104     -0.010370     -0.004688     -0.010068
   77702    20090924      -0.026409     -0.012666     -0.015964     -0.009511
   77702    20090925       0.034429     -0.006349     -0.002446     -0.006091
   77702    20090928       0.039839      0.017946      0.015758      0.017810
   77702    20090929      -0.011639     -0.001067      0.000059     -0.002230
   77702    20090930       0.013248     -0.002880     -0.004316     -0.003328
   77702    20091001      -0.032930     -0.027083     -0.024204     -0.025760
   77702    20091002      -0.011517     -0.005305     -0.006507     -0.004506
   77702    20091005       0.016211      0.016008      0.015677      0.014875
   77702    20091006       0.023430      0.014545      0.013401      0.013705
   77702    20091007      -0.006332      0.003054      0.002384      0.002712
   77702    20091008       0.003431      0.009685      0.009296      0.007470
   77702    20091009      -0.011236      0.005240      0.006573      0.005641
   77702    20091012       0.005929      0.003887      0.000513      0.004386
   77702    20091013      -0.008350     -0.001923     -0.000480     -0.002788
   77702    20091014       0.017335      0.017816      0.014102      0.017546
   77702    20091015       0.008763      0.002401      0.000130      0.004157
   77702    20091016      -0.003861     -0.008152     -0.006059     -0.008098
   77702    20091019       0.014535      0.009987      0.007874      0.009405
   77702    20091020      -0.019580     -0.007961     -0.009123     -0.006239
   77702    20091021      -0.009255     -0.008341     -0.006952     -0.008854
   77702    20091022       0.015733      0.010135      0.006973      0.010644
   77702    20091023      -0.018877     -0.012721     -0.013168     -0.012179
   77702    20091026      -0.010854     -0.013199     -0.012990     -0.011717
   77702    20091027      -0.047880     -0.006300     -0.010169     -0.003318
   77702    20091028      -0.018334     -0.023836     -0.030392     -0.019541
   77702    20091029       0.041622      0.023807      0.020349      0.022520
   77702    20091030      -0.027664     -0.028001     -0.023885     -0.028065
   77702    20091102       0.021075      0.005083     -0.001022      0.006456
   77702    20091103       0.002064      0.005747      0.009401      0.002426
   77702    20091104      -0.010814      0.000868     -0.002387      0.001043
   77702    20091105       0.025508      0.019374      0.020275      0.019236
   77702    20091106       0.072081      0.001553     -0.000597      0.002503
   77702    20091109      -0.000947      0.023287      0.015690      0.022239
   77702    20091110       0.014692     -0.000672     -0.006304     -0.000064
   77702    20091111       0.014012      0.005482      0.005813      0.005032
   77702    20091112      -0.001382     -0.011722     -0.014038     -0.010259
   77702    20091113       0.004613      0.006826      0.007887      0.005739
   77702    20091116       0.012856      0.015592      0.016714      0.014468
   77702    20091117      -0.003173      0.001240     -0.001824      0.000919
   77702    20091118      -0.012278     -0.000941     -0.001355     -0.000468
   77702    20091119      -0.008748     -0.014008     -0.014576     -0.013426
   77702    20091120      -0.005574     -0.003930     -0.001469     -0.003215
   77702    20091123       0.009341      0.012969      0.010755      0.013616
   77702    20091124      -0.012957     -0.001308     -0.002305     -0.000533
   77702    20091125       0.022972      0.005832      0.003686      0.004504
   77702    20091127      -0.017873     -0.018551     -0.016764     -0.017233
   77702    20091130       0.021932      0.003947      0.002433      0.003793
   77702    20091201      -0.007763      0.014008      0.012539      0.012075
   77702    20091202      -0.002301      0.002344      0.005848      0.000343
   77702    20091203      -0.025830     -0.008821     -0.006843     -0.008402
   77702    20091204       0.022727      0.005362      0.011082      0.005509
   77702    20091207      -0.009259     -0.001580      0.001961     -0.002468
   77702    20091208      -0.008411     -0.010582     -0.007915     -0.010252
   77702    20091209       0.003770      0.003537      0.002190      0.003672
   77702    20091210       0.047418      0.005291     -0.001180      0.005840
   77702    20091211       0.004034      0.003171      0.005236      0.003683
   77702    20091214       0.019643      0.008465      0.009914      0.006959
   77702    20091215      -0.004816     -0.004612     -0.004277     -0.005547
   77702    20091216      -0.012758      0.003300      0.005027      0.001128
   77702    20091217      -0.008467     -0.012545     -0.010307     -0.011811
   77702    20091218       0.064270      0.006088      0.005057      0.005830
   77702    20091221      -0.022804      0.009733      0.009406      0.010504
   77702    20091222       0.025065      0.004602      0.005825      0.003564
   77702    20091223       0.000843      0.004718      0.008581      0.002299
   77702    20091224      -0.003370      0.005241      0.005349      0.005256
   77702    20091228       0.006340      0.000984     -0.000148      0.001154
   77702    20091229      -0.012600     -0.000931      0.001684     -0.001401
   77702    20091230      -0.008507     -0.000668      0.000497      0.000195
   77702    20091231      -0.010725     -0.008658     -0.002657     -0.010050
   77702    20100104      -0.000434      0.017120      0.019120      0.016043
   77702    20100105       0.023427      0.003368      0.002475      0.003116
   77702    20100106      -0.007206      0.002052      0.003210      0.000546
   77702    20100107      -0.002562      0.002854      0.006887      0.004001
   77702    20100108      -0.003425      0.004162      0.007230      0.002882
   77702    20100111      -0.003007      0.001122      0.003568      0.001747
   77702    20100112      -0.016803     -0.010990     -0.010170     -0.009381
   77702    20100113       0.024321      0.008639      0.008890      0.008326
   77702    20100114       0.007487      0.002320      0.004431      0.002427
   77702    20100115      -0.011890     -0.011321     -0.008664     -0.010823
   77702    20100119       0.013322      0.012053      0.011286      0.012500
   77702    20100120      -0.012299     -0.011061     -0.009048     -0.010598
   77702    20100121       0.016574     -0.017736     -0.014191     -0.018945
   77702    20100122      -0.032353     -0.020990     -0.014432     -0.022141
   77702    20100125      -0.022261      0.003892      0.000975      0.004598
   77702    20100126       0.006250     -0.004906     -0.006016     -0.004203
   77702    20100127      -0.005768      0.004153      0.001880      0.004880
   77702    20100128      -0.014726     -0.011294     -0.008876     -0.011818
   77702    20100129      -0.013134     -0.010282     -0.008187     -0.009829
   77702    20100201       0.020193      0.015087      0.011349      0.014266
   77702    20100202       0.009897      0.012228      0.008665      0.012973
   77702    20100203      -0.000891     -0.004966     -0.003824     -0.005474
   77702    20100204      -0.027642     -0.031957     -0.028128     -0.031141
   77702    20100205      -0.005043      0.002661      0.000458      0.002897
   77702    20100208       0.009677     -0.008230     -0.005335     -0.008863
   77702    20100209       0.012780      0.013881      0.011905      0.013040
   77702    20100210       0.008112     -0.001473      0.000019     -0.002233
   77702    20100211       0.008493      0.012092      0.012792      0.009680
   77702    20100212       0.001773     -0.000656      0.003123     -0.002745
   77702    20100216       0.012389      0.017966      0.014436      0.018001
   77702    20100217       0.011801      0.004660      0.005052      0.004238
   77702    20100218       0.004752      0.006187      0.004380      0.006585
   77702    20100219       0.004299      0.002455      0.001960      0.002187
   77702    20100222      -0.019692     -0.001113      0.001982     -0.001046
   77702    20100223      -0.009607     -0.013061     -0.008435     -0.012103
   77702    20100224       0.017637      0.008520      0.005359      0.009720
   77702    20100225      -0.007799     -0.000715     -0.000977     -0.002081
   77702    20100226       0.000437      0.001851      0.001597      0.001405
   77702    20100301       0.016587      0.011972      0.012952      0.010159
   77702    20100302       0.001717      0.004406      0.007842      0.002330
   77702    20100303      -0.011573      0.001601      0.002859      0.000429
   77702    20100304      -0.006071      0.003093      0.004644      0.003736
   77702    20100305       0.019634      0.014478      0.015175      0.014008
   77702    20100308      -0.002140      0.000735      0.003796     -0.000176
   77702    20100309       0.012865      0.001687      0.002511      0.001713
   77702    20100310       0.025826      0.005052      0.006236      0.004525
   77702    20100311       0.001651      0.003972      0.003270      0.004042
   77702    20100312       0.000412      0.000743      0.000601     -0.000217
   77702    20100315       0.005766     -0.000685     -0.003177      0.000452
   77702    20100316       0.035627      0.008738      0.007168      0.007779
   77702    20100317       0.010676      0.005597      0.004720      0.005822
   77702    20100318      -0.021127     -0.002025     -0.002675     -0.000326
   77702    20100319      -0.001998     -0.006887     -0.007943     -0.005087
   77702    20100322       0.010813      0.005857      0.006290      0.005095
   77702    20100323       0.006735      0.007664      0.008460      0.007171
   77702    20100324      -0.004723     -0.006608     -0.005124     -0.005493
   77702    20100325      -0.042705     -0.002439     -0.003449     -0.001704
   77702    20100326       0.015696      0.000649      0.000860      0.000738
   77702    20100329       0.000813      0.006782      0.005706      0.005683
   77702    20100330      -0.002032      0.000456      0.001620      0.000043
   77702    20100331      -0.011808     -0.002771     -0.002941     -0.003273
   77702    20100401      -0.001236      0.008643      0.006961      0.007414
   77702    20100405       0.019389      0.009537      0.013157      0.007928
   77702    20100406      -0.000406      0.002104      0.005226      0.001684
   77702    20100407       0.012602     -0.005357     -0.000953     -0.005877
   77702    20100408      -0.003212      0.002841      0.002693      0.003374
   77702    20100409      -0.004430      0.006695      0.005845      0.006684
   77702    20100412      -0.009304      0.001783      0.003880      0.001767
   77702    20100413       0.009800      0.000735      0.001568      0.000685
   77702    20100414       0.004448      0.012321      0.014968      0.011150
   77702    20100415       0.011675      0.000094      0.002761      0.000843
   77702    20100416      -0.006765     -0.016102     -0.010972     -0.016127
   77702    20100419      -0.002404      0.002259     -0.002911      0.004521
   77702    20100420       0.014458      0.009800      0.011963      0.008058
   77702    20100421       0.005146     -0.000545      0.002920     -0.001019
   77702    20100422       0.073257      0.003579      0.007550      0.002264
   77702    20100423       0.000367      0.007440      0.010052      0.007124
   77702    20100426       0.004769     -0.003209      0.002661     -0.004296
   77702    20100427      -0.031398     -0.023834     -0.018843     -0.023382
   77702    20100428      -0.011685      0.005231      0.001557      0.006463
   77702    20100429       0.014493      0.013618      0.013165      0.012943
   77702    20100430      -0.023308     -0.016824     -0.015029     -0.016648
   77702    20100503       0.046189      0.012861      0.011350      0.013121
   77702    20100504      -0.042311     -0.025346     -0.023949     -0.023838
   77702    20100505       0.007299     -0.009192     -0.013600     -0.006561
   77702    20100506      -0.023265     -0.032544     -0.033685     -0.032378
   77702    20100507      -0.006228     -0.015837     -0.016989     -0.015308
   77702    20100510       0.062455      0.044894      0.042804      0.043974
   77702    20100511      -0.012574     -0.000931      0.004202     -0.003397
   77702    20100512       0.043071      0.016244      0.019124      0.013740
   77702    20100513      -0.014722     -0.010841     -0.004875     -0.012145
   77702    20100514      -0.033892     -0.019384     -0.018568     -0.018800
   77702    20100517       0.015089     -0.000563     -0.003146      0.001109
   77702    20100518      -0.012263     -0.013634     -0.012871     -0.014196
   77702    20100519      -0.014673     -0.007144     -0.013290     -0.005130
   77702    20100520      -0.041619     -0.040348     -0.039086     -0.038976
   77702    20100521       0.007570      0.015276      0.011578      0.015024
   77702    20100524      -0.008699     -0.012030     -0.006556     -0.012908
   77702    20100525      -0.005983     -0.000157     -0.006476      0.000354
   77702    20100526      -0.008427     -0.002870      0.004575     -0.005661
   77702    20100527       0.053015      0.035090      0.033655      0.032876
   77702    20100528      -0.004996     -0.011745     -0.006630     -0.012375
   77702    20100601      -0.007339     -0.018500     -0.020678     -0.017165
   77702    20100602       0.034241      0.026559      0.020297      0.025843
   77702    20100603       0.010534      0.004793      0.005511      0.004051
   77702    20100604      -0.026340     -0.035851     -0.032259     -0.034411
   77702    20100607      -0.023420     -0.014001     -0.018182     -0.013532
   77702    20100608       0.012138      0.009216     -0.001221      0.010976
   77702    20100609       0.017795     -0.003829     -0.000242     -0.005942
   77702    20100610       0.025466      0.029493      0.024915      0.029507
   77702    20100611       0.006301      0.006185      0.009444      0.004380
   77702    20100614       0.011418      0.000012      0.004188     -0.001805
   77702    20100615       0.017116      0.023845      0.019397      0.023494
   77702    20100616       0.002148     -0.001212     -0.001970     -0.000556
   77702    20100617      -0.000357      0.000907     -0.000032      0.001283
   77702    20100618       0.003931      0.001705      0.002944      0.001317
   77702    20100621      -0.002492     -0.004316     -0.006310     -0.003857
   77702    20100622      -0.028194     -0.016131     -0.013867     -0.016071
   77702    20100623       0.003305     -0.002925     -0.001877     -0.002985
   77702    20100624      -0.023792     -0.016248     -0.012404     -0.016803
   77702    20100625       0.005249      0.006049      0.010275      0.002859
   77702    20100628      -0.015666     -0.003123     -0.004657     -0.002034
   77702    20100629      -0.052293     -0.032865     -0.031187     -0.031017
   77702    20100630      -0.028389     -0.008942     -0.005541     -0.010113
   77702    20100701       0.014815     -0.003937     -0.007599     -0.003240
   77702    20100702      -0.012571     -0.004746     -0.004368     -0.004662
   77702    20100706      -0.030370      0.003313     -0.006419      0.005359
   77702    20100707       0.033438      0.030874      0.021937      0.031331
   77702    20100708       0.018033      0.009559      0.010041      0.009413
   77702    20100709       0.018518      0.008900      0.011698      0.007204
   77702    20100712      -0.001186     -0.001339     -0.005483      0.000733
   77702    20100713       0.026514      0.017184      0.021561      0.015379
   77702    20100714       0.002313     -0.000637     -0.001089     -0.000155
   77702    20100715       0.005000      0.000420     -0.003627      0.001196
   77702    20100716      -0.029851     -0.028521     -0.024131     -0.028820
   77702    20100719       0.005523      0.004999      0.003039      0.005982
   77702    20100720       0.010985      0.012630      0.011590      0.011417
   77702    20100721      -0.023283     -0.012840     -0.009837     -0.012820
   77702    20100722      -0.000795      0.023555      0.023312      0.022513
   77702    20100723       0.009145      0.009625      0.013520      0.008220
   77702    20100726       0.000394      0.011606      0.013834      0.011200
   77702    20100727      -0.008271     -0.002525     -0.002162     -0.001049
   77702    20100728      -0.007546     -0.007460     -0.007818     -0.006922
   77702    20100729      -0.006803     -0.002606      0.000460     -0.004159
   77702    20100730       0.001209      0.001520      0.003373      0.000064
   77702    20100802      -0.001610      0.020543      0.013600      0.022023
   77702    20100803       0.001621     -0.005139     -0.004560     -0.004796
   77702    20100804       0.018608      0.007461      0.007322      0.006051
   77702    20100805       0.000000     -0.002492     -0.004121     -0.001269
   77702    20100806       0.005957     -0.003543     -0.002671     -0.003704
   77702    20100809       0.013028      0.005841      0.006802      0.005483
   77702    20100810      -0.010133     -0.007991     -0.011580     -0.005967
   77702    20100811      -0.029134     -0.029199     -0.028496     -0.028179
   77702    20100812      -0.008110     -0.004668     -0.003038     -0.005379
   77702    20100813      -0.019215     -0.003872     -0.004209     -0.004024
   77702    20100816      -0.007086      0.001450      0.003630      0.000120
   77702    20100817       0.019941      0.013884      0.012332      0.012192
   77702    20100818       0.008438      0.002325      0.001914      0.001483
   77702    20100819      -0.018775     -0.016700     -0.016574     -0.016935
   77702    20100820       0.000416     -0.003310     -0.001642     -0.003663
   77702    20100823      -0.015385     -0.004849     -0.008724     -0.004040
   77702    20100824      -0.036318     -0.014430     -0.011864     -0.014512
   77702    20100825       0.023663      0.004571      0.005698      0.003289
   77702    20100826      -0.003853     -0.006640     -0.004949     -0.007685
   77702    20100827       0.008595      0.018437      0.018576      0.016587
   77702    20100830      -0.001704     -0.014210     -0.013772     -0.014719
   77702    20100831      -0.019206      0.000124      0.000360      0.000391
   77702    20100901       0.030461      0.029083      0.024891      0.029505
   77702    20100902       0.041385      0.009531      0.008299      0.009081
   77702    20100903       0.016626      0.012969      0.011735      0.013219
   77702    20100907      -0.007978     -0.011856     -0.012413     -0.011471
   77702    20100908      -0.003619      0.006321      0.006096      0.006439
   77702    20100909       0.002018      0.003759      0.002373      0.004832
   77702    20100910       0.022956      0.004483      0.004082      0.004863
   77702    20100913       0.013780      0.012854      0.015681      0.011131
   77702    20100914       0.001165     -0.000107     -0.000765     -0.000713
   77702    20100915      -0.001164      0.002958      0.001406      0.003541
   77702    20100916      -0.000777     -0.000757     -0.002686     -0.000364
   77702    20100917      -0.007773      0.001131      0.003139      0.000827
   77702    20100920       0.029373      0.015165      0.017201      0.015210
   77702    20100921      -0.004562     -0.003096     -0.002994     -0.002564
   77702    20100922      -0.008792     -0.005024     -0.005267     -0.004825
   77702    20100923      -0.018511     -0.008099     -0.006134     -0.008331
   77702    20100924       0.026719      0.021173      0.020093      0.021194
   77702    20100927       0.000765     -0.004455     -0.001479     -0.005667
   77702    20100928      -0.000382      0.005780      0.007405      0.004850
   77702    20100929      -0.013007     -0.001081      0.002015     -0.002588
   77702    20100930      -0.009690     -0.001993      0.001188     -0.003084
   77702    20101001       0.015264      0.004938      0.004502      0.004416
   77702    20101004      -0.009638     -0.008282     -0.009036     -0.008035
   77702    20101005       0.021798      0.020549      0.018548      0.020861
   77702    20101006      -0.005714     -0.000341     -0.000477     -0.000672
   77702    20101007      -0.001149     -0.002127     -0.001648     -0.001647
   77702    20101008       0.000000      0.007606      0.009939      0.006122
   77702    20101011      -0.003069      0.000551      0.001862      0.000146
   77702    20101012       0.044248      0.003649      0.003780      0.003819
   77702    20101013       0.004422      0.008783      0.011164      0.007121
   77702    20101014       0.006053     -0.003668     -0.001723     -0.003641
   77702    20101015       0.004193      0.000698     -0.000574      0.002028
   77702    20101018      -0.006899      0.006289      0.005744      0.007244
   77702    20101019      -0.009872     -0.017199     -0.016739     -0.015877
   77702    20101020       0.013663      0.011258      0.010230      0.010524
   77702    20101021      -0.005829      0.000277     -0.003003      0.001774
   77702    20101022       0.043972      0.002655      0.005055      0.002389
   77702    20101025      -0.003510      0.003724      0.005167      0.002147
   77702    20101026       0.004931     -0.000428      0.000521      0.000017
   77702    20101027      -0.009464     -0.003317     -0.004156     -0.002691
   77702    20101028      -0.001062      0.001143     -0.000824      0.001125
   77702    20101029       0.011690      0.001654      0.003556     -0.000439
   77702    20101101       0.008754      0.000144     -0.003474      0.000947
   77702    20101102       0.002430      0.009039      0.011684      0.007759
   77702    20101103       0.007618      0.003447      0.002305      0.003678
   77702    20101104       0.022337      0.019910      0.017268      0.019283
   77702    20101105       0.037647      0.004011      0.004517      0.003923
   77702    20101108      -0.007775     -0.000899      0.002147     -0.002121
   77702    20101109      -0.015018     -0.008480     -0.009232     -0.008052
   77702    20101110       0.009944      0.005429      0.005925      0.004376
   77702    20101111       0.008861     -0.003620     -0.004410     -0.004242
   77702    20101112      -0.017892     -0.013378     -0.012531     -0.011808
   77702    20101115       0.019708     -0.001330     -0.001310     -0.001217
   77702    20101116      -0.026474     -0.016840     -0.016710     -0.016205
   77702    20101117       0.005027      0.001620      0.002860      0.000212
   77702    20101118       0.019673      0.015549      0.012539      0.015357
   77702    20101119       0.005886      0.003735      0.003861      0.002540
   77702    20101122       0.003576     -0.000276      0.001011     -0.001575
   77702    20101123      -0.015225     -0.014125     -0.010221     -0.014284
   77702    20101124       0.035526      0.015663      0.014312      0.014923
   77702    20101126      -0.009848     -0.006875     -0.002554     -0.007469
   77702    20101129      -0.012191     -0.000913     -0.000616     -0.001379
   77702    20101130      -0.006171     -0.005785     -0.005344     -0.006070
   77702    20101201       0.035948      0.020809      0.013234      0.021617
   77702    20101202       0.033438      0.012215      0.008935      0.012818
   77702    20101203      -0.001221      0.003956      0.005105      0.002603
   77702    20101206       0.000000      0.000025      0.002990     -0.001298
   77702    20101207       0.001834      0.000186      0.000215      0.000515
   77702    20101208      -0.006101      0.001545     -0.001006      0.003702
   77702    20101209      -0.005525      0.003571      0.003490      0.003843
   77702    20101210       0.005864      0.006422      0.006814      0.006002
   77702    20101213      -0.018411      0.000189     -0.001501      0.000048
   77702    20101214       0.003673      0.000280     -0.001453      0.000911
   77702    20101215      -0.007397     -0.005251     -0.004134     -0.005122
   77702    20101216       0.022592      0.005847      0.007882      0.006185
   77702    20101217       0.005983      0.001558      0.003671      0.000837
   77702    20101220       0.004423      0.001819      0.000710      0.002548
   77702    20101221      -0.002126      0.007182      0.008653      0.006030
   77702    20101222       0.002130      0.003138      0.003301      0.003380
   77702    20101223      -0.009110     -0.001189      0.000389     -0.001644
   77702    20101227      -0.004903      0.000674      0.003479      0.000613
   77702    20101228      -0.002464      0.000790     -0.000227      0.000771
   77702    20101229       0.003705      0.002732      0.004137      0.001009
   77702    20101230      -0.003076     -0.000804      0.001308     -0.001508
   77702    20101231      -0.008639     -0.000238      0.000871     -0.000191
   77702    20110103       0.034858      0.011205      0.012533      0.011315
   77702    20110104      -0.023158     -0.003888     -0.006753     -0.001313
   77702    20110105      -0.004002      0.005374      0.007944      0.005007
   77702    20110106      -0.012056     -0.002519     -0.001211     -0.002123
   77702    20110107       0.025657     -0.001946     -0.002848     -0.001845
   77702    20110110      -0.000305     -0.000718      0.002287     -0.001376
   77702    20110111      -0.015563      0.005025      0.005963      0.003725
   77702    20110112      -0.001860      0.009020      0.008259      0.009008
   77702    20110113       0.006522     -0.001887     -0.000500     -0.001711
   77702    20110114       0.008948      0.006638      0.004736      0.007385
   77702    20110118       0.009174      0.002164      0.002518      0.001376
   77702    20110119       0.000303     -0.012230     -0.016081     -0.010116
   77702    20110120       0.005150     -0.003822     -0.007600     -0.001295
   77702    20110121       0.000603      0.001269     -0.000137      0.002414
   77702    20110124       0.008735      0.006285      0.006046      0.005836
   77702    20110125       0.004778     -0.000435     -0.001076      0.000263
   77702    20110126      -0.017236      0.007330      0.011708      0.004221
   77702    20110127      -0.001210      0.002122      0.001653      0.002244
   77702    20110128      -0.039358     -0.017212     -0.017784     -0.017852
   77702    20110131      -0.006303      0.007620      0.005212      0.007663
   77702    20110201       0.022835      0.017011      0.014753      0.016694
   77702    20110202      -0.001550     -0.002218     -0.000556     -0.002723
   77702    20110203       0.004969      0.002926      0.001939      0.002354
   77702    20110204       0.006644      0.002168      0.001326      0.002884
   77702    20110207      -0.002916      0.006122      0.006745      0.006240
   77702    20110208       0.023802      0.004562      0.003895      0.004185
   77702    20110209      -0.004076     -0.003430     -0.003610     -0.002786
   77702    20110210       0.005305      0.001331      0.000472      0.000750
   77702    20110211       0.005730      0.006107      0.006629      0.005507
   77702    20110214       0.006897      0.003390      0.003197      0.002385
   77702    20110215      -0.011912     -0.003185     -0.003015     -0.003235
   77702    20110216       0.011754      0.007512      0.006352      0.006257
   77702    20110217      -0.002085      0.003948      0.005617      0.003076
   77702    20110218       0.015000      0.001227      0.001088      0.001925
   77702    20110222      -0.036247     -0.021038     -0.020645     -0.020529
   77702    20110223      -0.026244     -0.006545     -0.008481     -0.006112
   77702    20110224       0.000000     -0.000131      0.002655     -0.000994
   77702    20110225       0.018490      0.012918      0.015057      0.010550
   77702    20110228       0.014769      0.005333      0.002853      0.005561
   77702    20110301      -0.017890     -0.014888     -0.011157     -0.015740
   77702    20110302      -0.005248      0.002830      0.002967      0.001615
   77702    20110303       0.024519      0.016072      0.013356      0.017219
   77702    20110304       0.003332     -0.005889     -0.003337     -0.007378
   77702    20110307       0.014493     -0.009398     -0.009718     -0.008341
   77702    20110308       0.012202      0.008078      0.008947      0.008923
   77702    20110309       0.015584     -0.002433     -0.003092     -0.001362
   77702    20110310       0.099305     -0.019773     -0.019528     -0.018871
   77702    20110311      -0.037135      0.006950      0.002937      0.007080
   77702    20110314      -0.022702     -0.005471     -0.006664     -0.006049
   77702    20110315      -0.000280     -0.011143     -0.010769     -0.011200
   77702    20110316      -0.020157     -0.016629     -0.010119     -0.019495
   77702    20110317       0.002571      0.012207      0.007240      0.013398
   77702    20110318      -0.003705      0.004853      0.008049      0.004302
   77702    20110321       0.010012      0.016431      0.015753      0.014994
   77702    20110322      -0.010195     -0.003235     -0.001224     -0.003551
   77702    20110323       0.049785      0.002867      0.002902      0.002914
   77702    20110324       0.024257      0.008540      0.005814      0.009341
   77702    20110325      -0.018095      0.003130      0.003927      0.003161
   77702    20110328      -0.000542     -0.003324     -0.001773     -0.002748
   77702    20110329      -0.000542      0.007158      0.005552      0.007060
   77702    20110330      -0.003798      0.008221      0.007886      0.006685
   77702    20110331       0.006264     -0.000603      0.002407     -0.001829
   77702    20110401       0.008119      0.005456      0.003529      0.004963
   77702    20110404      -0.013960      0.001162      0.000958      0.000345
   77702    20110405      -0.008984      0.001331      0.001920     -0.000180
   77702    20110406      -0.000275      0.001737      0.002638      0.002184
   77702    20110407      -0.013465     -0.002255     -0.002513     -0.001520
   77702    20110408      -0.003621     -0.003388     -0.004745     -0.004004
   77702    20110411      -0.007828     -0.004720     -0.006491     -0.002793
   77702    20110412       0.007890     -0.009236     -0.010338     -0.007777
   77702    20110413       0.001048      0.001303      0.001645      0.000190
   77702    20110414       0.004538      0.000539      0.002637      0.000084
   77702    20110415       0.011398      0.003963      0.004948      0.003925
   77702    20110418      -0.015668     -0.011611     -0.011485     -0.011018
   77702    20110419       0.009774      0.005720      0.003512      0.005731
   77702    20110420       0.020188      0.014266      0.012661      0.013515
   77702    20110421       0.002982      0.005868      0.004946      0.005277
   77702    20110425      -0.003514     -0.001841     -0.000562     -0.001593
   77702    20110426      -0.007323      0.008147      0.005423      0.008980
   77702    20110427       0.016120      0.006160      0.005247      0.006250
   77702    20110428      -0.008336      0.002940      0.001926      0.003555
   77702    20110429      -0.018438      0.003121      0.003668      0.002301
   77702    20110502       0.013260     -0.003566     -0.006003     -0.001753
   77702    20110503      -0.010360     -0.006643     -0.009097     -0.003379
   77702    20110504       0.007438     -0.007961     -0.008801     -0.006855
   77702    20110505      -0.001914     -0.009446     -0.006183     -0.009070
   77702    20110506       0.000822      0.004605      0.004575      0.003820
   77702    20110509      -0.007665      0.006144      0.006964      0.004544
   77702    20110510       0.003045      0.008469      0.009877      0.008074
   77702    20110511      -0.012145     -0.012234     -0.011619     -0.011111
   77702    20110512       0.018441      0.004028      0.004319      0.004895
   77702    20110513      -0.008230     -0.008902     -0.009009     -0.008067
   77702    20110516      -0.027386     -0.006952     -0.010372     -0.006204
   77702    20110517       0.003982     -0.000633     -0.004038     -0.000369
   77702    20110518       0.037111      0.010736      0.010977      0.008804
   77702    20110519       0.014477      0.002341      0.000843      0.002178
   77702    20110520      -0.014270     -0.006785     -0.004414     -0.007688
   77702    20110523      -0.004644     -0.012998     -0.013172     -0.011926
   77702    20110524      -0.004116     -0.000394     -0.001002     -0.000827
   77702    20110525      -0.004685      0.005075      0.005819      0.003183
   77702    20110526       0.008859      0.005325      0.007791      0.003953
   77702    20110527       0.000549      0.005110      0.006103      0.004081
   77702    20110531       0.009051      0.010286      0.009375      0.010593
   77702    20110601      -0.022017     -0.023067     -0.019626     -0.022785
   77702    20110602      -0.001668     -0.000633     -0.000076     -0.001225
   77702    20110603      -0.021158     -0.009286     -0.009502     -0.009734
   77702    20110606       0.016496     -0.012446     -0.013344     -0.010760
   77702    20110607       0.005316      0.000282      0.001428     -0.000956
   77702    20110608      -0.005288     -0.005968     -0.010672     -0.004187
   77702    20110609      -0.005876      0.007448      0.005505      0.007378
   77702    20110610      -0.011680     -0.014080     -0.011776     -0.013980
   77702    20110613      -0.006123     -0.000903     -0.005617      0.000669
   77702    20110614       0.010602      0.013861      0.014384      0.012612
   77702    20110615      -0.011625     -0.017293     -0.014059     -0.017432
   77702    20110616       0.008032     -0.000108     -0.000800      0.001754
   77702    20110617       0.008537      0.002163      0.001297      0.003045
   77702    20110620       0.011005      0.005342      0.002474      0.005395
   77702    20110621       0.025119      0.015891      0.016179      0.013423
   77702    20110622       0.014974     -0.005474     -0.003055     -0.006468
   77702    20110623       0.012071     -0.002584     -0.000871     -0.002828
   77702    20110624      -0.010072     -0.010561     -0.002417     -0.011726
   77702    20110627       0.017135      0.008067      0.005460      0.009184
   77702    20110628       0.033167      0.013690      0.010609      0.012944
   77702    20110629       0.004586      0.008723      0.004950      0.008283
   77702    20110630       0.001522      0.009707      0.008397      0.010119
   77702    20110701       0.017726      0.013471      0.010064      0.014410
   77702    20110705       0.018910     -0.000018      0.000809     -0.001336
   77702    20110706      -0.012943      0.001148      0.002874      0.001002
   77702    20110707      -0.002474      0.010619      0.011712      0.010454
   77702    20110708       0.000744     -0.006328     -0.004797     -0.006961
   77702    20110711      -0.015118     -0.019338     -0.016317     -0.018090
   77702    20110712      -0.004278     -0.003806     -0.002238     -0.004434
   77702    20110713       0.000253      0.005001      0.007494      0.003106
   77702    20110714      -0.011369     -0.008041     -0.009534     -0.006716
   77702    20110715       0.017122      0.006174      0.004226      0.005554
   77702    20110718      -0.010050     -0.009471     -0.011054     -0.008130
   77702    20110719       0.023350      0.016157      0.013523      0.016309
   77702    20110720      -0.012153      0.000056      0.000967     -0.000671
   77702    20110721       0.013809      0.012251      0.008889      0.013546
   77702    20110722      -0.000743      0.001438      0.001586      0.000908
   77702    20110725       0.001239     -0.006273     -0.007887     -0.005643
   77702    20110726      -0.005446     -0.004537     -0.004068     -0.004105
   77702    20110727      -0.030114     -0.021640     -0.021094     -0.020309
   77702    20110728       0.025917     -0.002926     -0.001403     -0.003234
   77702    20110729       0.002751     -0.005606     -0.003052     -0.006451
   77702    20110801      -0.007234     -0.003610     -0.000879     -0.004132
   77702    20110802      -0.029899     -0.025643     -0.021078     -0.025557
   77702    20110803       0.017353      0.004954      0.002260      0.005016
   77702    20110804      -0.060591     -0.050349     -0.047411     -0.047820
   77702    20110805      -0.004878     -0.004785     -0.012547     -0.000575
   77702    20110808      -0.069172     -0.068664     -0.072385     -0.066634
   77702    20110809       0.058444      0.051214      0.047193      0.047407
   77702    20110810      -0.035516     -0.038550     -0.029835     -0.044152
   77702    20110811       0.067607      0.045247      0.037437      0.046290
   77702    20110812       0.006737      0.004764      0.004185      0.005262
   77702    20110815       0.028373      0.022829      0.023020      0.021785
   77702    20110816       0.012233     -0.010894     -0.012918     -0.009739
   77702    20110817      -0.004886      0.000845      0.000679      0.000947
   77702    20110818      -0.102041     -0.045310     -0.041324     -0.044594
   77702    20110819       0.010043     -0.015358     -0.012201     -0.015009
   77702    20110822      -0.005983      0.000037     -0.002608      0.000258
   77702    20110823       0.052737      0.033737      0.029031      0.034285
   77702    20110824       0.017424      0.011553      0.008018      0.013120
   77702    20110825      -0.025421     -0.015903     -0.015381     -0.015566
   77702    20110826       0.026634      0.016437      0.015544      0.015122
   77702    20110829       0.017652      0.029617      0.031522      0.028280
   77702    20110830       0.011827      0.003760      0.004724      0.002347
   77702    20110831       0.003117      0.005091      0.003022      0.004922
   77702    20110901      -0.011134     -0.012121     -0.013773     -0.011871
   77702    20110902      -0.018329     -0.024626     -0.022464     -0.025282
   77702    20110906       0.006935     -0.008132     -0.008986     -0.007436
   77702    20110907       0.037881      0.029134      0.027153      0.028646
   77702    20110908      -0.006636     -0.010869     -0.012275     -0.010612
   77702    20110909      -0.041367     -0.026578     -0.021056     -0.026705
   77702    20110912       0.009113      0.004140     -0.000416      0.006966
   77702    20110913       0.014343      0.010801      0.011949      0.009120
   77702    20110914       0.009427      0.012782      0.011742      0.013480
   77702    20110915       0.013489      0.015462      0.008819      0.017187
   77702    20110916       0.003327      0.003563      0.001512      0.005707
   77702    20110919       0.050000     -0.010934     -0.014296     -0.009803
   77702    20110920      -0.001944     -0.004104     -0.009079     -0.001661
   77702    20110921      -0.028724     -0.029425     -0.024666     -0.029390
   77702    20110922      -0.032456     -0.034393     -0.032856     -0.031883
   77702    20110923       0.002720      0.005756      0.007256      0.006082
   77702    20110926       0.020150      0.021584      0.009890      0.023336
   77702    20110927       0.009116      0.012842      0.015760      0.010688
   77702    20110928      -0.010539     -0.023685     -0.025352     -0.020691
   77702    20110929      -0.031955      0.008220      0.006639      0.008114
   77702    20110930      -0.023055     -0.024625     -0.018836     -0.024974
   77702    20111003      -0.029230     -0.031919     -0.041273     -0.028451
   77702    20111004       0.029006      0.023616      0.027309      0.022488
   77702    20111005       0.021476      0.019649      0.017119      0.017866
   77702    20111006       0.011827      0.020555      0.020344      0.018304
   77702    20111007       0.019740     -0.010923     -0.013551     -0.008163
   77702    20111010       0.042282      0.034255      0.029485      0.034125
   77702    20111011       0.010020      0.001062      0.005101      0.000544
   77702    20111012       0.004355      0.011796      0.015322      0.009795
   77702    20111013      -0.010118     -0.002945     -0.000734     -0.002974
   77702    20111014       0.027501      0.017728      0.014655      0.017380
   77702    20111017      -0.025107     -0.020840     -0.020291     -0.019370
   77702    20111018       0.031341      0.020778      0.018461      0.020419
   77702    20111019      -0.036042     -0.014157     -0.012744     -0.012649
   77702    20111020       0.001711      0.003883      0.000394      0.004554
   77702    20111021       0.026836      0.019254      0.016331      0.018809
   77702    20111024       0.010691      0.016758      0.021869      0.012873
   77702    20111025      -0.029619     -0.019816     -0.017915     -0.020045
   77702    20111026       0.002907      0.011501      0.013134      0.010537
   77702    20111027       0.040338      0.036207      0.036277      0.034291
   77702    20111028      -0.013234      0.000257      0.000381      0.000389
   77702    20111031      -0.003294     -0.024638     -0.019053     -0.024738
   77702    20111101      -0.026676     -0.028596     -0.025533     -0.027942
   77702    20111102      -0.001213      0.017069      0.017888      0.016105
   77702    20111103       0.005342      0.019190      0.015892      0.018782
   77702    20111104       0.067391     -0.005560     -0.004275     -0.006280
   77702    20111107       0.000905      0.004913      0.000138      0.006296
   77702    20111108       0.002939      0.011209      0.010416      0.011736
   77702    20111109      -0.031785     -0.037840     -0.033587     -0.036695
   77702    20111110       0.013271      0.007420      0.004584      0.008616
   77702    20111111       0.018842      0.019767      0.016413      0.019489
   77702    20111114      -0.015787     -0.009370     -0.011208     -0.009550
   77702    20111115       0.012832      0.004531      0.005085      0.004817
   77702    20111116      -0.022939     -0.015089     -0.010399     -0.016616
   77702    20111117      -0.023013     -0.017203     -0.013523     -0.016800
   77702    20111118      -0.000238     -0.000294      0.000960     -0.000395
   77702    20111121      -0.008091     -0.018647     -0.019135     -0.018648
   77702    20111122       0.014395     -0.003934     -0.004842     -0.004141
   77702    20111123      -0.024361     -0.023237     -0.022580     -0.022095
   77702    20111125      -0.009939     -0.003630     -0.004910     -0.002686
   77702    20111128       0.024731      0.030509      0.027928      0.029240
   77702    20111129       0.008602      0.002265     -0.002146      0.002214
   77702    20111130       0.030088      0.043878      0.038155      0.043315
   77702    20111201       0.002530     -0.002276     -0.003635     -0.001909
   77702    20111202       0.007341      0.000098      0.004885     -0.000241
   77702    20111205       0.006604      0.010289      0.009664      0.010287
   77702    20111206      -0.010634      0.000388     -0.000491      0.001106
   77702    20111207       0.003430      0.001910      0.000724      0.002018
   77702    20111208      -0.023245     -0.022858     -0.022706     -0.021142
   77702    20111209       0.025665      0.017730      0.018907      0.016883
   77702    20111212       0.000910     -0.015540     -0.013563     -0.014914
   77702    20111213      -0.008864     -0.011232     -0.012526     -0.008686
   77702    20111214      -0.011924     -0.012733     -0.009141     -0.011348
   77702    20111215       0.007194      0.003745      0.002503      0.003243
   77702    20111216       0.001843      0.004962      0.003603      0.003216
   77702    20111219       0.003220     -0.012648     -0.014677     -0.011733
   77702    20111220       0.033012      0.030024      0.026932      0.029825
   77702    20111221       0.003995      0.002021      0.001410      0.001950
   77702    20111222      -0.005305      0.008910      0.008202      0.008266
   77702    20111223       0.009889      0.007861      0.004194      0.009035
   77702    20111227       0.010892      0.000019     -0.000984      0.000079
   77702    20111228      -0.003483     -0.013637     -0.013493     -0.012478
   77702    20111229       0.014635      0.010773      0.008718      0.010707
   77702    20111230      -0.009473     -0.002580      0.002144     -0.004291
   77702    20120103      -0.015757      0.016152      0.017012      0.015474
   77702    20120104       0.019543     -0.000447     -0.001380      0.000188
   77702    20120105       0.004115      0.002928      0.004055      0.002944
   77702    20120106       0.007765     -0.002907     -0.000598     -0.002537
   77702    20120109      -0.002783      0.002815      0.004418      0.002262
   77702    20120110       0.004937      0.010420      0.011110      0.008886
   77702    20120111       0.006408      0.000951      0.004571      0.000310
   77702    20120112       0.010187      0.003046      0.005077      0.002337
   77702    20120113      -0.005042     -0.005312     -0.005005     -0.004948
   77702    20120117       0.007390      0.003904      0.003767      0.003553
   77702    20120118       0.006917      0.012296      0.013701      0.011108
   77702    20120119      -0.000416      0.005580      0.005448      0.004939
   77702    20120120       0.002707      0.000881      0.003698      0.000669
   77702    20120123      -0.016822      0.001606      0.001857      0.000471
   77702    20120124       0.006548     -0.000804      0.003348     -0.001026
   77702    20120125       0.002518      0.009956      0.009547      0.008672
   77702    20120126       0.011932     -0.004907     -0.001075     -0.005746
   77702    20120127      -0.010137      0.000698      0.006150     -0.001593
   77702    20120130       0.013166     -0.003724     -0.004826     -0.002522
   77702    20120131      -0.011551     -0.000076      0.001781     -0.000457
   77702    20120201       0.006678      0.011173      0.013730      0.008900
   77702    20120202      -0.012023      0.001838      0.004402      0.001095
   77702    20120203       0.013848      0.014664      0.014936      0.014605
   77702    20120206       0.002897     -0.000989     -0.000431     -0.000424
   77702    20120207       0.002485      0.001391      0.001486      0.002023
   77702    20120208       0.006404      0.002189      0.003480      0.002160
   77702    20120209       0.009852      0.001002      0.000374      0.001474
   77702    20120210      -0.007724     -0.008383     -0.009773     -0.006886
   77702    20120213       0.008808      0.007439      0.009485      0.006800
   77702    20120214      -0.002640     -0.001546     -0.004058     -0.000940
   77702    20120215      -0.013029     -0.004223     -0.003162     -0.005383
   77702    20120216       0.000825      0.012461      0.011497      0.011026
   77702    20120217      -0.001443      0.001387      0.002727      0.002349
   77702    20120221      -0.003922      0.000152     -0.002241      0.000720
   77702    20120222       0.001451     -0.003127     -0.004190     -0.003340
   77702    20120223       0.002690      0.005699      0.008054      0.004272
   77702    20120224      -0.003302      0.001495      0.000411      0.001672
   77702    20120227      -0.001449      0.000818     -0.000761      0.001355
   77702    20120228       0.014099      0.002910      0.000562      0.003356
   77702    20120229      -0.007156     -0.005676     -0.009158     -0.004737
   77702    20120301       0.003089      0.006806      0.004670      0.006158
   77702    20120302       0.003695     -0.004921     -0.008031     -0.003246
   77702    20120305       0.003068     -0.004551     -0.003539     -0.003870
   77702    20120306      -0.014478     -0.017379     -0.017306     -0.015370
   77702    20120307       0.024002      0.007942      0.009483      0.006901
   77702    20120308       0.017781      0.010859      0.010692      0.009818
   77702    20120309       0.029184      0.004495      0.007768      0.003631
   77702    20120312      -0.014082     -0.001367     -0.001611      0.000160
   77702    20120313       0.024066      0.017606      0.014480      0.018132
   77702    20120314       0.006496     -0.003919     -0.006757     -0.001196
   77702    20120315       0.007403      0.006511      0.004869      0.005967
   77702    20120316       0.002638      0.001335      0.001369      0.001119
   77702    20120319       0.006390      0.003999      0.004746      0.003974
   77702    20120320       0.003361     -0.004507     -0.005338     -0.003001
   77702    20120321       0.001489     -0.001123      0.001131     -0.001871
   77702    20120322       0.025925     -0.008099     -0.008249     -0.007207
   77702    20120323       0.002536      0.004472      0.007160      0.003109
   77702    20120326       0.010209      0.013959      0.011392      0.013886
   77702    20120327       0.006260     -0.003654     -0.002838     -0.002817
   77702    20120328      -0.004088     -0.005516     -0.005409     -0.004942
   77702    20120329      -0.005354     -0.001895     -0.001653     -0.001608
   77702    20120330       0.002871      0.003351      0.002024      0.003698
   77702    20120402       0.013956      0.008052      0.007351      0.007505
   77702    20120403       0.004235     -0.004445     -0.006565     -0.003989
   77702    20120404       0.000879     -0.011810     -0.011965     -0.010202
   77702    20120405       0.021419     -0.000802     -0.000687     -0.000629
   77702    20120409      -0.013063     -0.011364     -0.011932     -0.011358
   77702    20120410      -0.011146     -0.018009     -0.016253     -0.017081
   77702    20120411       0.044294      0.008509      0.011544      0.007449
   77702    20120412       0.022430      0.015079      0.013034      0.013779
   77702    20120413       0.017237     -0.012386     -0.010668     -0.012475
   77702    20120416      -0.032755     -0.000585     -0.000035     -0.000504
   77702    20120417      -0.016597      0.014948      0.010763      0.015487
   77702    20120418       0.028469     -0.004028     -0.006151     -0.004055
   77702    20120419      -0.025195     -0.004658     -0.002353     -0.005934
   77702    20120420       0.005951      0.001631      0.003792      0.001169
   77702    20120423      -0.010142     -0.009532     -0.009771     -0.008408
   77702    20120424      -0.008709      0.003249      0.005771      0.003680
   77702    20120425       0.024978      0.013821      0.010281      0.013645
   77702    20120426       0.019496      0.006807      0.005776      0.006680
   77702    20120427      -0.053248      0.003895      0.005274      0.002414
   77702    20120430      -0.001045     -0.004313     -0.004072     -0.003884
   77702    20120501       0.005055      0.004869      0.001691      0.005658
   77702    20120502       0.004509     -0.002035     -0.000501     -0.002497
   77702    20120503      -0.021927     -0.009943     -0.010855     -0.007659
   77702    20120504      -0.019241     -0.015666     -0.012679     -0.016147
   77702    20120507       0.001620      0.000556      0.001085      0.000351
   77702    20120508      -0.023252     -0.005348     -0.004430     -0.004279
   77702    20120509      -0.001661     -0.006016     -0.004077     -0.006702
   77702    20120510       0.013863      0.002869      0.002588      0.002517
   77702    20120511       0.002917     -0.002778     -0.003641     -0.003387
   77702    20120514      -0.024359     -0.012160     -0.012421     -0.011113
   77702    20120515      -0.006149     -0.006029     -0.006528     -0.005746
   77702    20120516      -0.005999     -0.004927     -0.007807     -0.004404
   77702    20120517      -0.025462     -0.015843     -0.015911     -0.015051
   77702    20120518      -0.002709     -0.008140     -0.009673     -0.007388
   77702    20120521       0.042111      0.017751      0.016319      0.016036
   77702    20120522      -0.006145     -0.000470     -0.004011      0.000486
   77702    20120523       0.035975      0.002796      0.002394      0.001694
   77702    20120524      -0.009586      0.001002      0.001696      0.001380
   77702    20120525      -0.003652     -0.001539      0.001210     -0.002166
   77702    20120529       0.018695      0.011224      0.009963      0.011079
   77702    20120530      -0.015293     -0.015481     -0.014326     -0.014335
   77702    20120531       0.002923     -0.001964     -0.000487     -0.002277
   77702    20120601      -0.049918     -0.024507     -0.020451     -0.024643
   77702    20120604       0.033557     -0.001002     -0.002267      0.000110
   77702    20120605      -0.027644      0.007847      0.008065      0.005727
   77702    20120606       0.020225      0.022686      0.019661      0.023049
   77702    20120607      -0.000561     -0.001374     -0.002025     -0.000106
   77702    20120608       0.002807      0.007125      0.005409      0.008114
   77702    20120611      -0.014182     -0.013951     -0.013468     -0.012620
   77702    20120612       0.003975      0.011662      0.008888      0.011651
   77702    20120613      -0.033371     -0.006935     -0.007142     -0.007023
   77702    20120614       0.020675      0.009494      0.007904      0.010815
   77702    20120615       0.004013      0.010109      0.008727      0.010338
   77702    20120618       0.031214      0.002201      0.001768      0.001445
   77702    20120619       0.017350      0.011614      0.012890      0.009816
   77702    20120620       0.009434     -0.001473     -0.000497     -0.001686
   77702    20120621      -0.028217     -0.023449     -0.018456     -0.022262
   77702    20120622       0.010542      0.007247      0.007577      0.007175
   77702    20120625      -0.024616     -0.015425     -0.011917     -0.015955
   77702    20120626       0.012290      0.004859      0.002919      0.004773
   77702    20120627      -0.022243      0.009026      0.009622      0.008985
   77702    20120628      -0.012512     -0.002125     -0.002531     -0.002110
   77702    20120629       0.023613      0.025610      0.023311      0.024920
   77702    20120702      -0.009940      0.003868      0.006684      0.002459
   77702    20120703      -0.016102      0.008940      0.010767      0.006232
   77702    20120705       0.008856     -0.004123     -0.000733     -0.004687
   77702    20120706      -0.008206     -0.009956     -0.007701     -0.009433
   77702    20120709       0.008082     -0.002193     -0.002344     -0.001639
   77702    20120710      -0.000954     -0.008807     -0.008240     -0.008126
   77702    20120711      -0.003439     -0.000303     -0.000282     -0.000015
   77702    20120712       0.009969     -0.004880     -0.004134     -0.004987
   77702    20120713       0.017654      0.015253      0.010665      0.016497
   77702    20120716      -0.013244     -0.002467     -0.003494     -0.002314
   77702    20120717       0.015690      0.006708      0.002457      0.007410
   77702    20120718      -0.008003      0.006246      0.003871      0.006681
   77702    20120719       0.016886      0.002819      0.000016      0.002717
   77702    20120720      -0.041328     -0.009908     -0.008733     -0.010062
   77702    20120723      -0.026174     -0.010140     -0.012004     -0.008909
   77702    20120724      -0.002372     -0.009410     -0.009270     -0.009041
   77702    20120725      -0.001387      0.000714      0.002465     -0.000314
   77702    20120726       0.039575      0.015498      0.008642      0.016541
   77702    20120727      -0.094170      0.018906      0.016470      0.019081
   77702    20120730      -0.012429     -0.000796     -0.002846     -0.000483
   77702    20120731      -0.034130     -0.004969     -0.003201     -0.004317
   77702    20120801      -0.033127     -0.004475     -0.009081     -0.003030
   77702    20120802      -0.014162     -0.007290     -0.005662     -0.007374
   77702    20120803       0.017377      0.019216      0.017764      0.019040
   77702    20120806      -0.005921      0.003528      0.006633      0.002329
   77702    20120807       0.042088      0.006347      0.006234      0.005107
   77702    20120808      -0.000441      0.000184     -0.000985      0.000621
   77702    20120809      -0.003974      0.001632      0.003390      0.000414
   77702    20120810       0.010197      0.001878     -0.000714      0.002188
   77702    20120813       0.011850     -0.001901     -0.002122     -0.001252
   77702    20120814       0.006940     -0.000010     -0.002248     -0.000128
   77702    20120815       0.035968      0.002741      0.004557      0.001140
   77702    20120816       0.006237      0.007898      0.008086      0.007101
   77702    20120817      -0.003719      0.002643      0.004758      0.001872
   77702    20120820      -0.003526     -0.000603     -0.001571     -0.000021
   77702    20120821       0.000832     -0.002326     -0.000635     -0.003498
   77702    20120822       0.000624     -0.000101     -0.001769      0.000226
   77702    20120823      -0.004572     -0.007327     -0.004534     -0.008072
   77702    20120824       0.016701      0.005503      0.003249      0.006455
   77702    20120827       0.009035     -0.000554     -0.000562     -0.000489
   77702    20120828       0.004477      0.000250      0.002383     -0.000808
   77702    20120829      -0.003849      0.001006      0.001836      0.000844
   77702    20120830       0.010982     -0.007791     -0.007581     -0.007806
   77702    20120831      -0.002012      0.005874      0.005303      0.005073
   77702    20120904      -0.002016      0.000683      0.003257     -0.001166
   77702    20120905       0.005857     -0.000603     -0.000701     -0.001068
   77702    20120906       0.020884      0.019456      0.013690      0.020436
   77702    20120907       0.006491      0.005651      0.006500      0.004050
   77702    20120910      -0.006644     -0.005680     -0.001847     -0.006148
   77702    20120911      -0.001967      0.003425      0.004919      0.003135
   77702    20120912       0.008673      0.002643      0.003966      0.002093
   77702    20120913       0.010749      0.015280      0.011218      0.016310
   77702    20120914      -0.024362      0.006140      0.008189      0.003959
   77702    20120917      -0.015854     -0.004545     -0.004125     -0.003125
   77702    20120918      -0.008256     -0.001779     -0.000302     -0.001280
   77702    20120919       0.017482      0.001315      0.001816      0.001185
   77702    20120920       0.021532     -0.001935     -0.003646     -0.000541
   77702    20120921      -0.002344      0.000447      0.004981     -0.000075
   77702    20120924       0.001762     -0.003072     -0.003206     -0.002233
   77702    20120925      -0.012412     -0.010795     -0.009620     -0.010502
   77702    20120926      -0.008412     -0.005508     -0.004866     -0.005737
   77702    20120927       0.018663      0.010037      0.009004      0.009649
   77702    20120928      -0.006368     -0.004496     -0.003450     -0.004478
   77702    20121001      -0.011142      0.002808      0.002686      0.002652
   77702    20121002      -0.016851      0.001179      0.000358      0.000872
   77702    20121003       0.003854      0.002520     -0.000075      0.003624
   77702    20121004      -0.007880      0.007665      0.006553      0.007174
   77702    20121005      -0.007332     -0.000143     -0.000816     -0.000322
   77702    20121008       0.000410     -0.003573     -0.003513     -0.003457
   77702    20121009      -0.028917     -0.009778     -0.009101     -0.009891
   77702    20121010      -0.008448     -0.005548     -0.004100     -0.006188
   77702    20121011       0.004473      0.001748      0.004541      0.000195
   77702    20121012       0.000424     -0.003495     -0.004211     -0.002966
   77702    20121015       0.010386      0.007238      0.004203      0.008078
   77702    20121016       0.027061      0.009928      0.007051      0.010270
   77702    20121017      -0.011642      0.005076      0.005617      0.004117
   77702    20121018      -0.020252     -0.002692     -0.003857     -0.002444
   77702    20121019      -0.036385     -0.015630     -0.013002     -0.016571
   77702    20121022      -0.008427      0.000194     -0.000217      0.000440
   77702    20121023      -0.007252     -0.012913     -0.006968     -0.014444
   77702    20121024       0.006446     -0.002619     -0.001404     -0.003085
   77702    20121025       0.021842      0.003295      0.002153      0.002996
   77702    20121026      -0.008216     -0.001378     -0.001835     -0.000729
   77702    20121031       0.000654      0.002487      0.003479      0.000156
   77702    20121101       0.015680      0.011187      0.009688      0.010927
   77702    20121102       0.090526     -0.009744     -0.008756     -0.009379
   77702    20121105       0.003344      0.002246      0.003177      0.002164
   77702    20121106       0.013725      0.007865      0.006034      0.007853
   77702    20121107       0.001926     -0.021054     -0.017904     -0.023705
   77702    20121108      -0.018331     -0.011558     -0.009589     -0.012205
   77702    20121109       0.001966      0.000938     -0.000526      0.001699
   77702    20121112      -0.005494     -0.000220     -0.001908      0.000130
   77702    20121113      -0.003157     -0.004151     -0.005841     -0.003985
   77702    20121114      -0.029219     -0.014685     -0.015597     -0.013852
   77702    20121115      -0.008395     -0.002941     -0.006183     -0.001594
   77702    20121116       0.006814      0.006190      0.005711      0.004840
   77702    20121119       0.020099      0.019175      0.016544      0.019862
   77702    20121120       0.006433      0.000991      0.000886      0.000663
   77702    20121121       0.008989      0.003116      0.004899      0.002320
   77702    20121123       0.013463      0.012714      0.010102      0.013026
   77702    20121126      -0.005861     -0.001648      0.001177     -0.002030
   77702    20121127      -0.013358     -0.004425     -0.000884     -0.005227
   77702    20121128       0.023099      0.007487      0.005110      0.007856
   77702    20121129       0.008371      0.005424      0.008573      0.004270
   77702    20121130       0.001351      0.000261      0.000934      0.000162
   77702    20121203      -0.001558     -0.004218     -0.002069     -0.004745
   77702    20121204      -0.012922     -0.001278     -0.001109     -0.001710
   77702    20121205      -0.006455      0.001759     -0.000019      0.001585
   77702    20121206       0.057295      0.002840      0.000757      0.003307
   77702    20121207      -0.001117      0.002525      0.001168      0.002921
   77702    20121210      -0.012677      0.001533      0.002706      0.000338
   77702    20121211       0.004343      0.006150      0.007321      0.006549
   77702    20121212       0.007676      0.000254     -0.000299      0.000448
   77702    20121213      -0.007804     -0.005870     -0.004080     -0.006321
   77702    20121214       0.003385     -0.003101      0.000863     -0.004135
   77702    20121217       0.022864      0.010176      0.006517      0.011871
   77702    20121218      -0.004397      0.011103      0.009526      0.011487
   77702    20121219      -0.001288     -0.004642      0.000914     -0.007589
   77702    20121220      -0.001106      0.004884      0.004202      0.005488
   77702    20121221      -0.011253     -0.008487     -0.005630     -0.009379
   77702    20121224       0.001679     -0.002205     -0.002533     -0.002440
   77702    20121226      -0.010430     -0.004958     -0.003251     -0.004787
   77702    20121227       0.002070     -0.000675     -0.001767     -0.001218
   77702    20121228      -0.011270     -0.009273     -0.004132     -0.011050
   77702    20121231       0.018807      0.016421      0.014969      0.016942
   77702    20130102       0.025545      0.024984      0.024129      0.025403
   77702    20130103       0.006727     -0.001907      0.000471     -0.002086
   77702    20130104       0.005779      0.005624      0.007408      0.004865
   77702    20130107       0.000546     -0.002554     -0.000448     -0.003123
   77702    20130108      -0.001802     -0.002216     -0.000524     -0.003242
   77702    20130109      -0.017799      0.003400      0.005273      0.002656
   77702    20130110      -0.001647      0.006801      0.003862      0.007597
   77702    20130111       0.008617      0.000247      0.000797     -0.000048
   77702    20130114      -0.006181     -0.000348      0.000450     -0.000931
   77702    20130115      -0.003475      0.001962      0.001921      0.001129
   77702    20130116      -0.002386     -0.000731     -0.001481      0.000197
   77702    20130117       0.002760      0.005922      0.006769      0.005643
   77702    20130118       0.005688      0.002936      0.002363      0.003403
   77702    20130122       0.003284      0.005185      0.006150      0.004428
   77702    20130123      -0.009638      0.000285     -0.000764      0.001507
   77702    20130124       0.002020      0.000646      0.001533      0.000007
   77702    20130125       0.041048      0.005241      0.002828      0.005445
   77702    20130128      -0.013906     -0.001320      0.000423     -0.001850
   77702    20130129      -0.007497      0.003618      0.002765      0.005106
   77702    20130130       0.007194     -0.003872     -0.004865     -0.003900
   77702    20130131       0.002143     -0.000787      0.002893     -0.002563
   77702    20130201       0.013186      0.009280      0.008245      0.010053
   77702    20130204      -0.013542     -0.011034     -0.009364     -0.011539
   77702    20130205       0.005705      0.009256      0.007102      0.010416
   77702    20130206      -0.002669      0.001308      0.002338      0.000549
   77702    20130207      -0.003390     -0.002113     -0.002393     -0.001805
   77702    20130208       0.009130      0.005389      0.003945      0.005658
   77702    20130211      -0.004080     -0.001002     -0.000183     -0.000606
   77702    20130212       0.002137      0.002184      0.003532      0.001595
   77702    20130213      -0.007643      0.001387      0.001443      0.000592
   77702    20130214      -0.005015      0.000847      0.001613      0.000691
   77702    20130215      -0.021782     -0.002002     -0.001715     -0.001045
   77702    20130219       0.002024      0.006938      0.006199      0.007337
   77702    20130220      -0.020937     -0.013310     -0.013073     -0.012404
   77702    20130221       0.000750     -0.007033     -0.007335     -0.006303
   77702    20130222       0.015370      0.008675      0.007518      0.008773
   77702    20130225      -0.017722     -0.017138     -0.014094     -0.018310
   77702    20130226       0.001316      0.005658      0.003625      0.006109
   77702    20130227       0.024212      0.012262      0.007460      0.012726
   77702    20130228       0.005131     -0.000638     -0.000090     -0.000864
   77702    20130301       0.000365      0.001766      0.001691      0.002324
   77702    20130304       0.015127      0.003656      0.001139      0.004611
   77702    20130305       0.014542      0.009194      0.007270      0.009566
   77702    20130306       0.010441      0.001660      0.002950      0.001085
   77702    20130307       0.020140      0.002326      0.004182      0.001816
   77702    20130308       0.007210      0.004894      0.006155      0.004481
   77702    20130311      -0.001023      0.002693      0.002128      0.003249
   77702    20130312      -0.005630     -0.001933     -0.001493     -0.002403
   77702    20130313       0.005233      0.000791      0.000158      0.001314
   77702    20130314      -0.015448      0.005948      0.004858      0.005603
   77702    20130315      -0.000347     -0.001519     -0.001282     -0.001618
   77702    20130318      -0.012660     -0.005320     -0.002690     -0.005510
   77702    20130319      -0.001757     -0.002900     -0.003544     -0.002423
   77702    20130320       0.010558      0.007238      0.006508      0.006697
   77702    20130321      -0.006617     -0.007556     -0.004430     -0.008282
   77702    20130322       0.005784      0.005839      0.003328      0.007174
   77702    20130325      -0.012025     -0.003075     -0.001587     -0.003340
   77702    20130326       0.006350      0.007288      0.003350      0.007785
   77702    20130327      -0.002454     -0.000120      0.000679     -0.000588
   77702    20130328       0.000703      0.004038      0.002917      0.004057
   77702    20130401      -0.001405     -0.005373     -0.007797     -0.004474
   77702    20130402       0.024442      0.002712     -0.002178      0.005172
   77702    20130403      -0.009612     -0.011847     -0.011644     -0.010546
   77702    20130404       0.007106      0.003815      0.003704      0.004048
   77702    20130405      -0.005335     -0.003517     -0.001037     -0.004295
   77702    20130408       0.005536      0.006627      0.004411      0.006303
   77702    20130409      -0.012216      0.003707      0.002604      0.003544
   77702    20130410       0.006793      0.011610      0.011377      0.012189
   77702    20130411       0.013408      0.003194      0.001170      0.003552
   77702    20130412       0.008792     -0.003765     -0.003930     -0.002837
   77702    20130415      -0.023354     -0.025563     -0.027340     -0.022966
   77702    20130416       0.014729      0.014659      0.011702      0.014307
   77702    20130417      -0.006660     -0.014664     -0.013782     -0.014328
   77702    20130418      -0.007736     -0.005704     -0.002351     -0.006701
   77702    20130419       0.011868      0.009353      0.008028      0.008848
   77702    20130422       0.004024      0.004274      0.003041      0.004662
   77702    20130423       0.012790      0.010138      0.010404      0.010419
   77702    20130424       0.007409      0.002181      0.004624      0.000006
   77702    20130425       0.011198      0.004945      0.006175      0.004035
   77702    20130426      -0.008264     -0.002469     -0.002953     -0.001842
   77702    20130429       0.009667      0.007365      0.006471      0.007186
   77702    20130430       0.004292      0.004086      0.003917      0.002485
   77702    20130501      -0.011506     -0.010612     -0.013124     -0.009308
   77702    20130502       0.003991      0.009480      0.009199      0.009408
   77702    20130503       0.024677      0.010376      0.010755      0.010535
   77702    20130506       0.009859      0.002555      0.003997      0.001908
   77702    20130507      -0.001280      0.005135      0.004118      0.005230
   77702    20130508       0.003538      0.005021      0.004602      0.004139
   77702    20130509      -0.000801     -0.003687     -0.002673     -0.003687
   77702    20130510       0.011818      0.004662      0.005393      0.004322
   77702    20130513      -0.004390     -0.000627     -0.000792      0.000043
   77702    20130514       0.011143      0.009344      0.006823      0.010142
   77702    20130515       0.008659      0.003943      0.001770      0.005114
   77702    20130516      -0.008116     -0.004595     -0.002447     -0.005010
   77702    20130517       0.009127      0.009394      0.006531      0.010300
   77702    20130520      -0.004678      0.000631      0.004955     -0.000708
   77702    20130521       0.006580      0.001610      0.001466      0.001722
   77702    20130522      -0.001556     -0.009642     -0.010059     -0.008274
   77702    20130523      -0.009821     -0.002434     -0.000151     -0.002924
   77702    20130524      -0.002519     -0.001020     -0.000350     -0.000551
   77702    20130528       0.014205      0.006286      0.006506      0.006341
   77702    20130529      -0.009804     -0.006967     -0.006971     -0.007048
   77702    20130530      -0.002515      0.004201      0.005389      0.003670
   77702    20130531      -0.005199     -0.013560     -0.009492     -0.014307
   77702    20130603       0.005068      0.004650      0.002565      0.005936
   77702    20130604      -0.002048     -0.005563     -0.004488     -0.005511
   77702    20130605      -0.015632     -0.013396     -0.010458     -0.013780
   77702    20130606       0.010908      0.008977      0.007730      0.008490
   77702    20130607       0.032053      0.011370      0.005330      0.012832
   77702    20130610       0.016451      0.000190      0.002916     -0.000347
   77702    20130611      -0.010437     -0.010876     -0.009470     -0.010153
   77702    20130612      -0.014827     -0.008124     -0.006721     -0.008370
   77702    20130613       0.023584      0.015043      0.011588      0.014784
   77702    20130614      -0.005609     -0.005371     -0.004604     -0.005885
   77702    20130617       0.006555      0.007177      0.005131      0.007567
   77702    20130618       0.016129      0.007355      0.006078      0.007791
   77702    20130619      -0.010209     -0.013406     -0.009639     -0.013851
   77702    20130620      -0.017919     -0.025743     -0.023687     -0.025010
   77702    20130621      -0.008126      0.001442      0.002747      0.002670
   77702    20130624      -0.010512     -0.012324     -0.014795     -0.012145
   77702    20130625       0.011404      0.010326      0.009985      0.009497
   77702    20130626       0.016373      0.008921      0.005207      0.009590
   77702    20130627      -0.001672      0.008115      0.011708      0.006200
   77702    20130628      -0.002740     -0.002796      0.001627     -0.004290
   77702    20130701       0.011143      0.006723      0.009141      0.005404
   77702    20130702       0.008303     -0.001399     -0.002919     -0.000545
   77702    20130703       0.007636      0.000415     -0.000100      0.000824
   77702    20130705       0.006241      0.009014      0.005947      0.010202
   77702    20130708       0.008417      0.005172      0.003698      0.005252
   77702    20130709      -0.002343      0.007715      0.005760      0.007230
   77702    20130710      -0.000440      0.000643      0.002770      0.000182
   77702    20130711       0.018208      0.014621      0.012997      0.013554
   77702    20130712       0.005480      0.002473      0.001028      0.003087
   77702    20130715      -0.000861      0.002323      0.005546      0.001375
   77702    20130716      -0.002010     -0.003775     -0.001546     -0.003709
   77702    20130717      -0.018987      0.002997      0.003696      0.002774
   77702    20130718       0.004106      0.005450      0.004970      0.005033
   77702    20130719       0.004527      0.001480      0.000552      0.001610
   77702    20130722       0.003343      0.002796      0.004195      0.002033
   77702    20130723      -0.019704     -0.001168      0.002073     -0.001852
   77702    20130724      -0.015519     -0.004916     -0.005985     -0.003811
   77702    20130725       0.023420      0.003964      0.005521      0.002556
   77702    20130726       0.076133      0.000147     -0.001511      0.000828
   77702    20130729      -0.012405     -0.003749     -0.003816     -0.003736
   77702    20130730      -0.007177      0.000410      0.000284      0.000374
   77702    20130731      -0.008911      0.000197      0.001750     -0.000136
   77702    20130801       0.030734      0.012243      0.009356      0.012541
   77702    20130802       0.010207      0.001332      0.000912      0.001640
   77702    20130805      -0.003503     -0.000731      0.001899     -0.001480
   77702    20130806      -0.012978     -0.006570     -0.006180     -0.005723
   77702    20130807      -0.008379     -0.004527     -0.005628     -0.003806
   77702    20130808       0.010389      0.005441      0.005406      0.003885
   77702    20130809      -0.001919     -0.001916     -0.000247     -0.003570
   77702    20130812       0.001786     -0.000139      0.002700     -0.001153
   77702    20130813      -0.003976      0.001499     -0.000915      0.002776
   77702    20130814      -0.010876     -0.004084     -0.001067     -0.005177
   77702    20130815      -0.015449     -0.012961     -0.011149     -0.014282
   77702    20130816      -0.000424     -0.002932     -0.002099     -0.003305
   77702    20130819      -0.005940     -0.007095     -0.008153     -0.005900
   77702    20130820       0.005264      0.005670      0.008067      0.003821
   77702    20130821       0.000750     -0.006157     -0.005252     -0.005780
   77702    20130822       0.016786      0.009118      0.010541      0.008619
   77702    20130823       0.000974      0.004364      0.003842      0.003947
   77702    20130826      -0.001251     -0.002842     -0.000002     -0.004040
   77702    20130827      -0.023929     -0.016292     -0.016842     -0.015874
   77702    20130828       0.011402      0.002623      0.002138      0.002748
   77702    20130829       0.003100      0.003211      0.005360      0.001963
   77702    20130830      -0.009272     -0.004823     -0.007727     -0.003174
   77702    20130903       0.015315      0.004520      0.004639      0.004164
   77702    20130904       0.007542      0.007604      0.007115      0.008117
   77702    20130905      -0.001248      0.001815      0.003010      0.001210
   77702    20130906      -0.006662      0.001051      0.002761      0.000054
   77702    20130909       0.012156      0.010840      0.011386      0.009993
   77702    20130910       0.024503      0.007203      0.005425      0.007346
   77702    20130911       0.015832      0.002748      0.001120      0.003052
   77702    20130912       0.003714     -0.004001     -0.004229     -0.003380
   77702    20130913      -0.001322      0.002661      0.003440      0.002715
   77702    20130916      -0.004367      0.005149      0.003321      0.005693
   77702    20130917       0.010633      0.004977      0.005434      0.004218
   77702    20130918       0.016965      0.012557      0.011768      0.012178
   77702    20130919      -0.012673     -0.001141     -0.000431     -0.001843
   77702    20130920      -0.003012     -0.007310     -0.004424     -0.007217
   77702    20130923      -0.009984     -0.004154     -0.001939     -0.004720
   77702    20130924       0.015791     -0.001216      0.002218     -0.002597
   77702    20130925      -0.002743     -0.001667      0.000585     -0.002739
   77702    20130926       0.011003      0.003960      0.003876      0.003485
   77702    20130927       0.001944     -0.003601     -0.002150     -0.004074
   77702    20130930      -0.004655     -0.004859     -0.002007     -0.006029
   77702    20131001       0.002469      0.008708      0.008695      0.007999
   77702    20131002       0.000389     -0.000691     -0.000280     -0.000667
   77702    20131003      -0.004146     -0.008613     -0.006092     -0.008979
   77702    20131004       0.006895      0.006733      0.005498      0.007053
   77702    20131007      -0.006964     -0.008475     -0.005823     -0.008506
   77702    20131008      -0.017317     -0.013083     -0.012620     -0.012332
   77702    20131009      -0.003575     -0.000456     -0.001969      0.000574
   77702    20131010       0.024714      0.020975      0.017009      0.021830
   77702    20131011       0.009077      0.006886      0.007900      0.006286
   77702    20131014       0.003598      0.004080      0.003569      0.004075
   77702    20131015      -0.017798     -0.006831     -0.004937     -0.007064
   77702    20131016       0.017338      0.012777      0.009057      0.013828
   77702    20131017       0.008906      0.007753      0.009615      0.006744
   77702    20131018       0.007303      0.006937      0.006116      0.006549
   77702    20131021       0.001891      0.000148      0.000383      0.000092
   77702    20131022       0.018122      0.005529      0.004015      0.005738
   77702    20131023      -0.010507     -0.005298     -0.004769     -0.004725
   77702    20131024      -0.012492      0.004037      0.004170      0.003258
   77702    20131025       0.011512      0.003134     -0.000001      0.004395
   77702    20131028      -0.015633      0.000342     -0.001661      0.001330
   77702    20131029       0.011561      0.004431      0.003409      0.005584
   77702    20131030       0.015197     -0.005648     -0.007185     -0.004876
   77702    20131031       0.002722     -0.003533     -0.004199     -0.003839
   77702    20131101      -0.008390      0.001404     -0.002231      0.002903
   77702    20131104       0.000000      0.004332      0.007257      0.003571
   77702    20131105       0.020157     -0.002999     -0.001942     -0.002806
   77702    20131106      -0.010489      0.003015     -0.000848      0.004266
   77702    20131107      -0.025391     -0.013879     -0.013029     -0.013183
   77702    20131108       0.026938      0.012328      0.009308      0.013428
   77702    20131111      -0.002586      0.000993      0.002545      0.000723
   77702    20131112      -0.001420     -0.002247     -0.002888     -0.002370
   77702    20131113       0.010494      0.008521      0.006926      0.008095
   77702    20131114      -0.003941      0.004565      0.002579      0.004837
   77702    20131115       0.000616      0.004422      0.005526      0.004222
   77702    20131118      -0.008006     -0.004638     -0.004134     -0.003698
   77702    20131119      -0.007698     -0.003366     -0.004351     -0.002043
   77702    20131120      -0.002878     -0.003300     -0.003096     -0.003636
   77702    20131121       0.023089      0.008668      0.009070      0.008129
   77702    20131122      -0.002208      0.004572      0.003700      0.004961
   77702    20131125      -0.007867     -0.001431     -0.000255     -0.001263
   77702    20131126       0.009912      0.001067      0.004053      0.000150
   77702    20131127       0.001350      0.002738      0.005455      0.002485
   77702    20131129      -0.001960      0.000170      0.003875     -0.000786
   77702    20131202      -0.004788     -0.003649     -0.007152     -0.002719
   77702    20131203      -0.006414     -0.003714     -0.003833     -0.003193
   77702    20131204      -0.013035     -0.000950     -0.000588     -0.001304
   77702    20131205       0.002767     -0.003511     -0.001612     -0.004340
   77702    20131206       0.002760      0.009669      0.006687      0.011238
   77702    20131209      -0.002627      0.001862     -0.000607      0.001817
   77702    20131210      -0.029475     -0.002810     -0.002139     -0.003180
   77702    20131211      -0.012665     -0.012061     -0.011254     -0.011317
   77702    20131212       0.001047     -0.002551     -0.000698     -0.003771
   77702    20131213      -0.001700      0.001279      0.003054     -0.000101
   77702    20131216       0.001441      0.006431      0.006875      0.006320
   77702    20131217      -0.004839     -0.002331     -0.000097     -0.003101
   77702    20131218       0.020896      0.014482      0.008528      0.016648
   77702    20131219      -0.006823     -0.001016     -0.001754     -0.000580
   77702    20131220       0.006611      0.006900      0.010080      0.004819
   77702    20131223       0.008499      0.006231      0.008646      0.005318
   77702    20131224       0.003192      0.003465      0.004324      0.002916
   77702    20131226       0.003945      0.003996      0.002325      0.004745
   77702    20131227      -0.003930     -0.000065      0.001436     -0.000337
   77702    20131230      -0.000255      0.000276      0.000551     -0.000179
   77702    20131231      -0.002037      0.004258      0.003915      0.003960
   77702    20140102      -0.015563     -0.008755     -0.004051     -0.008862
   77702    20140103      -0.002851      0.000488      0.004096     -0.000333
   77702    20140106      -0.010136     -0.003352     -0.001676     -0.002512
   77702    20140107       0.013654      0.006080      0.006892      0.006082
   77702    20140108       0.010620      0.000165      0.000835     -0.000212
   77702    20140109      -0.005511      0.000116      0.000232      0.000348
   77702    20140110       0.000902      0.003582      0.005960      0.002307
   77702    20140113      -0.032831     -0.011627     -0.007697     -0.012576
   77702    20140114       0.004526      0.010251      0.009522      0.010818
   77702    20140115       0.009674      0.005064      0.005820      0.005166
   77702    20140116      -0.011813     -0.000258      0.002016     -0.001347
   77702    20140117      -0.005180     -0.003458     -0.000673     -0.003895
   77702    20140121      -0.016689      0.003354      0.005318      0.002774
   77702    20140122      -0.000679      0.001469      0.003711      0.000575
   77702    20140123      -0.002853     -0.008152     -0.006438     -0.008890
   77702    20140124       0.021665     -0.021111     -0.019296     -0.020875
   77702    20140127      -0.010269     -0.006649     -0.010387     -0.004876
   77702    20140128      -0.004312      0.007289      0.008305      0.006141
   77702    20140129      -0.031533     -0.009927     -0.007727     -0.010209
   77702    20140130       0.004891      0.011498      0.009324      0.011267
   77702    20140131      -0.010986     -0.005793     -0.005268     -0.006465
   77702    20140203      -0.030231     -0.023172     -0.021283     -0.022832
   77702    20140204       0.028128      0.007607      0.005913      0.007641
   77702    20140205      -0.002265     -0.001943     -0.004986     -0.002028
   77702    20140206       0.026529      0.011902      0.008515      0.012440
   77702    20140207       0.023148      0.012605      0.010024      0.013302
   77702    20140210       0.010333      0.001555      0.003988      0.001569
   77702    20140211      -0.004011      0.010599      0.008681      0.011062
   77702    20140212      -0.007919      0.001161      0.001603     -0.000269
   77702    20140213       0.010553      0.006958      0.008401      0.005810
   77702    20140214       0.004552      0.004115      0.003217      0.004809
   77702    20140218      -0.014128      0.003185      0.006940      0.001158
   77702    20140219      -0.008787     -0.006844     -0.006556     -0.006524
   77702    20140220       0.003137      0.006445      0.007149      0.006031
   77702    20140221      -0.013460     -0.000816      0.001533     -0.001919
   77702    20140224       0.000000      0.006175      0.005684      0.006187
   77702    20140225      -0.027701     -0.001267     -0.001884     -0.001348
   77702    20140226       0.017434      0.001041      0.002945      0.000022
   77702    20140227       0.005712      0.004883      0.006057      0.004948
   77702    20140228      -0.017038      0.001674     -0.000735      0.002783
   77702    20140303      -0.006905     -0.006622     -0.003855     -0.007379
   77702    20140304       0.016887      0.015425      0.016489      0.015268
   77702    20140305      -0.005024      0.000360      0.002150     -0.000053
   77702    20140306       0.019495      0.001717      0.002474      0.001718
   77702    20140307       0.005228     -0.000802     -0.001643      0.000538
   77702    20140310       0.006706     -0.001258     -0.001022     -0.000463
   77702    20140311       0.019984     -0.005525     -0.007303     -0.005082
   77702    20140312       0.007997      0.001296      0.001470      0.000305
   77702    20140313      -0.015867     -0.011128     -0.008840     -0.011701
   77702    20140314      -0.002150     -0.001379      0.001197     -0.002822
   77702    20140317      -0.001212      0.008275      0.005371      0.009614
   77702    20140318       0.005662      0.007659      0.008709      0.007220
   77702    20140319       0.017560     -0.006794     -0.005280     -0.006132
   77702    20140320       0.013766      0.004690      0.001142      0.006041
   77702    20140321      -0.003184     -0.002865     -0.000898     -0.002933
   77702    20140324      -0.012254     -0.006073     -0.008920     -0.004865
   77702    20140325      -0.015309      0.003435      0.001238      0.004404
   77702    20140326      -0.014341     -0.008163     -0.011849     -0.007000
   77702    20140327      -0.001904     -0.001070     -0.001497     -0.001900
   77702    20140328       0.004087      0.004471      0.002658      0.004640
   77702    20140331      -0.004342      0.009180      0.010512      0.007924
   77702    20140401       0.008586      0.008255      0.008989      0.007039
   77702    20140402      -0.004594      0.002826      0.003632      0.002853
   77702    20140403      -0.007873     -0.003097     -0.006998     -0.001126
   77702    20140404      -0.021070     -0.012577     -0.012466     -0.012537
   77702    20140407      -0.015653     -0.011635     -0.011536     -0.010750
   77702    20140408       0.014908      0.005383      0.006044      0.003751
   77702    20140409       0.013990      0.011296      0.010445      0.010918
   77702    20140410      -0.031181     -0.020772     -0.017922     -0.020885
   77702    20140411      -0.021219     -0.009776     -0.009547     -0.009487
   77702    20140414       0.008439      0.006507      0.000249      0.008217
   77702    20140415      -0.006060      0.005175     -0.001758      0.006757
   77702    20140416       0.027580      0.010633      0.009288      0.010488
   77702    20140417      -0.009041      0.002272      0.004201      0.001364
   77702    20140421       0.004704      0.003488      0.004051      0.003775
   77702    20140422       0.009492      0.005565      0.008348      0.004092
   77702    20140423      -0.010668     -0.002778     -0.003873     -0.002213
   77702    20140424       0.009945      0.000720     -0.001431      0.001717
   77702    20140425       0.005064     -0.009465     -0.012122     -0.008096
   77702    20140428      -0.007278      0.001083     -0.004227      0.003236
   77702    20140429      -0.004089      0.005628      0.002765      0.004761
   77702    20140430      -0.000283      0.003403      0.002607      0.002992
   77702    20140501       0.007080      0.000756      0.000715     -0.000143
   77702    20140502      -0.007312     -0.000262      0.000884     -0.001348
   77702    20140505       0.004533      0.001305     -0.000247      0.001871
   77702    20140506      -0.015228     -0.008722     -0.009108     -0.008988
   77702    20140507       0.002299      0.004396     -0.002716      0.005616
   77702    20140508      -0.002294     -0.002680     -0.007151     -0.001374
   77702    20140509       0.010204      0.001576      0.003307      0.001519
   77702    20140512       0.012235      0.011163      0.014883      0.009673
   77702    20140513       0.000141     -0.000664     -0.003102      0.000422
   77702    20140514      -0.013912     -0.004720     -0.006852     -0.004701
   77702    20140515      -0.004560     -0.008355     -0.006830     -0.009362
   77702    20140516       0.015605      0.003408      0.003325      0.003747
   77702    20140519       0.001128      0.004289      0.005823      0.003845
   77702    20140520      -0.011124     -0.006935     -0.007937     -0.006498
   77702    20140521       0.002421      0.007409      0.004290      0.008116
   77702    20140522       0.014205      0.003479      0.005598      0.002362
   77702    20140523       0.008123      0.004763      0.006622      0.004248
   77702    20140527       0.023340      0.005886      0.007250      0.005988
   77702    20140528      -0.005295     -0.001313     -0.000426     -0.001114
   77702    20140529      -0.002184      0.004895      0.003798      0.005367
   77702    20140530       0.001778      0.000648     -0.002478      0.001844
   77702    20140602       0.008329      0.000707     -0.002722      0.000728
   77702    20140603       0.004469     -0.000378     -0.002286     -0.000379
   77702    20140604       0.006606      0.002548      0.002550      0.001892
   77702    20140605       0.000670      0.007264      0.011053      0.006525
   77702    20140606       0.008164      0.005108      0.007430      0.004628
   77702    20140609      -0.001991      0.001869      0.005748      0.000939
   77702    20140610      -0.007715     -0.000364      0.000606     -0.000246
   77702    20140611       0.002681     -0.003070     -0.001367     -0.003537
   77702    20140612      -0.011230     -0.005682     -0.002297     -0.007089
   77702    20140613       0.009870      0.003062      0.001781      0.003135
   77702    20140616       0.005355      0.001410      0.002006      0.000837
   77702    20140617       0.002930      0.002943      0.004991      0.002173
   77702    20140618       0.003320      0.006972      0.005413      0.007719
   77702    20140619       0.022102      0.001685      0.002033      0.001277
   77702    20140620      -0.008158      0.002066      0.001486      0.001730
   77702    20140623       0.001697      0.000131     -0.000423     -0.000132
   77702    20140624       0.009123     -0.006977     -0.006623     -0.006435
   77702    20140625       0.008911      0.005116      0.004372      0.004897
   77702    20140626      -0.000768     -0.000553      0.000406     -0.001179
   77702    20140627      -0.001537      0.002880      0.005283      0.001911
   77702    20140630      -0.007185      0.001031      0.002778     -0.000372
   77702    20140701       0.009046      0.006791      0.007202      0.006678
   77702    20140702       0.001409     -0.000308     -0.000838      0.000659
   77702    20140703       0.011127      0.004960      0.003767      0.005480
   77702    20140707      -0.004680     -0.006099     -0.009967     -0.003924
   77702    20140708      -0.001652     -0.007339     -0.009708     -0.007049
   77702    20140709       0.011329      0.004472      0.002268      0.004644
   77702    20140710      -0.007552     -0.004848     -0.006661     -0.004131
   77702    20140711      -0.003171      0.000774      0.000505      0.001471
   77702    20140714      -0.000509      0.004556      0.003811      0.004844
   77702    20140715       0.004201     -0.003290     -0.006740     -0.001932
   77702    20140716      -0.002028      0.003758      0.000775      0.004201
   77702    20140717      -0.018926     -0.010957     -0.010541     -0.011834
   77702    20140718       0.009063      0.010248      0.009656      0.010265
   77702    20140721      -0.004234     -0.002167     -0.001821     -0.002320
   77702    20140722       0.014560      0.005099      0.005685      0.005016
   77702    20140723       0.005080      0.001852      0.001143      0.001754
   77702    20140724       0.016553      0.000243     -0.000737      0.000488
   77702    20140725      -0.021255     -0.005026     -0.004408     -0.004849
   77702    20140728      -0.004826     -0.000499     -0.002544      0.000288
   77702    20140729       0.003701     -0.003660     -0.000656     -0.004528
   77702    20140730       0.003179      0.000527      0.001238      0.000061
   77702    20140731      -0.015463     -0.019351     -0.016042     -0.019999
   77702    20140801      -0.009011     -0.003453     -0.004325     -0.002859
   77702    20140804       0.007145      0.007131      0.004569      0.007189
   77702    20140805      -0.006191     -0.008871     -0.004639     -0.009685
   77702    20140806       0.004428      0.000306      0.002049      0.000016
   77702    20140807      -0.005445     -0.004897     -0.003772     -0.005557
   77702    20140808       0.011863      0.010292      0.007341      0.011531
   77702    20140811       0.003221      0.004763      0.007579      0.002759
   77702    20140812      -0.000642     -0.002197     -0.003681     -0.001637
   77702    20140813      -0.007453      0.006619      0.005093      0.006707
   77702    20140814      -0.008027      0.004201      0.002515      0.004346
   77702    20140815       0.003785      0.000297     -0.000418     -0.000061
   77702    20140818       0.008841      0.008512      0.008572      0.008532
   77702    20140819       0.006831      0.004709      0.003095      0.005001
   77702    20140820      -0.001152      0.001975     -0.001684      0.002478
   77702    20140821      -0.007177      0.002466      0.001526      0.002950
   77702    20140822      -0.002453     -0.001440      0.000202     -0.001993
   77702    20140825       0.008929      0.004547      0.002831      0.004788
   77702    20140826      -0.002309      0.002174      0.004296      0.001051
   77702    20140827       0.001671      0.000631      0.000708      0.000050
   77702    20140828      -0.001412     -0.001825     -0.002425     -0.001690
   77702    20140829       0.000000      0.003795      0.005008      0.003320
   77702    20140902      -0.004241      0.000040      0.001711     -0.000544
   77702    20140903      -0.008906     -0.000580     -0.001910     -0.000779
   77702    20140904       0.004818     -0.002384     -0.003331     -0.001534
   77702    20140905       0.010238      0.004374      0.002325      0.005036
   77702    20140908      -0.003592     -0.002768      0.000711     -0.003073
   77702    20140909      -0.007081     -0.006314     -0.007138     -0.006545
   77702    20140910       0.001167      0.003336      0.002361      0.003646
   77702    20140911      -0.014117      0.001294      0.001528      0.000882
   77702    20140912      -0.008539     -0.006578     -0.005937     -0.005963
   77702    20140915      -0.007288     -0.002883     -0.008128     -0.000710
   77702    20140916       0.002269      0.007024      0.002691      0.007484
   77702    20140917       0.003329      0.000799      0.000746      0.001296
   77702    20140918       0.005177      0.004524      0.001232      0.004891
   77702    20140919       0.004490     -0.002358     -0.005404     -0.000477
   77702    20140922      -0.019324     -0.010078     -0.012408     -0.008013
   77702    20140923      -0.008646     -0.005988     -0.005323     -0.005776
   77702    20140924       0.018457      0.007101      0.004422      0.007832
   77702    20140925      -0.015932     -0.015545     -0.011671     -0.016169
   77702    20140926       0.014166      0.008406      0.005848      0.008576
   77702    20140929       0.001330     -0.002414     -0.001783     -0.002547
   77702    20140930       0.002524     -0.004084     -0.006147     -0.002786
   77702    20141001      -0.011264     -0.012915     -0.012712     -0.013249
   77702    20141002      -0.002145      0.000767      0.003224      0.000005
   77702    20141003       0.019342      0.009101      0.004718      0.011166
   77702    20141006      -0.009817     -0.001584     -0.003940     -0.001565
   77702    20141007      -0.014572     -0.014988     -0.012748     -0.015126
   77702    20141008       0.016340      0.015880      0.009494      0.017462
   77702    20141009      -0.010364     -0.021200     -0.019852     -0.020661
   77702    20141010      -0.000269     -0.013329     -0.013074     -0.011451
   77702    20141013      -0.030486     -0.015503     -0.007357     -0.016468
   77702    20141014       0.007619      0.002339      0.002958      0.001579
   77702    20141015      -0.004949     -0.004496      0.002839     -0.008100
   77702    20141016       0.003592      0.003834      0.011545      0.000145
   77702    20141017       0.012390      0.010804      0.003826      0.012884
   77702    20141020       0.015774      0.009253      0.008011      0.009143
   77702    20141021      -0.004551      0.019222      0.013127      0.019574
   77702    20141022       0.003228     -0.008872     -0.009154     -0.007299
   77702    20141023       0.003217      0.012250      0.010159      0.012303
   77702    20141024       0.012961      0.006014      0.001939      0.007053
   77702    20141027       0.002111     -0.002165     -0.003801     -0.001502
   77702    20141028       0.014216      0.013728      0.016580      0.011939
   77702    20141029      -0.006619     -0.002239     -0.002074     -0.001385
   77702    20141030       0.010191      0.004968      0.003778      0.006230
   77702    20141031      -0.022763      0.011525      0.009145      0.011731
   77702    20141103       0.007147     -0.000676     -0.001684     -0.000119
   77702    20141104       0.008016     -0.004622     -0.005727     -0.002830
   77702    20141105      -0.000652      0.004883      0.001037      0.005701
   77702    20141106       0.010305      0.003804      0.002064      0.003776
   77702    20141107       0.004390      0.001992      0.003703      0.000350
   77702    20141110       0.002314      0.002730      0.001480      0.003120
   77702    20141111       0.001030      0.001133      0.000563      0.000697
   77702    20141112       0.001544      0.000555      0.002474     -0.000701
   77702    20141113       0.000514     -0.000933     -0.006239      0.000530
   77702    20141114       0.002953      0.001343      0.001907      0.000240
   77702    20141117      -0.003712     -0.000220     -0.004405      0.000735
   77702    20141118      -0.003341      0.005511      0.004301      0.005134
   77702    20141119       0.003223     -0.002369     -0.006283     -0.001501
   77702    20141120       0.004883      0.003291      0.006490      0.001967
   77702    20141121       0.019949      0.005319      0.004875      0.005237
   77702    20141124       0.009529      0.003181      0.004896      0.002864
   77702    20141125      -0.003850     -0.000405     -0.000241     -0.001150
   77702    20141126      -0.006358      0.002803      0.002520      0.002806
   77702    20141128       0.018946     -0.006081     -0.013253     -0.002542
   77702    20141201      -0.004433     -0.008986     -0.013735     -0.006829
   77702    20141202      -0.005937      0.005875      0.005457      0.006384
   77702    20141203       0.001244      0.005226      0.005991      0.003765
   77702    20141204       0.010439     -0.002140     -0.004154     -0.001162
   77702    20141205       0.027795      0.001452      0.002811      0.001665
   77702    20141208       0.002752     -0.009467     -0.014340     -0.007257
   77702    20141209      -0.009189      0.001713      0.008818     -0.000238
   77702    20141210      -0.004456     -0.017424     -0.016875     -0.016351
   77702    20141211       0.005565      0.004087      0.001751      0.004536
   77702    20141212       0.001564     -0.015221     -0.010083     -0.016214
   77702    20141215      -0.028348     -0.007676     -0.011454     -0.006343
   77702    20141216      -0.021758     -0.005844     -0.001292     -0.008489
   77702    20141217       0.016492      0.021780      0.022401      0.020352
   77702    20141218      -0.005035      0.021535      0.014705      0.024015
   77702    20141219      -0.007372      0.004598      0.005261      0.004570
   77702    20141222       0.013847      0.003256      0.001511      0.003810
   77702    20141223       0.011050      0.002197      0.000876      0.001746
   77702    20141224      -0.001965      0.000588      0.002258     -0.000139
   77702    20141226       0.006891      0.003672      0.004966      0.003310
   77702    20141229       0.006721      0.001241      0.000076      0.000862
   77702    20141230      -0.007162     -0.004281     -0.001811     -0.004889
   77702    20141231       0.003179     -0.008782     -0.001037     -0.010311
   77702    20150102      -0.007434     -0.000233      0.001470     -0.000340
   77702    20150105      -0.019155     -0.018275     -0.012534     -0.018278
   77702    20150106      -0.008137     -0.009652     -0.010157     -0.008893
   77702    20150107       0.024612      0.011113      0.008010      0.011630
   77702    20150108       0.016137      0.016858      0.013097      0.017888
   77702    20150109      -0.032731     -0.007542     -0.004116     -0.008404
   77702    20150112       0.005515     -0.007778     -0.004682     -0.008094
   77702    20150113       0.007977     -0.002272     -0.002489     -0.002579
   77702    20150114      -0.005565     -0.005206     -0.003887     -0.005813
   77702    20150115      -0.010445     -0.009188     -0.010573     -0.009248
   77702    20150116       0.012943      0.013834      0.012365      0.013424
   77702    20150120       0.007629      0.000266     -0.003440      0.001550
   77702    20150121       0.000800      0.004529      0.001028      0.004732
   77702    20150122       0.017837      0.014704      0.010968      0.015270
   77702    20150123       0.066232     -0.004194     -0.002662     -0.005492
   77702    20150126      -0.001134      0.004398      0.007376      0.002568
   77702    20150127       0.002497     -0.010017     -0.001498     -0.013388
   77702    20150128      -0.008773     -0.014051     -0.012663     -0.013496
   77702    20150129       0.016959      0.008474      0.006215      0.009535
   77702    20150130      -0.017069     -0.012174     -0.009641     -0.012992
   77702    20150202       0.005255      0.012227      0.008777      0.012962
   77702    20150203       0.009319      0.015006      0.015437      0.014439
   77702    20150204       0.002373     -0.004425     -0.004505     -0.004156
   77702    20150205       0.010598      0.011508      0.011660      0.010291
   77702    20150206      -0.007140     -0.003594     -0.002860     -0.003418
   77702    20150209      -0.002022     -0.004102     -0.001987     -0.004247
   77702    20150210       0.026571      0.008613      0.002268      0.010676
   77702    20150211      -0.004277     -0.000354     -0.001283     -0.000029
   77702    20150212       0.011400      0.010432      0.009910      0.009645
   77702    20150213      -0.002668      0.004733      0.007138      0.004075
   77702    20150217       0.004914      0.001735      0.002174      0.001598
   77702    20150218       0.010540      0.000151      0.002185     -0.000314
   77702    20150219       0.001828     -0.001021      0.000437     -0.001062
   77702    20150220       0.003649      0.005707      0.001811      0.006126
   77702    20150223       0.000749     -0.000642     -0.002192     -0.000303
   77702    20150224      -0.001389      0.002301      0.003274      0.002759
   77702    20150225       0.008668      0.000690      0.003327     -0.000766
   77702    20150226       0.003077     -0.001535     -0.000219     -0.001476
   77702    20150227      -0.011264     -0.002606     -0.001387     -0.002956
   77702    20150302       0.007916      0.005493      0.003498      0.006125
   77702    20150303      -0.002388     -0.004050     -0.003166     -0.004539
   77702    20150304      -0.010000     -0.003780     -0.002648     -0.004389
   77702    20150305       0.006125      0.001630      0.002445      0.001196
   77702    20150306      -0.015113     -0.013847     -0.010881     -0.014174
   77702    20150309       0.008947      0.002857     -0.000853      0.003944
   77702    20150310      -0.009243     -0.015502     -0.012272     -0.016961
   77702    20150311      -0.008245     -0.000202      0.002088     -0.001918
   77702    20150312       0.021440      0.011978      0.009584      0.012601
   77702    20150313      -0.000964     -0.005520     -0.004493     -0.006075
   77702    20150316       0.008093      0.011756      0.002426      0.013534
   77702    20150317       0.003615     -0.001746      0.000823     -0.003320
   77702    20150318       0.015416      0.012070      0.010275      0.012158
   77702    20150319       0.020033     -0.004544     -0.001078     -0.004873
   77702    20150320      -0.003069      0.009382      0.007195      0.009013
   77702    20150323      -0.000923     -0.000950      0.003383     -0.001746
   77702    20150324       0.005597     -0.004570      0.000194     -0.006139
   77702    20150325      -0.021907     -0.014692     -0.013047     -0.014559
   77702    20150326      -0.007205     -0.002246     -0.002232     -0.002377
   77702    20150327      -0.000105      0.002471      0.002269      0.002369
   77702    20150330       0.009572      0.011518      0.006814      0.012237
   77702    20150331      -0.013336     -0.007118     -0.003544     -0.008796
   77702    20150401      -0.017740     -0.002679      0.001036     -0.003965
   77702    20150402       0.014728      0.003998      0.004717      0.003530
   77702    20150406       0.001377      0.006571      0.006032      0.006609
   77702    20150407      -0.004761     -0.002126      0.000123     -0.002062
   77702    20150408       0.012331      0.003592      0.004545      0.002683
   77702    20150409       0.007246      0.003358      0.001321      0.004457
   77702    20150410       0.004379      0.004598      0.003480      0.005203
   77702    20150413       0.006851     -0.003723     -0.000350     -0.004581
   77702    20150414      -0.004124      0.001877      0.003114      0.001630
   77702    20150415      -0.003313      0.006178      0.008043      0.005148
   77702    20150416       0.002181     -0.000408      0.000410     -0.000778
   77702    20150417      -0.012955     -0.011294     -0.010509     -0.011311
   77702    20150420       0.007350      0.008076      0.005606      0.009235
   77702    20150421       0.008338     -0.001001     -0.000228     -0.001481
   77702    20150422      -0.000724      0.004136      0.001945      0.005088
   77702    20150423       0.022654      0.003543      0.005482      0.002358
   77702    20150424       0.048756      0.001164     -0.000624      0.002253
   77702    20150427      -0.018711     -0.004792     -0.006117     -0.004141
   77702    20150428      -0.005111      0.002464      0.002983      0.002769
   77702    20150429       0.000790     -0.003927     -0.004960     -0.003740
   77702    20150430      -0.021125     -0.010717     -0.011719     -0.010129
   77702    20150501       0.014320      0.009290      0.004734      0.010923
   77702    20150504       0.003082      0.002965      0.003472      0.002941
   77702    20150505      -0.017445     -0.011551     -0.009817     -0.011837
   77702    20150506      -0.009614     -0.003351     -0.002460     -0.004456
   77702    20150507       0.008584      0.003357      0.000738      0.003774
   77702    20150508       0.008713      0.012079      0.008229      0.013458
   77702    20150511      -0.005625     -0.003976     -0.000927     -0.005090
   77702    20150512       0.004242     -0.002240     -0.001242     -0.002950
   77702    20150513      -0.002414      0.000183      0.001061     -0.000305
   77702    20150514       0.019460      0.009727      0.006333      0.010779
   77702    20150515       0.004846      0.001069      0.001811      0.000768
   77702    20150518       0.007480      0.003340      0.003156      0.003048
   77702    20150519       0.004689     -0.001353     -0.003873     -0.000643
   77702    20150520      -0.007585     -0.000324      0.001343     -0.000931
   77702    20150521       0.005879      0.002480      0.000891      0.002338
   77702    20150522       0.002922     -0.002203     -0.001796     -0.002234
   77702    20150526      -0.012432     -0.010460     -0.009335     -0.010282
   77702    20150527       0.014752      0.008645      0.006225      0.009163
   77702    20150528       0.004264     -0.001208     -0.001049     -0.001267
   77702    20150529       0.002895     -0.005807     -0.002775     -0.006318
   77702    20150601       0.005004      0.001529      0.000293      0.002059
   77702    20150602      -0.009383      0.000374      0.004345     -0.001009
   77702    20150603       0.007539      0.002641      0.004531      0.002119
   77702    20150604      -0.007675     -0.008885     -0.007438     -0.008623
   77702    20150605       0.009087     -0.000012      0.002868     -0.001436
   77702    20150608      -0.012646     -0.006530     -0.003740     -0.006474
   77702    20150609       0.000194     -0.000031     -0.002466      0.000418
   77702    20150610       0.022313      0.011523      0.009202      0.012042
   77702    20150611      -0.003796      0.001896      0.000957      0.001739
   77702    20150612       0.002667     -0.006174     -0.001982     -0.006994
   77702    20150615      -0.006840     -0.004044     -0.002190     -0.004622
   77702    20150616       0.013296      0.004950      0.002473      0.005690
   77702    20150617       0.005192      0.001727      0.000427      0.001980
   77702    20150618       0.016341      0.009282      0.006353      0.009903
   77702    20150619      -0.003327     -0.004861     -0.003153     -0.005304
   77702    20150622      -0.000556      0.005840      0.005036      0.006095
   77702    20150623       0.003989      0.001286      0.002623      0.000636
   77702    20150624      -0.007484     -0.007406     -0.006447     -0.007353
   77702    20150625       0.006703     -0.002663     -0.002804     -0.002974
   77702    20150626       0.010172     -0.000824     -0.004223     -0.000390
   77702    20150629      -0.019590     -0.021494     -0.020717     -0.020866
   77702    20150630       0.001214      0.002971      0.004032      0.002658
   77702    20150701       0.005129      0.005468     -0.000112      0.006936
   77702    20150702       0.006495     -0.000551     -0.002091     -0.000308
   77702    20150706       0.001198     -0.004513     -0.006922     -0.003862
   77702    20150707       0.001289      0.004984     -0.002197      0.006081
   77702    20150708      -0.018115     -0.016503     -0.016733     -0.016653
   77702    20150709       0.012362      0.002745      0.006799      0.002262
   77702    20150710       0.009621      0.012668      0.011926      0.012338
   77702    20150713       0.020707      0.010241      0.007892      0.011066
   77702    20150714       0.000898      0.004718      0.004574      0.004453
   77702    20150715      -0.007354     -0.002476     -0.006612     -0.000735
   77702    20150716       0.007228      0.006966      0.004368      0.008015
   77702    20150717      -0.000897     -0.000623     -0.004242      0.001106
   77702    20150720       0.009337     -0.001220     -0.009278      0.000771
   77702    20150721      -0.000178     -0.004060     -0.001764     -0.004262
   77702    20150722       0.008719     -0.002374     -0.003048     -0.002388
   77702    20150723      -0.002293     -0.005443     -0.006041     -0.005676
   77702    20150724       0.012907     -0.010020     -0.010385     -0.010703
   77702    20150727      -0.005411     -0.007083     -0.009780     -0.005775
   77702    20150728       0.002808      0.012249      0.007973      0.012386
   77702    20150729       0.006475      0.007572      0.006654      0.007319
   77702    20150730       0.009564      0.000786     -0.000559      0.000028
   77702    20150731      -0.002239     -0.000762      0.002570     -0.002272
   77702    20150803       0.004488     -0.003685     -0.006867     -0.002757
   77702    20150804       0.011514     -0.001720     -0.000997     -0.002250
   77702    20150805       0.005281      0.002562     -0.000446      0.003115
   77702    20150806      -0.030164     -0.007835     -0.006109     -0.007753
   77702    20150807      -0.000524     -0.003287     -0.004490     -0.002875
   77702    20150810      -0.016259      0.013130      0.012892      0.012808
   77702    20150811       0.001422     -0.009258     -0.008294     -0.009557
   77702    20150812       0.000532      0.000714      0.001230      0.000950
   77702    20150813       0.008336     -0.002051     -0.003479     -0.001275
   77702    20150814       0.004398      0.003787      0.002692      0.003912
   77702    20150817       0.011208      0.005738      0.003811      0.005211
   77702    20150818       0.001559     -0.003508     -0.005700     -0.002626
   77702    20150819      -0.004150     -0.008811     -0.007958     -0.008255
   77702    20150820      -0.030908     -0.021653     -0.018720     -0.021100
   77702    20150821      -0.053216     -0.028026     -0.015820     -0.031851
   77702    20150824      -0.047313     -0.038569     -0.034961     -0.039414
   77702    20150825       0.014899     -0.010293     -0.000292     -0.013522
   77702    20150826       0.056175      0.033789      0.015986      0.039034
   77702    20150827       0.036879      0.024380      0.023391      0.024298
   77702    20150828      -0.005719      0.002546      0.009619      0.000609
   77702    20150831      -0.016538     -0.007253      0.001211     -0.008392
   77702    20150901      -0.022117     -0.028171     -0.020324     -0.029576
   77702    20150902       0.032897      0.016358      0.008655      0.018293
   77702    20150903      -0.010315      0.001847      0.002048      0.001165
   77702    20150904      -0.007497     -0.013753     -0.007376     -0.015330
   77702    20150908       0.017133      0.023678      0.015950      0.025083
   77702    20150909      -0.009419     -0.012780     -0.007957     -0.013898
   77702    20150910       0.012434      0.004394      0.002676      0.005278
   77702    20150911       0.020950      0.003421      0.000351      0.004487
   77702    20150914      -0.004245     -0.004218     -0.004763     -0.004090
   77702    20150915       0.011014      0.011431      0.007205      0.012831
   77702    20150916       0.006150      0.009525      0.010280      0.008705
   77702    20150917       0.000349     -0.000697      0.003943     -0.002561
   77702    20150918      -0.007682     -0.015316     -0.005298     -0.016164
   77702    20150921       0.012315      0.003278     -0.002812      0.004566
   77702    20150922      -0.007299     -0.013619     -0.013892     -0.012318
   77702    20150923       0.011730     -0.003505     -0.005811     -0.002049
   77702    20150924       0.010036     -0.003694     -0.002064     -0.003363
   77702    20150925      -0.006510     -0.002121     -0.009683     -0.000466
   77702    20150928      -0.038282     -0.027037     -0.025940     -0.025666
   77702    20150929      -0.000897     -0.000900     -0.006661      0.001233
   77702    20150930       0.020100      0.019428      0.014146      0.019076
   77702    20151001       0.011260      0.001947     -0.001710      0.001974
   77702    20151002       0.010438      0.015196      0.016159      0.014315
   77702    20151005       0.016529      0.018766      0.021298      0.018290
   77702    20151006      -0.005928     -0.003074      0.002251     -0.003588
   77702    20151007       0.001533      0.009808      0.011842      0.008036
   77702    20151008       0.011569      0.008524      0.009249      0.008818
   77702    20151009       0.010259      0.001435      0.003570      0.000725
   77702    20151012       0.007824     -0.000223     -0.002943      0.001276
   77702    20151013      -0.006277     -0.007790     -0.009082     -0.006825
   77702    20151014      -0.022274     -0.004292     -0.003048     -0.004716
   77702    20151015       0.014791      0.014710      0.015934      0.014853
   77702    20151016       0.004021      0.003396     -0.000375      0.004570
   77702    20151019       0.017354     -0.000676     -0.002569      0.000271
   77702    20151020      -0.001476     -0.001173      0.000592     -0.001421
   77702    20151021      -0.005749     -0.008023     -0.010894     -0.005825
   77702    20151022       0.015860      0.013947      0.006559      0.016628
   77702    20151023       0.018214      0.009499      0.005922      0.011030
   77702    20151026       0.013097     -0.002825     -0.005876     -0.001913
   77702    20151027      -0.011351     -0.004481     -0.010867     -0.002554
   77702    20151028       0.012757      0.013648      0.016547      0.011840
   77702    20151029      -0.015903     -0.002213     -0.005697     -0.000450
   77702    20151030       0.001120     -0.004004     -0.001219     -0.004810
   77702    20151102      -0.005274      0.012451      0.015202      0.011874
   77702    20151103       0.008997      0.003105      0.005969      0.002728
   77702    20151104      -0.013376     -0.003386     -0.002208     -0.003545
   77702    20151105       0.005165     -0.001399     -0.003208     -0.001132
   77702    20151106      -0.004977     -0.000382      0.000611     -0.000348
   77702    20151109      -0.006939     -0.009608     -0.009099     -0.009823
   77702    20151110       0.013694      0.001287     -0.002464      0.001511
   77702    20151111      -0.004986     -0.004133     -0.006487     -0.003228
   77702    20151112      -0.012930     -0.014502     -0.013504     -0.013990
   77702    20151113      -0.021778     -0.009777     -0.005603     -0.011207
   77702    20151116       0.015735      0.013744      0.006323      0.014903
   77702    20151117      -0.002142     -0.001367     -0.004299     -0.001339
   77702    20151118       0.020644      0.015275      0.009549      0.016162
   77702    20151119      -0.005502     -0.000992     -0.000797     -0.001123
   77702    20151120       0.008624      0.003009      0.002457      0.003810
   77702    20151123       0.010486     -0.000675      0.002188     -0.001235
   77702    20151124      -0.010856      0.002369      0.005636      0.001222
   77702    20151125       0.003712      0.001164      0.005034     -0.000129
   77702    20151127      -0.000161      0.000778      0.002116      0.000594
   77702    20151130      -0.012705     -0.003855     -0.000268     -0.004641
   77702    20151201      -0.000326      0.009517      0.006206      0.010681
   77702    20151202      -0.002444     -0.010721     -0.009449     -0.010996
   77702    20151203      -0.027279     -0.014324     -0.010774     -0.014374
   77702    20151204       0.036944      0.016445      0.004062      0.020526
   77702    20151207       0.002267     -0.009783     -0.016409     -0.006990
   77702    20151208       0.004363     -0.006114     -0.004610     -0.006490
   77702    20151209      -0.015766     -0.006593     -0.004324     -0.007739
   77702    20151210       0.011278      0.002041      0.002265      0.002251
   77702    20151211      -0.033134     -0.019819     -0.019472     -0.019423
   77702    20151214       0.001672      0.001602     -0.009598      0.004756
   77702    20151215       0.001001      0.011309      0.010138      0.010619
   77702    20151216       0.006169      0.014887      0.013375      0.014515
   77702    20151217      -0.013836     -0.014592     -0.008153     -0.015041
   77702    20151218      -0.015038     -0.015052     -0.005038     -0.017797
   77702    20151221       0.015694      0.007141      0.004597      0.007778
   77702    20151222       0.007558      0.008832      0.007974      0.008817
   77702    20151223       0.005834      0.013679      0.016403      0.012418
   77702    20151224      -0.000331     -0.000836      0.001734     -0.001599
   77702    20151228      -0.002155     -0.003324     -0.007476     -0.002179
   77702    20151229       0.015617      0.010011      0.006096      0.010630
   77702    20151230      -0.005071     -0.007371     -0.006734     -0.007217
   77702    20151231      -0.012989     -0.008190     -0.002037     -0.009412
