category change duration size
4 0 2.46e-05 631.03
7 0.17 0.8172109 0.01
1 -0.17 1.786163 0.03
2 -0.01 1.344361 0.67
3 -0.01 1.1e-05 1
4 0 4.000001e-06 0.5
2 -0.01 7.000002e-06 0.62
4 0 5.999995e-06 3
4 0 1.1e-05 1
4 0 6.000002e-06 1
6 0.02 1e-06 1
2 -0.02 4.999994e-06 1
6 0.01 1e-06 0.5
4 0 6.000002e-06 0.5
2 -0.01 4.000001e-06 1
4 0 6.999995e-06 1
6 0.02 1e-06 1
2 -0.02 5.000002e-06 1
6 0.01 3.000001e-06 0.5
2 -0.01 3.000001e-06 1
4 0 6.000002e-06 1
4 0 4.999994e-06 1
4 0 8.000003e-06 1
6 0.02 3.5e-05 1
3 -0.01 1.800001e-05 0.5
4 0 2.1e-05 0.5
4 0 4e-05 1
4 0 0.000217 1
5 0.01 0.000115 1
4 0 1e-06 1
3 -0.01 0 0.5
4 0 0 0.5
4 0 0.000357 0.5
4 0 0.000216 1
2 -0.01 6.999995e-06 1
4 0 0.000176 1
4 0 3.4e-05 1
4 0 0.005015 1
2 -0.01 0.000884 0.12
2 -0.02 1e-05 1.8
4 0 4.999994e-06 1.58
6 0.01 0.001871 1
7 0.03 0.109041 1
1 -0.03 0.913782 0.5
4 0 0.00209 0.17
7 0.085 0.106964 0.07
1 -0.085 0.010755 0.34
7 0.085 0.002962 0.01
1 -0.085 0.702908 0.02
7 0.05 0.572884 0.01
1 -0.05 2.708404 0.36
7 0.05 2.536018 9.38
4 0 0.41693 37.11
4 0 0.07826 15.44
4 0 0.03689 17.31
1 -0.042 1.37802 4
5 0.009 0.46356 4
7 0.0782 0.78926 1
1 -0.0782 0.19366 9
4 0 1.88569 10
7 0.0683 0.32743 4
1 -0.0683 1.24122 3
7 0.033 0.67764 0.01
1 -0.04 2.02513 0.5
4 0 0 1
4 0 0 0.5
4 0 9.999996e-06 0.5
3 -0.01 1e-05 2
4 0 0 1
4 0 9.999996e-06 0.5
4 0 0.00015 1
4 0 2e-05 1
5 0.01 1e-05 0.5
4 0 0 0.5
3 -0.01 4e-05 1
5 0.01 7e-05 1
4 0 0.00023 1
3 -0.01 0 1
5 0.01 0.00126 0.5
3 -0.01 0 0.5
7 0.085 0.00068 1
1 -0.085 0.01654 1
4 0 0.02481 0.64
4 0 4e-05 0.36
4 0 0.03832 0.36
4 0 1e-04 0.14
4 0 0.00047 0.64
2 -0.01 5e-05 2
7 0.16 2.41035 0.12
1 -0.075 2.76038 0.07
7 0.08 0.1664 1
4 0 0.01309 1
1 -0.1055 1.16988 0.03
1 -0.0595 6e-04 0.03
6 0.01 0.36492 1
4 0 2e-05 0.93
4 0 1e-05 0.5
2 -0.01 0 0.5
4 0 9.999996e-06 1
4 0 1e-05 1
4 0 0 2.07
7 0.165 0.51538 1
1 -0.139 0.04439 4
5 0.004 0.00336 0.6
4 0 0 0.4
2 -0.01 1e-05 1
3 -0.01 9.999996e-06 1
4 0 0 2
7 0.04 7e-05 1
1 -0.025 0.00042 1
7 0.04 0.07687 0.15
1 -0.045 0.16376 0.4
3 -0.01 3e-05 0.31
5 0.002 0.05421 7
2 -0.0119 0.55258 0.1
7 0.1199 1.00706 1
1 -0.0684 3.34193 1
7 0.0684 1.72925 3
1 -0.06 0.13443 10
4 0 0.00399 10
4 0 0.02242 20
4 0 0.01388 40
7 0.05 0.58665 1
4 0 0.00016 1
4 0 2e-05 1
4 0 0.00036 1
6 0.01 0 1
1 -0.06 0.00078 1
4 0 0.00615 2
4 0 0.00746 4
1 -0.04 0.0236 4
7 0.04 0.05229 1
7 0.055 0.01934 1
3 -0.005 0.89112 1
6 0.01 0 1
4 0 0.00014 1
4 0 4e-05 1
4 0 0.00011 1
1 -0.06 2e-05 1
7 0.06 0.00028 1
4 0 0.00285 1
4 0 9e-05 1
1 -0.03 1e-05 1
5 0.01 4e-05 1
7 0.03 0.00047 1
6 0.01 0 0.07
2 -0.01 0.00042 0.5
6 0.01 5e-05 0.93
1 -0.04 9e-05 1
7 0.03 0.00018 0.5
7 0.02 0 0.5
4 0 1.21076 2
4 0 0.01183 3
4 0 0.01562 1
4 0 1e-05 1
1 -0.04 8e-05 1
7 0.05 0.00028 1
4 0 0 1
6 0.01 1e-05 1
4 0 0 1
4 0 9.999996e-06 1
1 -0.09 5e-05 1
7 0.07 0.4383 1
1 -0.04 8.999999e-05 1
7 0.06 2e-05 1
4 0 0 1
1 -0.06 0.00133 1
7 0.06 2.41369 2
1 -0.075 1.66476 1
4 0 0.14697 1
4 0 3.09099 1
3 -0.005 0.13642 1
7 0.08 0.01969 2
1 -0.0894 0.59061 0.1
6 0.0194 1.25262 4
5 0.0084 0.22303 10
3 -0.0084 4.77556 2
1 -0.04 0.00441 1
4 0 0.00028 1
2 -0.01 4e-05 1
6 0.01 8e-05 1
4 0 1e-05 1
2 -0.02 9.999996e-06 1
4 0 3e-05 1
6 0.02 0.00017 1
7 0.1 0.01739 1
1 -0.06 0.22478 5
4 0 2.06542 2
4 0 2.68781 1
7 0.06 0.66816 1
1 -0.12 2.574756 1
7 0.06 1.757313 3
1 -0.06 0.442292 1
4 0 0.003439 1
7 0.06 1.9153 2
1 -0.06 0.268892 0.08
4 0 1.931582 1
2 -0.01 0.000195 2
4 0 0 4
4 0 0.001001 1
7 0.035 0.000159 1
1 -0.025 0.003895 0.5
4 0 0.000189 0.5
2 -0.01 0.000633 1
4 0 0.002926 2
4 0 0 2
4 0 0.00184 1
6 0.01 0.00204 1
2 -0.01 4.000001e-06 1
4 0 6.000002e-06 2
4 0 3.000001e-06 1
4 0 4.000001e-06 1
4 0 3.999994e-06 1
4 0 6.000002e-06 10
4 0 9.4e-05 1
6 0.01 3.000001e-06 0.92
4 0 2.999994e-06 1
2 -0.01 2.000001e-06 1
4 0 3.000001e-06 1
4 0 4.000001e-06 7.08
4 0 2.000001e-06 7
6 0.01 1.1e-05 1
2 -0.01 7.000002e-06 1
4 0 1.7e-05 7
4 0 4.1e-05 1
2 -0.01 5.4e-05 0.75
6 0.01 0.000103 2
4 0 1e-05 1
2 -0.01 0.000142 0.5
4 0 0.000135 0.25
4 0 5.000002e-06 0.75
4 0 7.3e-05 0.25
3 -0.01 7.000002e-06 1
4 0 5.000002e-06 1
4 0 4.999994e-06 1
7 0.03 5.1e-05 1
2 -0.01 0 1
4 0 1e-06 7
2 -0.01 9.999996e-06 0.5
6 0.01 2.3e-05 1
2 -0.02 5e-05 1
6 0.02 3e-05 2
1 -0.03 2.4e-05 1.25
4 0 0.000153 0.75
4 0 0.000155 0.25
4 0 0.000121 0.5
6 0.01 0.000104 0.25
2 -0.01 4.6e-05 0.28
4 0 5.999995e-06 0.72
4 0 0.000101 0.28
4 0 3.999994e-06 0.72
4 0 2.000001e-05 0.25
4 0 4.599999e-05 0.25
4 0 3.000001e-06 1
6 0.01 2e-05 0.5
4 0 0 0.25
2 -0.01 0.000106 0.25
4 0 0.000184 1.03
6 0.01 0.00026 0.2
4 0 4.999994e-06 1
4 0 6.000002e-06 1
5 0.01 0.000274 3
2 -0.02 0.000389 0.02
4 0 1.2e-05 1
4 0 2.3e-05 0.98
4 0 4.999994e-06 0.02
4 0 4.8e-05 0.98
7 0.04 0.000751 1
1 -0.05 0.000341 0.23
7 0.02 0.000404 1
2 -0.01 0.000272 1
6 0.01 0 0.2
2 -0.01 8.7e-05 1
6 0.01 0.000304 1
4 0 0.000288 0.8
4 0 0 0.2
5 0.01 0.000605 1
6 0.01 0.000633 1
4 0 8.999996e-06 1
4 0 0.000273 3
4 0 0.012936 1
4 0 0.00293 1
3 -0.007 0.04083 13
5 0.007 0.037219 1
7 0.0775 0.062664 16
1 -0.0225 0.001577 1
7 0.085 0.005451 2
1 -0.14 8.000001e-05 1
4 0 0.000412 1
4 0 1.800001e-05 1
4 0 2e-05 1
5 0.005 0.061258 1
3 -0.005 0.009957 1
7 0.14 0.005559 1
1 -0.14 0.172968 1
4 0 0.000145 1
2 -0.01 0.000276 1
4 0 0.003501 1
6 0.01 6.000002e-06 1
4 0 7.000002e-06 1
4 0 4.999994e-06 1
4 0 0.000174 1
4 0 0.003191 4.33
6 0.01 0.002187 1
2 -0.01 0.000324 0.22
4 0 0.000841 0.63
4 0 0.000156 0.07
4 0 0.000128 1
4 0 0.000128 1
4 0 0.000989 1
4 0 0.002521 1
6 0.01 0.000215 0.75
2 -0.01 0.001232 1
7 0.07 5.9e-05 1
1 -0.07 0.076106 1
5 0.005 0.018303 1
3 -0.005 0.005713 1
7 0.11 0.007394 1
1 -0.11 0.00136 1
4 0 0.001559 1
7 0.065 0.879034 3
7 0.06 0.051563 1
1 -0.0735 0.099072 3.39
7 0.0785 0.31956 2
4 0 0.00241 1.12
6 0.01 0.0245 1
1 -0.075 0.50216 2
7 0.075 0.25608 1
1 -0.075 0.00293 1
4 0 0.00365 1
7 0.075 0.00148 1
1 -0.075 0.0062 1
4 0 0.05352 2.1
2 -0.015 0.43804 1
1 -0.04 0 1
2 -0.01 9.999996e-06 1
4 0 0 7.2
6 0.01 0.00015 1
6 0.02 0.0226 1
4 0 0.00021 1
6 0.02 0.00742 0.9
7 0.05 0 0.1
1 -0.05 0.37384 1
4 0 0.83349 1
6 0.01 1.00025 2
1 -0.04 0.00436 8
7 0.04 0.01466 1
7 0.05 0.00016 1
1 -0.05 0.00186 1
4 0 0.00316 1
1 -0.04 0.10321 20
7 0.09 0.01766 1
4 0 9.999996e-06 2
1 -0.05 0.00281 3
4 0 0.85266 2
7 0.05 0.116 1
1 -0.05 0.88289 1
4 0 0.00072 1
4 0 0.99971 2
5 0.01 1.00027 2
7 0.04 0.02843 1
1 -0.04 0.62225 1
5 0.005 0.34957 2
5 0.01 1.00174 2
4 0 8.000001e-05 2
4 0 0.00143 1
7 0.025 1.18521 3
1 -0.04 0.72222 1
7 0.02 7e-05 2
4 0 0 1
5 0.01 5e-05 1
2 -0.02 4e-05 1
7 0.03 0.04175 1
4 0 4e-05 1
4 0 0 1
2 -0.02 0.00036 1
4 0 3e-05 1
6 0.02 1e-05 0.02
2 -0.02 0.00492 1
6 0.02 0.01954 1
4 0 4e-05 1.98
4 0 9.999996e-06 1
4 0 0 1
4 0 0.02489 1
4 0 1e-05 1
2 -0.01 0.00038 1
6 0.01 1e-05 1
4 0 0.00043 1
2 -0.01 0.00653 1
6 0.01 0.00011 1
4 0 0.05277 1
4 0 0.93726 1
4 0 9.999996e-06 2
6 0.01 0.00253 1
4 0 0.01182 0.25
5 0.01 0.0044 1
3 -0.01 0.00037 1
4 0 9.999996e-06 1
4 0 1e-05 1
4 0 2e-05 1
4 0 0.00156 0.37
4 0 0.00016 0.25
4 0 0.00288 1
5 0.01 0.00827 1
4 0 0.76912 1
4 0 8.000001e-05 1
4 0 9.999996e-06 1
3 -0.01 0.00039 1
4 0 0.00053 1
4 0 9e-05 1
5 0.01 0.00108 1
3 -0.01 0.00302 3
4 0 0.00119 1
4 0 0.00108 1
4 0 0.14715 1
5 0.01 1e-05 1
4 0 0 1
4 0 3e-05 1
3 -0.01 0.00036 1
4 0 0.00061 1
5 0.01 0 1
4 0 0.00024 1
4 0 2e-04 1
6 0.01 0.00191 1
2 -0.01 4e-04 1
4 0 0.00072 1
4 0 0.04275 1
3 -0.005 0.99666 1
6 0.015 1.00227 1
1 -0.03 2.14661 1
7 0.025 0.85304 4
7 0.025 0.0082 1
1 -0.025 0.91917 1
2 -0.015 2.17135 0.2
4 0 1e-05 0.1
2 -0.01 0 1
4 0 1e-05 1
4 0 0 0.7
4 0 0.00012 0.3
4 0 6e-05 1
4 0 0.00012 1
4 0 0.00178 1
2 -0.01 0.00011 1
3 -0.01 0.28941 1
4 0 0 1
4 0 0.22211 1
4 0 0 1
4 0 0.00064 1
5 0.005 0.00145 1
2 -0.015 0.22509 1
7 0.04 2.16048 1
6 0.02 1e-04 1
6 0.02 0.122 2
4 0 0.04287 1
4 0 0.11837 1
1 -0.04 1.96538 1
4 0 0.00476 2
1 -0.032 0.01864 2
7 0.072 1.28794 1
4 0 0 1
1 -0.04 0.00098 1
7 0.03 0.04187 1
3 -0.005 0.39719 1
4 0 0.00058 1
1 -0.055 0.16685 1
4 0 9.999996e-06 1
4 0 0 2
4 0 3e-05 1
5 0.01 4e-05 1
6 0.01 6e-05 1
2 -0.02 4e-05 1
5 0.01 0 1
7 0.02 0.00011 1
1 -0.02 0.00017 1
3 -0.01 0.00012 1
2 -0.01 0.00294 1
6 0.01 0.0026 1
4 0 0.00083 1
2 -0.01 0.00078 1
7 0.045 0.12715 1
1 -0.045 0.31817 1
4 0 1e-05 2
4 0 0 1
7 0.03 9e-05 1
1 -0.03 6.999999e-05 1
4 0 3e-05 1
4 0 6e-05 1
4 0 1e-05 1
4 0 0.00029 1
2 -0.01 0.0044 1
6 0.01 8e-04 1
7 0.04 0.00157 1
1 -0.05 0.00012 3
7 0.04 0.01895 1
7 0.035 0.04199 1
1 -0.075 0.09747 1
4 0 0.21451 1
4 0 0 1
7 0.05 0.00031 1
7 0.05 0.00215 1
6 0.01 0.00414 1
1 -0.05 0.12786 1
7 0.026 2.27027 1
7 0.044 0.74574 1
1 -0.05 0.60268 0.3
1 -0.04 0.02291 8
4 0 0.00346 0.7
7 0.09 0.03969 2
1 -0.04 5.17943 1
1 -0.0328 3.32266 1.04
7 0.0328 1.67492 1
4 0 2.00124 1
4 0 5.004965 1
7 0.04 0.1175581 1
4 0 0.7341577 1
4 0 5.000002e-06 7.06
4 0 2.3e-05 0.1
4 0 4.999994e-06 1
4 0 3.000001e-06 0.57
4 0 1e-05 0.43
4 0 2.000001e-06 1.67
4 0 5.999995e-06 2.1
4 0 8.000003e-06 1.23
6 0.02 0.000228 1
1 -0.04 1e-04 1
7 0.04 1.3e-05 1
1 -0.04 5.6e-05 1
7 0.06 0.00077 1
6 0.01 1.1e-05 0.3
1 -0.0325 0.00324 1
7 0.0425 1.964395 1
4 0 6.000002e-06 1
5 0.01 0.928797 2
4 0 0.000399 2
4 0 0.005101 0.7
3 -0.01 1.5e-05 0.3
4 0 0.92347 1
4 0 0.000114 1
4 0 0.001263 1
4 0 0.000293 1
2 -0.01 0.000893 1
4 0 3.999994e-06 0.5
4 0 8.000003e-06 0.5
2 -0.01 0.000563 0.33
4 0 7.4e-05 0.22
4 0 7e-05 0.15
4 0 6.9e-05 0.1
4 0 6.5e-05 0.06
4 0 7.8e-05 0.04
4 0 5.800001e-05 0.03
4 0 5.8e-05 0.02
4 0 5.9e-05 0.01
4 0 1.7e-05 0.04
4 0 4.000001e-06 0.96
4 0 3.9e-05 0.01
6 0.01 5.000002e-06 1
2 -0.01 3.2e-05 0.03
4 0 4.000001e-06 0.64
4 0 8.899999e-05 0.36
3 -0.01 4.000001e-06 0.09
5 0.01 0.068457 1
6 0.01 0.000195 1
2 -0.01 0.000426 1
4 0 0.557178 1
4 0 0.000139 1
4 0 0.000202 1
7 0.02 1.395281 1
5 0.01 0.716574 2
4 0 5.000002e-06 1
7 0.02 0.6122 1
4 0 4.000001e-06 2
2 -0.01 0.017666 1
6 0.019 0.003507 1
5 0.001 0.002253 0.3
4 0 5e-05 0.7
2 -0.02 0.045298 1
2 -0.01 0.003867 1
4 0 0.005591 1
6 0.015 0.002805 1
2 -0.015 0.009636 1
4 0 0.001024 1
4 0 0.003648 2
4 0 0.094465 1
3 -0.01 0.683945 1
4 0 3.999994e-06 2
2 -0.01 0.00136 1.23
4 0 1e-04 0.77
2 -0.01 0.578153 1
4 0 0.3947 1
4 0 0.01207 1
3 -0.01 0.00039 1
4 0 0.00074 0.59
4 0 0.00026 1.32
4 0 1e-05 1
4 0 9.999996e-06 0.68
4 0 5e-05 0.32
4 0 1e-05 1
4 0 0 0.68
4 0 4e-05 0.32
4 0 0.00061 1
2 -0.01 0.00335 1
4 0 1e-05 1
4 0 0 1
2 -0.01 0.00078 1
4 0 0 1
4 0 0 0.33
4 0 3e-05 0.67
4 0 1e-05 0.33
6 0.01 7e-05 1
6 0.02 0.10532 1
3 -0.009 0.88603 0.01
7 0.059 2.91692 1
6 0.02 3.41836 1
4 0 4.88052 1
4 0 4.89098 1
1 -0.03 0.02861 1
4 0 0.24143 1
7 0.03 0.9863 0.67
1 -0.07 1.1444 0.21
6 0.01 1.29839 0.5
6 0.0116 7.91455 1.16
5 0.0084 0.02222 1
1 -0.03 0.66619 0.01
7 0.06 7.93093 1
4 0 9.47946 0.5
1 -0.04 0.87727 0.1
2 -0.01 0.00919 1
4 0 0.00011 1
4 0 0.00096 1
2 -0.01 0.01263 0.79
6 0.01 0.01476 1
2 -0.01 0.00038 1
4 0 2e-05 1
6 0.01 0.00013 1
4 0 1e-05 1
4 0 0.00026 0.79
2 -0.01 0.00018 1
6 0.01 0 1
4 0 0 1
4 0 0 1
4 0 0.00079 1
4 0 0.00023 1
2 -0.01 0.00057 1
6 0.01 0.00073 1
4 0 0.01896 0.06
2 -0.01 0.03654 0.24
4 0 7e-05 0.76
4 0 0.00092 1
4 0 0.00193 1
4 0 0.94835 0.15
7 0.0599 6.802805 0.63
1 -0.0599 0.048971 1
4 0 11.77343 0.25
7 0.025 0.15931 1
7 0.025 1e-05 1
1 -0.025 0.00319 1.05
7 0.025 1.22753 1
5 0.01 0.97837 1
2 -0.02 0.00011 1
6 0.01 1e-05 1
4 0 0 0.5
1 -0.025 1.90224 0.08
1 -0.025 2.74846 1
4 0 6.71577 1
4 0 0 1
4 0 5e-05 1
3 -0.01 0.00071 1
4 0 1e-05 1
5 0.01 9.999996e-06 1
4 0 4.000001e-05 0.33
3 -0.01 9.999996e-06 1
2 -0.01 0.00045 1
4 0 0.00019 0.05
6 0.01 3e-05 1
2 -0.01 2e-04 0.95
2 -0.01 6e-05 1
4 0 9.999996e-06 1
4 0 0.00016 1
4 0 0 1
3 -0.01 0.00133 1
4 0 0 1
4 0 1e-05 1
4 0 0 1
4 0 2e-05 1
4 0 9.999996e-06 0.15
4 0 1e-05 0.85
4 0 5e-05 1
4 0 0.00062 2
4 0 0.00028 1
4 0 0 1
2 -0.01 0.00186 1
7 0.05 0.08581 1
1 -0.08 7.48467 1
4 0 1.09959 1.42
6 0.01 0.60457 2
2 -0.016 0.64879 4
1 -0.044 6.84382 1
4 0 12.04133 1
4 0 14.03539 1
4 0 1.36114 1
4 0 0 1
4 0 0 1
7 0.03 0.00015 1
1 -0.03 5e-05 1
4 0 7.93829 1
6 0.01 9.999996e-06 1
2 -0.01 0 1
6 0.01 0.00015 1
7 0.09 0.00585 1
1 -0.1 1.73375 1
7 0.05 2.79668 18
7 0.04 2.47015 1
1 -0.08 1.06209 1
2 -0.01 0 1
6 0.01 5e-05 1
4 0 0.00015 1
2 -0.01 5.7085 1
4 0 0.02769 1
4 0 7e-04 0.62
2 -0.01 0.00093 1
4 0 0.00027 1
4 0 0.00061 1
7 0.04 1.04892 1
4 0 0 1
2 -0.02 0.00017 1
4 0 0.00022 1
4 0 0 1
6 0.02 5e-04 1
2 -0.02 0.00461 1
4 0 0.00208 1
6 0.02 0.112 1
1 -0.04 0.36399 1
5 1e-04 0.00213 2
5 0.0099 0.0203 1
1 -0.04 0.081 0.5
7 0.0599 6.48792 0.63
1 -0.0299 3.34931 1
6 0.01 0.76226 1
2 -0.01 0.00076 2
4 0 0.00165 1
6 0.01 0.00491 1
4 0 0.00052 1
6 0.01 0.00996 1
4 0 0.00024 1
1 -0.02 0.00232 1
5 0.005 4e-04 1
5 0.005 0.00267 1
4 0 0.00094 1
6 0.01 0.01668 1
2 -0.015 0.24309 4
7 0.025 0 1
1 -0.03 4.4087 0.63
3 -0.01 0.01091 1
4 0 1e-05 0.01
4 0 5e-05 0.99
4 0 0 3.01
4 0 4.000001e-05 0.99
4 0 9.999996e-06 0.99
4 0 0 0.38
3 -0.005 1e-05 1
7 0.025 0.01117 1
3 -0.005 0.05807 1
4 0 3.09974 1
4 0 0.00092 1
2 -0.015 2.22383 1
4 0 9e-05 1
2 -0.01 0.00147 1
4 0 0 2
4 0 9.999996e-06 1
4 0 0.00016 1
4 0 0.00011 1
4 0 0.00011 0.5
4 0 4.000001e-05 0.5
2 -0.01 8e-05 1
4 0 0 1
7 0.02 0.02651 1
5 0.01 0 1
2 -0.02 0.00037 1
4 0 0.00094 1
4 0 0 1
2 -0.01 0.4351951 0.88
4 0 5.421583 0.01
4 0 0.000153 0.01
3 -0.01 0.001884 1
4 0 4.000001e-06 1
4 0 3.3e-05 1
2 -0.01 0.000601 0.5
4 0 3.9e-05 0.5
6 0.01 4.8e-05 1
4 0 0 1
4 0 0.000201 1
4 0 0.000918 1
4 0 0.003467 1
4 0 0.010188 1
4 0 0.004544 1
2 -0.01 0.04202 1
7 0.03 0.001252 1
2 -0.02 0.000708 1
4 0 0.001761 1
6 0.02 0.017329 1
4 0 3.000001e-06 1
2 -0.02 0.035138 1
4 0 0.799046 1
4 0 0.663179 1
5 0.005 0.930183 1
6 0.015 1e-06 1
4 0 0 2
4 0 0.000278 1
3 -0.005 0.038885 1
6 0.015 2.354189 0.01
2 -0.01 0.00038 1
6 0.01 2.10758 1
2 -0.015 0.00071 1
3 -0.005 0.00351 1
6 0.01 0.00023 0.65
6 0.02 0.21557 1
1 -0.03 0.78422 0.65
7 0.0299 2.57311 0.18
2 -0.0199 0.68604 1
4 0 0.00027 1
4 0 0.00064 1
3 -0.0066 4.87216 3
7 0.0266 4.33765 20
4 0 0.08707 1
4 0 0.10377 4.68
4 0 0.00012 4.66
4 0 4e-05 4.66
4 0 0.00769 1
4 0 0.02385 1
2 -0.015 0.30298 1
6 0.015 9.999996e-06 0.31
4 0 9e-05 0.52
4 0 9.999996e-06 1
4 0 0 1
4 0 1e-05 2.52
4 0 9.999996e-06 1
4 0 2.000001e-05 1
4 0 1e-04 1.69
4 0 5e-05 1
4 0 0.00019 0.49
4 0 9.999996e-06 1
4 0 6e-05 1
4 0 0 0.2
4 0 0.00012 1.69
4 0 2e-05 0.75
4 0 6e-05 0.87
2 -0.015 7e-05 1
6 0.015 0 1
4 0 0.00024 0.31
4 0 4e-05 0.69
4 0 0.00228 1
4 0 0.00418 3
4 0 0.01377 1
4 0 0.00198 1
6 0.01 0.00111 1
6 0.01 0.00515 2
2 -0.01 0.01737 1
2 -0.01 0.08906 1
6 0.01 1.62551 0.07
4 0 0.00042 0.39
7 0.04 1.71515 2
1 -0.04 5e-04 1
7 0.04 0.01865 1
1 -0.04 0.0375 1
1 -0.023 3.68409 4
7 0.063 0.02471 1
1 -0.035 0.00053 7
7 0.035 0.00639 1
1 -0.035 0.04582 1
7 0.025 1.3092 0.01
2 -0.02 8.37363 1
5 0.005 2.25782 1
1 -0.025 2.64821 2
4 0 1.96729 1
3 -0.01 3e-05 1
4 0 0 0.75
4 0 9.999996e-06 0.25
5 0.01 0.00012 1
4 0 0.00015 1
3 -0.01 0.00018 1
2 -0.01 4.000001e-05 0.99
4 0 0.01009 1
4 0 4e-05 1
4 0 0 2
2 -0.01 0.0013 1
4 0 0 1
4 0 9.999996e-06 1
4 0 0 1
4 0 1e-05 2
4 0 0 1
4 0 2e-05 2
3 -0.01 5e-05 1
4 0 0 2
2 -0.01 8.999999e-05 0.13
4 0 0.00045 0.62
4 0 9e-05 0.25
6 0.02 3e-05 0.62
2 -0.02 0.00136 1
3 -0.01 0.00042 1
2 -0.01 8e-05 0.87
7 0.07 0.09911 1
1 -0.04 4.70516 1
4 0 1e-05 1
4 0 0.00019 1
4 0 6e-05 1
4 0 0 1
7 0.04 1.59301 1
7 0.02 39.51188 0.01
1 -0.02 0.66006 1
7 0.03 1.15883 1
4 0 1e-05 1.77
4 0 0 0.02
4 0 0 0.21
4 0 6e-04 1
2 -0.02 9e-05 1
6 0.02 9.999996e-06 1
4 0 1e-05 1
2 -0.02 0.00066 1
6 0.02 0 1
4 0 1e-05 1
4 0 7e-05 0.45
2 -0.02 0.00188 4
2 -0.01 1.48973 3.98
4 0 2e-05 1
4 0 0.00092 0.02
4 0 2.4442 1
6 0.01 0.0243 1
4 0 0.00128 1
2 -0.01 1.70716 1
4 0 0 1
3 -0.01 0.53331 2
4 0 6.999999e-05 1
4 0 0.00091 2
4 0 4e-05 1
4 0 1.23901 1
2 -0.01 6.51522 1
4 0 0 2
4 0 0 1
4 0 0.23754 1
4 0 1.28457 0.5
4 0 0 0.5
4 0 0.00095 1
4 0 0 1
4 0 8.000001e-05 1.5
4 0 2e-05 1
4 0 0 1
6 0.01 0.0093 1
4 0 6e-05 1
3 -0.0028 0.30085 2.12
3 -0.0072 0.01044 1
7 0.0256 3.20942 0.95
1 -0.0255 3.032096 0.36
6 0.0199 0.0220268 1
3 -0.01 0.0052969 1
4 0 0.003278 1
5 0.0028 1.265656 0.95
3 -0.0098 0.613464 1
6 0.012 0.01702 1
6 0.015 0.473017 1
2 -0.01 0.000648 1
4 0 0.001591 1
4 0 0.057503 1
3 -0.01 1.062769 1
4 0 1.977473 1
5 0.01 2.6e-05 2
4 0 1.378692 0.91
3 -0.01 0.092672 1
4 0 0.000883 1
5 0.005 1.421312 0.46
5 0.005 0.685864 0.09
4 0 5.999995e-06 1
4 0 6.000002e-06 1.09
4 0 1.2e-05 1
4 0 1.4e-05 1
4 0 0.000308 0.91
4 0 1.7e-05 1
4 0 7.999995e-06 1
5 0.0064 0.42766 1.15
5 0.0036 0.368331 1
2 -0.01 0.00196 1
4 0 0.11737 1
4 0 1.38485 3
4 0 0 1
7 0.02 0 1
4 0 1e-05 1
4 0 0 1
4 0 9.999996e-06 3
1 -0.02 0.00038 1
4 0 0.00037 1
4 0 0.00012 2
5 0.005 0.00125 1
3 -0.005 0.0033 1
6 0.01 0.07431 7
4 0 0.77783 1
2 -0.015 0.00167 5
5 0.005 0.12543 1
3 -0.01 0.5912 1
4 0 0.00094 1
2 -0.01 0.0106 1
4 0 0 1
4 0 9.999996e-06 1
4 0 0 1
4 0 1e-05 1
4 0 0 1
4 0 0 1
4 0 2e-05 1
4 0 0.00016 2
4 0 1e-05 1
2 -0.01 0.00066 1
4 0 1e-05 0.09
6 0.01 9.999996e-06 1
2 -0.01 0.00039 0.91
4 0 0 2
4 0 0 1
4 0 5e-05 2
4 0 0.00011 1
4 0 0.00057 1
3 -0.01 0.00105 1
4 0 0.00038 1
4 0 0.00073 2
3 -0.005 0.01005 5
7 0.025 0.10969 2
1 -0.03 0.27338 1
4 0 1.82203 1
4 0 5e-05 1.74
4 0 2e-05 2
4 0 2e-05 0.26
4 0 9.999996e-06 1
7 0.026 2.04281 6
6 0.017 1.76057 3
5 0.01 26.37897 1
5 0.0014 4.61609 0.05
6 0.0106 17.78961 1
4 0 5.000002e-06 1.2
4 0 0.000299 1
3 -0.005 0.000735 1
6 0.02 1e-06 1
4 0 3.3e-05 1
2 -0.015 0.015706 2
4 0 0.00017 1
4 0 0.021285 1
5 0.0075 0.081317 1
3 -0.0075 0.000914 1
4 0 7.3e-05 1
6 0.015 0.000536 1
4 0 0 1
2 -0.015 0.001201 1
5 0.0075 0.117011 1
3 -0.0046 0.082477 4
3 -0.0079 0.558708 1
2 -0.01 4.7e-05 1
4 0 5.000002e-06 2
4 0 4.000001e-06 1
4 0 2.699999e-05 1
4 0 4.000001e-05 1
4 0 8.1e-05 1
4 0 0.000212 1
6 0.01 0.000193 1
2 -0.01 0 1
4 0 0.000361 1
3 -0.01 0.00129 1
5 0.01 0.00255 1
4 0 0.013567 1
6 0.01 0.017523 1
2 -0.01 0.086512 1
5 0.005 0.037661 1
3 -0.005 0.003859 1
4 0 0.383377 1
3 -0.0012 0.289487 2.85
3 -0.0088 0.414067 1
4 0 0.00836 1
5 0.01 0.01718 1
4 0 0.00435 1
4 0 0.22132 1
4 0 0.00035 2
4 0 1.78304 1
4 0 0.80769 2
4 0 3e-05 2
4 0 0.00089 1
4 0 1.30172 1
4 0 1.77097 1
4 0 0.43826 1
4 0 2.21076 1
4 0 0.01305 1
4 0 0.00086 2
4 0 1.99451 1
4 0 1.24346 2.55
4 0 4e-04 2
6 0.01 0.00578 1
2 -0.01 0.07138 1.5
4 0 1e-05 1
4 0 9.999996e-06 0.95
6 0.01 0 0.1
4 0 5e-05 0.9
4 0 1e-05 0.05
4 0 0 0.95
2 -0.01 5e-05 2
6 0.01 0.00011 0.5
4 0 1e-05 0.45
2 -0.01 9e-05 1.5
6 0.01 8.999999e-05 0.05
2 -0.01 7e-05 1
6 0.01 6e-05 0.05
4 0 1e-05 0.7
4 0 0.00056 0.55
6 0.01 0.00036 0.25
3 -0.0081 0.08724 28
6 0.0181 0.01647 0.01
4 0 0 1
3 -0.01 0.00035 1
4 0 1e-05 1
4 0 2e-05 1
4 0 9.999996e-06 1
5 0.01 3e-04 1
4 0 0 1
4 0 0.00024 1
4 0 8.000001e-05 0.25
4 0 0.00016 0.75
4 0 0 0.25
4 0 0.00012 0.75
4 0 8e-05 0.25
4 0 0 0.74
4 0 5e-05 1
4 0 0 1
4 0 0.00079 0.01
4 0 0 0.99
4 0 0.01766 1
4 0 0.00895 1
4 0 2e-04 1
3 -0.005 0.0688 1
5 0.005 0.0499 1
3 -0.005 0.059 1
5 0.005 0.14629 1
4 0 0.00024 1
3 -0.005 0.02431 1
5 0.005 0.00083 0.1
4 0 4e-05 1
4 0 0.00074 0.9
4 0 0.08901 1
4 0 0.01337 1
4 0 4e-05 1
6 0.01 0.13063 0.95
4 0 0.42126 0.05
6 0.01 0 0.95
4 0 6e-05 0.05
4 0 1e-05 0.21
2 -0.01 0.00032 1
6 0.01 0.02561 1
2 -0.01 3.18278 2
4 0 0.45949 1
4 0 2.00814 1
6 0.01 0.036 0.53
4 0 0.00932 3
4 0 0.02752 2
4 0 0.00245 1
4 0 1.83409 0.47
4 0 1e-05 1
4 0 0 2
4 0 9.999996e-06 1
4 0 0.00031 1
2 -0.01 0.00061 1
6 0.01 0.01616 1
4 0 6.999999e-05 1
4 0 0.00056 1
4 0 7e-04 1
4 0 4e-05 1
4 0 4e-05 1
2 -0.01 0.08236 1
6 0.01 0.00415 1
4 0 0.43288 0.01
4 0 1e-04 1
4 0 2e-04 1
4 0 0.00072 1
4 0 0.00036 1
4 0 0.01115 1
2 -0.01 0.00084 1
6 0.01 0.13278 1
5 0.01 1.64133 4
6 0.01 0.00054 4
7 0.0225 0.11619 1
5 0.0075 3.6522 2
2 -0.01 0.00025 1
6 0.01 0.70394 1
4 0 0 1
4 0 0.14432 1
5 0.01 0.01844 1
4 0 6e-05 1
4 0 1.47312 1
4 0 0 1
4 0 9.999996e-06 1
4 0 0 1
4 0 1e-05 1
4 0 0 1
4 0 0.00063 1
3 -0.01 0.00049 2
4 0 9.999996e-06 1
4 0 0.00017 0.5
4 0 1e-04 0.5
2 -0.01 0.00023 2
4 0 9.999996e-06 1
4 0 0.00032 1
4 0 2.000001e-05 0.75
4 0 3e-05 1.25
4 0 0.00055 1
6 0.01 0.00073 0.1
4 0 9.999996e-06 0.9
4 0 0.001 3
4 0 0.00747 1
4 0 0 0.9
5 0.01 0.10249 1
2 -0.02 0.44462 1
4 0 1e-05 1
4 0 3e-04 1
4 0 3e-05 1
4 0 0.00064 1
3 -0.01 0.00052 0.25
4 0 2e-05 0.5
4 0 1e-05 1
4 0 9.999996e-06 1
4 0 0 1
4 0 0 1.25
5 0.01 0.0012 1
3 -0.01 0.02157 1
7 0.04 2.62849 1
4 0 0 1
2 -0.015 0.00037 1
4 0 3e-05 1
5 0.005 0.54316 1
3 -0.01 0.01034 1
4 0 0.11255 1
4 0 0.60018 1
4 0 0.00025 1
2 -0.01 0.00639 1
4 0 9.999996e-06 2
4 0 0.00017 2
4 0 0.001 1
4 0 0.00041 0.29
4 0 2e-05 0.29
4 0 8e-05 1
4 0 0.01757 1
6 0.01 1.23191 1
2 -0.015 0.00037 1
5 0.005 8e-04 1
4 0 0.02967 1
3 -0.005 0.00069 1
5 0.005 0.12081 1
4 0 0.13028 2
3 -0.01 0.93088 1
4 0 9.999996e-06 1
2 -0.01 0.00205 1
4 0 0.00057 1
4 0 0.00245 1
6 0.01 0.68913 1
4 0 0.7993 1
4 0 0.00038 1
2 -0.015 0.00493 1
7 0.055 0.18291 1
7 0.05 1.97229 0.55
1 -0.03 1.43586 1
7 0.02 0.17491 10
4 0 0.20317 7
1 -0.04 1.7687 1
4 0 5e-05 1
2 -0.01 0.0014 1
4 0 0 1
3 -0.01 0.32951 1
4 0 0.50994 1
4 0 0 0.42
6 0.015 2.7968 0.13
7 0.055 7.410995 0.02
4 0 5.999995e-06 0.11
3 -0.0071 3.368738 3.02
4 0 0.23625 0.01
6 0.0171 0.820304 1.5
6 0.015 12.23572 2
2 -0.01 1.08607 1
3 -0.0018 1.81519 1
2 -0.0132 0.86941 1
4 0 7e-05 1
3 -0.01 0.00251 1
3 -0.004 0.21364 6
5 4e-04 0.76702 1
7 0.0336 0.91287 1
4 0 4e-05 1
5 0.01 0.00049 1
4 0 3.1028 0.06
4 0 6.59074 1
3 -0.01 0.0505 1
4 0 0.00052 1
2 -0.01 0.00022 1
4 0 0.00236 1
6 0.01 0.00256 1
1 -0.02 0.01952 1
4 0 0.00019 1
3 -0.01 0.01413 0.25
4 0 0.00017 0.75
4 0 2e-05 1
4 0 7e-05 1
5 0.01 1.32032 2
7 0.03 5.01631 1
4 0 1.09924 1
3 -0.01 0.00131 1
4 0 2e-05 1
2 -0.01 0.00096 1
4 0 4e-05 1
4 0 0.00035 1
4 0 0.00882 1
6 0.02 0.11116 1
6 0.02 5.0761 2
4 0 9.999996e-06 1
4 0 0 2
4 0 1e-05 3
4 0 0.00013 0.43
4 0 0.00032 1
4 0 2e-05 1
2 -0.02 8e-05 1
4 0 0.00202 1
6 0.01 1e-04 1
4 0 0.00388 1
3 -0.005 4.17728 1
6 0.015 9.999996e-06 1
4 0 0 1
2 -0.015 0.00145 1
3 -0.005 4.07242 1
6 0.01 1.10501 1
4 0 1e-05 1
4 0 0 1
5 0.01 0.01781 0.91
4 0 2.180854 0.01
7 0.02 0.0001307 1
2 -0.01 0.0003033 1
2 -0.01 0.0065122 1.87
4 0 0.2877822 1
4 0 0.000167 1
4 0 5.000002e-06 1
4 0 0.000776 1
4 0 0.000318 1
4 0 1.041706 1
4 0 0.814959 1
4 0 5.000002e-06 1
3 -0.01 8.7e-05 1
4 0 4.000001e-06 1
4 0 3.000001e-06 1
4 0 0.001039 0.5
4 0 8.100001e-05 0.5
2 -0.01 0.000351 1
4 0 4.000001e-06 1
4 0 5.000002e-06 1
4 0 3.000001e-06 1
4 0 2.6e-05 1
3 -0.01 0.000153 0.44
4 0 1e-05 0.44
4 0 0.000453 0.12
4 0 0.000113 0.44
4 0 6.999995e-06 0.56
4 0 2.5e-05 1.44
4 0 7.000002e-06 0.56
5 0.01 0.000124 2
3 -0.01 0.00019 0.44
4 0 2.7e-05 0.56
5 0.005 4.043644 1
6 0.015 0.133851 1
4 0 7.6e-05 1
4 0 0.002619 2
4 0 4.25234 0.72
4 0 9e-05 0.28
2 -0.02 0.0023 1
6 0.02 1.74373 2
4 0 0 1
4 0 0.00037 1
2 -0.01 0.00034 1
3 -0.007 2.65721 7.09
7 0.027 0.13859 1
4 0 0.00524 1
1 -0.0299 1.15309 0.04
7 0.0499 0.73031 0.13
2 -0.015 8.11495 1
1 -0.025 2.46307 1
4 0 0.00032 0.89
4 0 0.00049 1
4 0 0.00019 2
4 0 1e-05 2
4 0 0 1
4 0 7e-05 2
6 0.02 0.00037 1
2 -0.02 7e-05 1
4 0 1e-05 0.11
3 -0.01 0.00055 1
4 0 0 1
4 0 0.00028 1
4 0 0.00063 1
2 -0.01 7e-05 2
4 0 0 1
4 0 0 1
2 -0.01 0.00051 1
4 0 0 2
4 0 0.00013 0.89
4 0 5e-05 0.11
2 -0.02 0.00107 1
6 0.01 0.00068 1
4 0 1e-05 0.61
2 -0.01 0.00326 1
4 0 5e-05 0.06
2 -0.02 0.10456 1
2 -0.01 0.00019 1
7 0.025 0.02087 8
5 0.005 22.32042 1
4 0 6e-05 0.44
4 0 1e-05 0.5
4 0 9.999996e-06 1
4 0 1e-05 0.06
2 -0.01 5.88999 1
4 0 0.00066 0.24
7 0.025 16.18815 1
6 0.015 0 1
4 0 8.999999e-05 1
4 0 0 0.01
4 0 7e-05 0.31
6 0.01 0.00086 0.98
1 -0.025 9e-05 1
6 0.01 0.00187 1
6 0.015 1.34551 0.02
4 0 1e-05 1
4 0 0 2
4 0 0 0.98
4 0 4e-05 0.02
4 0 9.999996e-06 0.03
4 0 0 0.02
4 0 1e-05 1.02
4 0 9.999996e-06 0.02
4 0 1e-05 1
4 0 5e-05 1
4 0 9.999996e-06 0.91
2 -0.01 0.00282 2
6 0.01 1.53425 1
4 0 4.44599 0.9
5 0.01 0 0.1
4 0 1e-05 0.9
6 0.01 9.999996e-06 0.1
2 -0.01 0.00064 0.1
6 0.01 0.69176 0.18
2 -0.01 2.92561 1.12
4 0 9.999996e-06 0.88
4 0 7e-05 0.12
4 0 0 0.88
4 0 4e-05 0.12
4 0 0.00062 1
6 0.01 4.19586 0.72
5 0.01 0 0.28
3 -0.01 0.00038 0.01
2 -0.01 4.47707 2
4 0 0.00131 1
4 0 8.000001e-05 1
6 0.01 6.19547 1
4 0 3.38856 1
4 0 0.62056 1
4 0 0.94529 1
2 -0.01 0.00088 1
4 0 0 0.79
4 0 1e-05 1
6 0.01 5e-05 1
2 -0.02 0.00097 1
4 0 0 1
4 0 0.00041 1
4 0 0.00017 1
4 0 0.00061 1
7 0.025 4.23396 3
2 -0.015 4.9274 1
4 0 5e-05 1
4 0 5e-05 1
4 0 1e-05 1
4 0 0.00021 1
4 0 1.26654 0.04
4 0 0.48933 0.21
6 0.02 1.29527 1
4 0 0.037 0.02
6 0.01 0.95504 1
6 0.01 2.04794 1
4 0 0.9703915 1
5 0.0028 2.266504 0.25
3 -0.0028 3.434969 1
4 0 0.219389 0.01
4 0 4.000001e-06 0.99
4 0 5.7e-05 0.01
4 0 0.020506 1
4 0 5.937109 1
4 0 0.00018 1
4 0 9e-05 1
4 0 0 1
2 -0.01 1.84477 1
4 0 6.999999e-05 1
4 0 1e-05 1
4 0 0.00036 1
4 0 2e-05 1
2 -0.01 0.00013 1
4 0 6e-05 0.16
4 0 0.00081 0.84
4 0 0.00031 1
4 0 0 2
4 0 1.12258 1
4 0 9.999996e-06 1
4 0 0.00017 1
3 -0.01 0.00021 3
4 0 0 2
2 -0.01 0.00039 0.75
4 0 5e-05 0.25
3 -0.01 0.00032 0.5
4 0 1e-05 0.5
2 -0.01 1e-04 1
7 0.03 8e-05 0.05
4 0 0 0.95
1 -0.025 1.17391 9
7 0.025 2.17678 1
4 0 1.03334 1
3 -0.005 4.08889 1
5 0.005 0.15186 0.1
4 0 4.70311 0.9
5 0.01 0.00037 1
6 0.01 0.00858 2
4 0 0 1
2 -0.01 0.00094 1
6 0.01 0.00824 1
4 0 0.29517 3
4 0 0.7052 0.45
2 -0.01 8e-05 1
4 0 11.17625 0.01
6 0.0101 1.66482 2
5 0.0099 6.5147 1
4 0 0 1
5 0.01 5e-04 0.03
6 0.01 3.18217 1
6 0.01 1e-05 1
2 -0.015 0.0019 3
7 0.0457 5.91835 0.25
3 -0.0057 15.65851 1
6 0.0149 4.65736 0.62
3 -0.0099 12.86075 1
3 -0.0028 0.27615 0.29
5 0.0028 1.78635 1
4 0 0.60292 1
4 0 2.10844 2
4 0 9.999996e-06 1
2 -0.01 0.00067 1
4 0 9.999996e-06 1
4 0 0 1
4 0 1e-05 1
4 0 0.00097 1
2 -0.01 0.0014 1
4 0 9.999996e-06 1
4 0 0.00034 2
2 -0.02 0.1136 1
4 0 0.00323 1
6 0.01 1.96591 1
4 0 9.999996e-06 1
5 0.01 0.68665 1
7 0.033 4.06277 0.15
2 -0.013 8e-05 1
4 0 0.00042 3
4 0 0.00056 1
4 0 0.11069 1
5 0.005 0.07052 3
3 -0.005 3.19429 1
2 -0.01 0.08702 1
4 0 0 1
4 0 0.00073 1
4 0 0 1
2 -0.01 0.00027 1
4 0 0.00025 0.34
4 0 3e-05 0.66
6 0.01 0.12317 2
2 -0.02 1.75652 1
4 0 0.0064 1
4 0 0.00058 1
4 0 0.00599 1
4 0 0.00501 1
4 0 0.00565 1
4 0 0.21431 1
4 0 0.80759 1
4 0 0.00012 1
4 0 1e-05 1
4 0 0.00081 1
1 -0.02 0.02361 1
4 0 0.00292 1
4 0 0.00452 1
3 -0.01 0.00129 1
6 0.02 0.0654 1
2 -0.01 0.00886 1
4 0 0.08696 1
4 0 0.03535 1
4 0 0.00194 1
6 0.01 0.01035 1
4 0 0.00036 1
2 -0.02 0.01825 1
6 0.02 0.05134 1
4 0 0.0876 1
3 -0.0075 0.0066 1
3 -0.0025 0.05132 1
7 0.03 0.01467 1
3 -0.01 9e-05 1
4 0 0.00613 1
4 0 0.00724 1
4 0 0.00839 1
5 0.01 0.00651 1
3 -0.01 0.08595 1
4 0 0.0496 1
5 0.01 1.99593 0.22
6 0.01 0.0018 1
2 -0.01 0.00054 1
4 0 7e-05 1
4 0 0.02086 1
4 0 0.00335 1
4 0 0.06384 1
4 0 0.1301 1
4 0 1.48893 1
4 0 0.00387 1
7 0.03 0.01634 1
4 0 9e-04 1
1 -0.03 0.0017 1
4 0 0.02075 1
6 0.015 0.00474 1
2 -0.015 0.22105 1
4 0 0.10686 0.05
4 0 0.69763 1
7 0.028 2.4105 0.08
1 -0.028 3.01175 1
4 0 1.071189 1
6 0.01 0.058554 1
4 0 3.887265 1
6 0.02 0.744953 1
6 0.01 0.000754 1
1 -0.03 0.002244 1
7 0.0299 2.14517 0.31
3 -0.0087 1.016987 0.13
2 -0.0112 1.611194 1
1 -0.1521 3.45319 21
7 0.1521 8.999999e-05 2
4 0 0.00012 1
4 0 0.00029 1
6 0.02 1.13236 0.1
4 0 0.00185 0.1
1 -0.03 3.8634 1
6 0.0108 2.11932 3
2 -0.0108 0.43686 1
4 0 0.09165 0.1
4 0 0.00031 0.2
4 0 3.24417 0.7
4 0 1e-05 0.54
6 0.01 0.0067 1
6 0.02 0.02167 1
2 -0.02 0.72331 1
4 0 1e-05 0.24
4 0 1.05088 0.24
4 0 6.999999e-05 1
6 0.02 2.17014 1
4 0 2e-05 0.66
4 0 7e-05 0.01
4 0 0.40997 0.13
4 0 0 0.87
4 0 6e-05 0.13
6 0.02 7e-05 1
4 0 0 1
6 0.01 0.00044 0.99
4 0 0 0.33
1 -0.04 0.00183 1
6 0.01 2.75736 1
6 0.02 0.90705 2
4 0 0 1
4 0 6e-04 1
3 -0.01 0.00129 1
2 -0.01 0.0011 1
6 0.01 0.00254 1
4 0 1.10872 1
5 0.01 0.00133 0.12
4 0 1.24925 0.88
3 -8e-04 1.8146 1
5 0.0028 0.32645 0.06
3 -0.002 1.34392 0.47
6 0.01 1.60235 0.5
4 0 0 0.5
4 0 0.00021 1.01
2 -0.01 0.00278 0.53
6 0.01 7.11836 1
4 0 0.00276 1
4 0 5.45144 0.15
6 0.02 6.15681 1
4 0 9.999996e-06 1
6 0.01 0.00036 0.1
2 -0.01 0.00171 0.85
4 0 0.03561 1
4 0 0.0098 2
4 0 0 1
4 0 1e-05 2
2 -0.01 0.56934 1
7 0.03 0.02052 1
4 0 0.00137 1
2 -0.02 0.02687 1
2 -0.01 0.5379822 1
4 0 0.00444784 1
4 0 0.0024753 1
4 0 0.01796354 1
4 0 0.02716352 1
4 0 0.0022818 1
7 0.02 0.00696957 1
2 -0.01 0.00021782 2.5
4 0 0.00184082 1
4 0 0.1962543 1
5 0.0072 1.321297 4
3 -0.0071 0.687648 0.25
5 0.0091 1.616924 2.5
3 -0.0092 2.248773 1
4 0 0.029365 1
4 0 1.826456 0.13
4 0 0.195127 1
4 0 0.000118 1
4 0 4.999994e-06 1
4 0 6.000002e-06 1
4 0 3.000001e-06 1
4 0 4.000001e-06 1
4 0 0.000317 1
4 0 3.3e-05 0.39
4 0 0.000539 1
2 -0.01 6.7e-05 1
4 0 4.000001e-06 0.32
4 0 7e-05 0.68
4 0 5.000002e-06 1
4 0 4.999994e-06 1
4 0 3.000001e-06 1
4 0 3.000001e-06 2
4 0 3.000001e-06 1
4 0 0.000279 0.5
4 0 1.5e-05 0.5
4 0 4.000001e-06 1
3 -0.01 9.5e-05 0.25
4 0 1.6e-05 0.05
4 0 0.000184 0.05
4 0 1.500001e-05 0.95
4 0 5.3e-05 0.75
4 0 8.000003e-06 0.25
5 0.01 0.000296 0.01
4 0 0 0.87
4 0 3.7e-05 0.12
2 -0.02 0.001561 0.75
4 0 0.000198 1.25
6 0.02 0.002234 1
4 0 0.0077 0.25
2 -0.015 0.002061 1
2 -0.015 0.007842 1
4 0 0.426835 1
6 0.015 0.006512 1
2 -0.015 0.017229 1
4 0 5.000002e-06 1
4 0 7.000002e-06 1
4 0 4.999994e-06 1
4 0 1.2e-05 1.24
4 0 9.7e-05 0.76
4 0 0.000739 1
1 -0.03 0.017665 1
4 0 0.002411 1
4 0 0.001968 1
4 0 0.007902 1
4 0 0.846733 1
7 0.0335 1.51744 2
1 -0.0335 0.60457 1
4 0 1.15472 1
7 0.03 3.3217 3
4 0 0.00364 4
1 -0.02 0.38376 1
4 0 0.04325 1
4 0 7.13465 1
4 0 0.00303 1
4 0 3.80331 1
6 0.0144 0.87088 0.02
6 0.0156 14.18715 1
4 0 0 1
3 -0.01 0.00018 1
5 0.01 0.00017 1
4 0 2e-05 1
4 0 1e-05 1
6 0.01 0.02362 1
4 0 3.24543 0.14
4 0 0 1
4 0 0 1
4 0 1e-05 1
5 0.005 0.28508 2
3 -0.005 0.00279 1
5 0.01 3.23777 1
4 0 0.00096 1
6 0.01 0.12119 0.15
4 0 0 0.85
4 0 0.73504 1.15
4 0 9.999996e-06 0.02
4 0 0 0.83
4 0 6e-05 0.17
6 0.01 1.21794 0.87
4 0 9.999996e-06 0.5
4 0 3e-05 0.63
4 0 1e-04 1
5 0.01 0.00029 0.42
4 0 2e-05 0.58
4 0 1e-05 0.42
3 -0.01 1.10917 1
4 0 0.0038 1
6 0.02 1.28997 0.5
2 -0.01 7.050705 1
4 0 5.399997e-06 1
4 0 2.799999e-06 1
4 0 0.0003837 1
3 -0.01 0.0057668 1
4 0 0.0022298 1
6 0.02 4.005485 1
3 -0.0072 0.85043 0.24
5 0.0072 5.639572 0.35
4 0 1e-05 1.3
4 0 3e-05 1.14
4 0 1e-05 0.72
4 0 0 0.79
4 0 9.999996e-06 0.5
4 0 0 1
4 0 0 0.71
4 0 1e-05 0.1
4 0 0 0.29
4 0 9.999996e-06 0.25
4 0 0 2.59
6 0.01 0.00011 1
4 0 0.05621 1
7 0.03 1.41939 1
4 0 3e-05 1
1 -0.03 0.00197 1
6 0.02 0.00407 1
4 0 0.57496 1
4 0 9e-05 1
4 0 0.00034 1
4 0 8.000001e-05 1
2 -0.01 0.00066 0.7
4 0 7e-04 0.3
4 0 0.00065 1
4 0 0.00572 1
3 -0.01 0.24091 1
4 0 0.00969 1
5 0.01 0.37428 1
3 -0.01 0.01524 1
4 0 1.09174 1
5 0.0082 0.00487 1
5 0.0068 0.00018 39
4 0 0.00063 10
3 -0.005 0.92888 1
4 0 0.3546 1
4 0 9.999996e-06 1
4 0 0.00026 1
3 -0.01 0.00032 1
4 0 2.000001e-05 1
4 0 0.00037 2
4 0 1e-05 2
2 -0.01 0.00012 1
6 0.01 0.00022 1
4 0 0.00059 1
1 -0.02 0.00299 1
4 0 0.34176 1
7 0.03 0.86211 1
2 -0.02 0.00269 1
4 0 0.16017 1
4 0 0.5387 1
4 0 0.00289 1
6 0.01 0.00068 1
2 -0.0125 0.89894 1
3 -0.0075 0.69897 1
4 0 11.21394 1
4 0 0.0036 1
7 0.03 0.01488 1
4 0 0 1
4 0 0.00035 1
4 0 2e-05 1
4 0 0 1
4 0 9.999996e-06 1
1 -0.03 0.00234 1
7 0.02 2.6806 0.2
7 0.0299 1.37172 0.38
3 -0.0049 2.8358 1
2 -0.015 4.08657 1
7 0.02 0.88219 1
4 0 4.61723 0.8
4 0 0.0036 0.2
6 0.02 4.29743 0.24
2 -0.02 1.67807 1
5 0.01 1.41081 1
3 -0.01 0.01981 1
4 0 0.0024 0.05
4 0 0.00033 0.95
5 0.0078 0.00082 1
3 -0.0078 0.0051 1
4 0 0 1
4 0 0 1
4 0 0.00013 1
4 0 0.00066 1
2 -0.01 0.00138 1
4 0 5e-05 1
4 0 0.00011 1
6 0.0178 0.00012 0.05
4 0 0.00064 0.95
2 -0.0178 0.00013 1
6 0.0178 0.00486 1
4 0 0.00067 1
4 0 0.00054 1
4 0 0.00065 1
4 0 0.00055 1
4 0 0.00053 1
1 -0.0278 0.00373 1
4 0 0 2
4 0 0.00097 1
7 0.02 0.00123 1
4 0 0 2
1 -0.03 0.00127 0.5
7 0.03 9e-04 3
1 -0.02 2.000001e-05 0.8
7 0.02 0.0037 1
4 0 0.00046 2
4 0 0.00124 0.5
4 0 2.43848 0.8
4 0 0 2
4 0 0 0.2
4 0 9.999996e-06 1
4 0 0.00084 1
2 -0.01 0.00268 1
5 0.005 0.00859 1
5 0.005 0.99894 1
4 0 1.638069 1
5 0.01 0.0690669 1
6 0.01 2.500582 1
5 0.01 1.069848 0.5
4 0 0.000407 1
4 0 3.999994e-06 0.62
3 -0.0011 7.4e-05 1
5 0.0061 0.00384 3
3 -0.005 0.066169 1
4 0 0.011232 1
3 -0.01 2.012809 1
6 0.02 0.291633 1
2 -0.02 4.960706 1
5 0.0086 0.57522 16
3 -0.0086 1.62311 1
4 0 1e-05 1
4 0 9.999996e-06 0.01
4 0 0.00014 1
4 0 1e-04 1
2 -0.01 0.00145 1
4 0 6.999999e-05 1
4 0 2e-05 1
4 0 0 1
4 0 0.00033 1
4 0 0.00056 1
4 0 8e-05 1
3 -0.01 0.00119 2
5 0.01 0.00162 1
4 0 0.00103 1
3 -0.01 4e-04 1
4 0 0.00327 1
5 0.01 0.10191 2
4 0 0.00014 1
4 0 2.0678 1
3 -0.01 3.0834 1
4 0 0.00055 1
4 0 0.76173 2
4 0 0.02905 2
4 0 0.00552 2
4 0 0.33547 3
4 0 0.01917 0.01
2 -0.01 0.00794 1
6 0.01 0.38206 1
4 0 9e-05 0.99
2 -0.01 3.97824 1
4 0 6.00078 2
6 0.01 2.25821 0.18
2 -0.01 0.00638 1
4 0 0.00072 0.01
4 0 0.00018 0.99
4 0 9.999996e-06 1
4 0 0 0.01
4 0 5e-05 1
4 0 0.00072 1
4 0 0.0018 1
2 -0.01 0.00069 1
6 0.01 0.04004 1
4 0 0.0099 2
2 -0.01 1.95055 1
4 0 0.00218 1
4 0 0.23426 1
4 0 3.01239 1
6 0.01 0.8638 1
4 0 2.15747 1
4 0 0.36991 1
4 0 0.00126 1
2 -0.01 0.00348 1
4 0 9.999996e-06 1
4 0 0.00027 1
4 0 8.999999e-05 0.61
4 0 1e-05 1
4 0 0.00038 1
4 0 2e-04 0.02
3 -0.01 0.07417 1
4 0 0.19936 1
4 0 0.0074 1
6 0.02 1.59177 1
2 -0.01 0.00097 1
3 -0.01 0.00034 1
4 0 6e-04 1
5 0.01 2.72899 1
3 -0.01 0.01646 1
5 0.0099 0.28886 2.12
5 1e-04 0.00024 0.1
4 0 0.59113 0.9
4 0 0.00034 1
4 0 9.999996e-06 1
4 0 1e-05 0.99
3 -0.01 0.00038 1
6 0.02 5e-05 1
2 -0.01 0.00035 1
3 -0.01 7e-05 1
4 0 0.00022 1
5 0.01 0.0015 0.1
4 0 1e-05 1
7 0.02 1.02872 1
4 0 0.00026 1
2 -0.015 0.00056 1
3 -0.005 0.00048 1
4 0 0.00088 1
6 0.01 0.59381 1
4 0 0.01914 1
2 -0.01 9.999996e-06 0.09
4 0 0.00013 0.15
4 0 0.00051 1.91
4 0 1e-05 1
4 0 0.00026 1
4 0 0.00019 1
3 -0.01 1e-05 1
4 0 0 1
4 0 2e-05 1
4 0 0.00029 1
5 0.01 1.414 1
6 0.01 2.68194 1
2 -0.01 0.00044 1
6 0.01 0.00052 1
2 -0.01 4e-04 1
6 0.01 0.83486 1
4 0 0.00044 1
2 -0.01 0.00012 1
6 0.01 0.00022 1.73
4 0 0.14749 1
4 0 2.76829 1
2 -0.01 0.09036 1
6 0.01 3.35141 1
2 -0.01 0.00032 1
6 0.0172 1.858738 0.6
3 -0.0072 0.300148 1
4 0 0.475845 1
6 0.01 0.457547 1
4 0 0.000474 0.4
4 0 5.2e-05 2
4 0 0.002301 0.4
2 -0.01 0.001894 1
5 0.005 0.001698 1
5 0.005 0.13741 0.2
4 0 4.799999e-05 2
2 -0.01 1.123224 1
4 0 3.5e-05 1
4 0 4.000001e-06 1
4 0 6.3e-05 1
2 -0.01 0.001457 1
4 0 4.4e-05 1
4 0 2e-04 1
4 0 4.000001e-06 1
6 0.01 0.003443 0.14
2 -0.02 0.005064 2
4 0 0.006391 1
5 0.01 0.105755 1
3 -0.01 0.179261 1
4 0 1.522177 1
4 0 2.861954 0.1
4 0 3.719469 0.25
6 0.0126 6.89315 3.5
2 -0.0126 0.49846 1
4 0 0.00036 1
4 0 0.00664 1
4 0 0.0025 0.75
4 0 0 1
4 0 1e-05 0.1
4 0 2e-05 0.9
4 0 0 1
2 -0.01 1.19074 2
6 0.01 0.32807 1
3 -0.005 2.00276 1
5 0.005 0.00203 4
2 -0.01 0.00013 1
4 0 0.00503 1
6 0.01 0.00751 1
2 -0.01 0.00478 1
6 0.0112 0.03357 4.28
3 -0.0012 0.3532 10
2 -0.01 0.01934 1
6 0.01 0.31335 1
2 -0.01 0.03376 1
4 0 2.17534 1
4 0 2.37569 1
4 0 3.64058 1
4 0 0.47906 1
4 0 0.92089 0.07
4 0 1.86984 2
4 0 1e-05 1
4 0 0 1
4 0 9.999996e-06 1
4 0 0 1
4 0 3e-05 1
4 0 8e-05 1
4 0 8.000001e-05 0.93
2 -0.01 0.00045 2
6 0.01 1e-04 1
2 -0.01 0.00026 1
3 -0.01 0.03326 1
4 0 0.0533 1
5 0.01 2.25034 1
6 0.01 0 1
4 0 8e-05 1
2 -0.01 5e-05 1
4 0 0.10409 1
6 0.01 1.63607 1
2 -0.01 0.42651 1
4 0 0 1
3 -0.01 0.00226 2
4 0 0 1
4 0 0 2
5 0.01 0.00061 1
3 -0.01 0.00724 1
4 0 0.19115 1
4 0 0.00955 1
5 0.01 0.28453 1
3 -0.01 0.28635 0.5
4 0 1e-05 0.5
4 0 1e-04 1
4 0 0 1
4 0 0 1
4 0 5e-05 1
4 0 0.00036 1
2 -0.01 0.00127 1
2 -0.01 0.2562 2
7 0.02 1.7724 1
4 0 0.00077 3
2 -0.01 0.00253 3
4 0 5.23685 1
4 0 7.62355 0.03
4 0 0.62099 1
2 -0.01 0.00039 1
4 0 1e-05 1
3 -0.01 1.59957 0.65
2 -0.02 6e-05 1
2 -0.01 0.01252 1
4 0 0.00484 1
4 0 0.10828 0.55
2 -0.01 0.004 0.97
6 0.01 1.16055 1
6 0.01 21.88525 1
2 -0.01 0.002 1
4 0 1e-05 1
4 0 0 2
2 -0.01 0.00242 0.89
4 0 1e-05 0.11
3 -0.01 0.00044 1
5 0.01 11.36691 1
4 0 0.00021 1
6 0.01 1e-04 0.89
2 -0.02 6.24516 1
4 0 1.89196 1
4 0 0 1
2 -0.01 0.00046 2
4 0 0 2
4 0 0 1
4 0 0.00016 1
2 -0.01 4.12537 1
7 0.03 0.31974 1
1 -0.03 0.00203 1
6 0.01 1.11602 1
4 0 6.88154 1
6 0.02 2.83637 1
4 0 1e-05 1
4 0 9.999996e-06 1
4 0 5e-05 0.57
4 0 0 1
4 0 0.00034 1
4 0 6e-05 1
3 -0.01 0.00016 1
5 0.01 0.00041 1
4 0 0 1
2 -0.02 0.00166 1
6 0.015 0.00038 1
3 -0.005 0.00208 1
5 0.01 0.81699 1
7 0.03 4.792701 1
4 0 4.000001e-06 1
4 0 0.000201 1
4 0 0.000115 1
3 -0.01 0.00043 1
5 0.01 0.343063 1
4 0 2.5e-05 1
4 0 0.003594 1.22
4 0 3.7e-05 0.2
3 -0.01 0.002649 1
5 0.01 0.000556 0.2
4 0 5.5e-05 2
3 -0.01 1.2e-05 1
5 0.01 0.000663 0.38
3 -0.01 0.000167 1
4 0 0.00119 0.38
4 0 0.000525 0.62
5 0.01 0.375888 1
6 0.01 0.003283 1
2 -0.01 0.002938 1
6 0.02 0.000136 0.87
2 -0.02 0.504633 1
6 0.02 0.744338 2
4 0 7.1e-05 0.83
2 -0.02 0.000414 1
6 0.01 0.000295 4
4 0 0.00072 1
4 0 0.000736 1
2 -0.01 0.000823 1
4 0 0.000101 1
4 0 0.000356 1
4 0 0.000603 1
6 0.02 0.155392 0.43
4 0 1.619555 4.17
2 -0.015 0.001427 1
2 -0.015 0.002157 1
6 0.015 0.000555 1
5 0.005 0.005103 1
5 0.005 0.946571 3
3 -0.005 0.003472 1
4 0 1.042791 1
4 0 0.007843 1
5 0.01 0.890836 1
4 0 1.037345 1
4 0 4.000001e-06 1
3 -0.005 4.002567 1
4 0 2.0261 1
3 -0.005 0.13907 1
4 0 0 1
4 0 3e-05 1
2 -0.02 0.65456 1
4 0 0.22357 1
4 0 0.00853 1
6 0.015 0.00236 2
2 -0.015 0.00035 1
4 0 0.19703 0.09
4 0 4.76524 1
4 0 0.00234 1
4 0 0.01245 1
4 0 0.55108 1
4 0 0.00078 0.24
4 0 0.00048 0.76
2 -0.01 0.28589 1
4 0 3.17084 0.62
6 0.01 0.94868 1
4 0 0.00498 1
1 -0.02 0.45914 0.2
4 0 2.62107 0.48
6 0.01 0.00051 0.52
2 -0.01 0.18331 0.04
3 -0.01 0.03653 1
5 0.01 2.72185 1
6 0.0108 1.33857 0.07
2 -0.0108 11.98731 1
4 0 2.1472 0.81
6 0.015 5.39735 1
3 -0.0039 6.6788 0.08
2 -0.0111 4.018422 1
4 0 0.000191 1
4 0 4.999994e-06 0.78
6 0.01 0.005067 1
2 -0.01 3.696373 1
4 0 0.571878 0.39
4 0 2.932904 0.16
4 0 0.00983 0.23
7 0.02 0.82643 0.45
4 0 1e-04 0.03
4 0 0.00029 0.45
4 0 9.999996e-06 0.45
4 0 3e-05 0.06
4 0 9.999996e-06 0.06
4 0 0.00022 0.52
4 0 0.00166 0.8
4 0 0.66619 1
5 0.01 4.71164 0.57
3 -0.01 0.00247 1
6 0.02 3.27223 0.99
4 0 2e-04 0.01
4 0 9.999996e-06 2
4 0 0 2
4 0 1e-05 1
4 0 0.07204 1
2 -0.01 1.52546 1
4 0 0 1
4 0 0 0.61
4 0 1e-05 0.06
3 -0.01 0.00074 0.83
4 0 3e-05 0.17
4 0 0.00036 1
4 0 2e-05 0.49
2 -0.01 0.09277 1
4 0 0.15061 1
7 0.03 2.77107 1
5 0.01 2.56936 1
4 0 0 1
3 -0.01 0.00041 1
5 0.01 0.00015 1
4 0 4e-05 0.49
4 0 5e-05 1
3 -0.01 6.000001e-05 1
5 0.01 0.00079 1
4 0 7e-05 0.49
2 -0.02 0.00125 1
6 0.01 0.00042 1
4 0 0.00154 1
4 0 0.02231 0.1
4 0 0.17412 1
4 0 3.06169 1
4 0 3e-05 1
2 -0.01 5.35796 1
4 0 2e-05 1
4 0 9.999996e-06 1
3 -0.01 9.01028 1
4 0 0 1
4 0 2e-05 1
2 -0.01 4.89761 0.61
4 0 0.02296 0.06
2 -0.01 0.00888 1
4 0 12.1211 0.05
6 0.01 3.621369 3
4 0 8.000003e-06 0.5
4 0 7.000002e-06 0.5
6 0.01 3.3e-05 1
4 0 5.000002e-06 0.57
4 0 3.9e-05 0.43
4 0 4.000001e-06 0.03
4 0 1.7e-05 0.46
2 -0.01 0.000682 1
4 0 0.002391 0.95
6 0.01 0.877826 1
4 0 0.886098 0.02
7 0.0548 4.475163 1
1 -0.0548 0.00017 0.52
4 0 9.999996e-06 0.48
4 0 0.00018 0.52
4 0 0 0.48
7 0.0548 0.00036 2
4 0 0.00062 23
1 -0.0648 0.00094 1
4 0 0.00307 1
6 0.01 0.07273 0.02
4 0 0.00027 1
4 0 2.20369 1
4 0 2.12116 1
4 0 2.03053 1
2 -0.01 0.06709 1
6 0.01 0.46673 0.97
4 0 1.72226 1
4 0 0 1
3 -0.005 1.04187 1
3 -0.005 0.64641 0.41
6 0.01 0.33881 1
2 -0.01 0.00068 1
6 0.01 0.37283 1
4 0 1.64821 1
4 0 2.00675 1
4 0 0 1
5 0.01 6.08792 1
4 0 0 1
4 0 4.000001e-05 0.01
4 0 0.00852 1
5 0.005 7.98819 1
3 -0.005 0.04545 1
6 0.01 2.44392 1
4 0 0.00029 0.51
4 0 0.00616 1
5 0.01 2.30206 1
4 0 0.00253 1
4 0 0.00317 1
4 0 0.00167 1
4 0 0.01053 1
4 0 0.14925 1
4 0 4.82405 1
4 0 1.38882 1
4 0 2e-05 5
4 0 1e-05 1.91
4 0 2e-05 0.09
4 0 0.00089 1
6 0.01 1.10389 1
4 0 0 1
2 -0.01 2.1613 1
5 0.001 1.29766 0.09
5 0.009 12.3885 1
2 -0.01 4.852596 0.69
6 0.01 2.06725 1
4 0 6.000001e-05 0.57
6 0.01 1.56759 5
6 0.02 4.75285 1
4 0 0.00035 2
4 0 3.12881 1
4 0 9.999996e-06 1
4 0 0 2
4 0 1e-05 1
4 0 0 2
4 0 0.00015 1
4 0 0.00052 1
2 -0.01 1.49629 0.12
6 0.01 1.01207 1
4 0 0.00293 0.12
5 0.005 5.1165 1
4 0 1.1705 25.01
3 -0.005 0.08414 1
4 0 0.01238 1
4 0 0.00372 1
4 0 0.01934 1
4 0 0.08386 1
4 0 0.09815 1
4 0 1.24507 1
4 0 6.999999e-05 2
4 0 0 1
4 0 1e-05 1
4 0 0.00061 1
2 -0.01 1.25063 0.46
4 0 0.00018 1
6 0.01 0.22264 0.74
4 0 9.999996e-06 0.26
6 0.01 0.547 1
4 0 9.999996e-06 1
4 0 0 1
4 0 1e-05 1
4 0 0.00034 0.86
4 0 2e-05 1
2 -0.01 0.00248 1
6 0.01 0.00422 0.88
4 0 0.02275 1
2 -0.01 0.17011 1
6 0.01 0.64729 1
4 0 0.00539 0.12
4 0 7.53415 1
5 5e-04 0.96567 0.67
5 0.0095 5.16085 2
4 0 0 1
5 0.0059 3.22032 0.21
5 0.0041 2.45019 0.4
6 0.02 2.941841 0.05
6 0.015 6.624763 0.13
3 -0.005 0.162487 1
5 0.01 6.308779 0.1
4 0 0.10241 1
3 -0.01 12.42635 1
4 0 3.82723 1
4 0 1e-05 1
4 0 0 1
4 0 9.999996e-06 1
4 0 0 1
4 0 4e-05 1
4 0 0.00069 1
4 0 0 1
2 -0.01 0.00055 1
4 0 0 1
4 0 9.999996e-06 1
4 0 0 1
4 0 2e-05 2
4 0 0 1
3 -0.01 0.00074 1
5 0.01 4e-05 0.06
4 0 0 1
3 -0.01 0.00051 1
4 0 3e-05 1
5 0.01 6.14601 0.38
4 0 1.85697 0.62
6 0.01 0.00071 0.31
4 0 0 0.31
4 0 0.47277 5
5 0.005 1.67056 1
3 -0.005 0.00378 1
5 0.005 0.00108 1
4 0 2e-05 1
4 0 0.00294 1
4 0 0.10975 1
4 0 0.1973 1
2 -0.015 8.56312 1
4 0 0 1
4 0 1e-05 2
6 0.01 0.00014 1
4 0 6.000001e-05 0.1
2 -0.01 5e-05 1
4 0 0.00053 1
4 0 2.31852 1
4 0 4.12145 0.42
4 0 9.878795 0.05
4 0 0.053594 0.95
4 0 0.318385 1.04
4 0 0.000293 0.05
4 0 5.000002e-06 2
4 0 4.000001e-06 1
6 0.01 0.00018 1
2 -0.01 0.001198 0.58
5 0.005 0.038413 3
3 -0.005 2.085866 1
4 0 0.819661 1
4 0 2.868066 0.05
6 0.02 0.92562 2
3 -0.01 0.00046 1
5 0.01 0.01044 0.9
4 0 0 1
4 0 0.00035 0.8
4 0 0.00225 1
4 0 0.96252 0.28
4 0 1.74588 0.78
4 0 0.35874 0.45
6 0.01 0.2202 4
2 -0.01 0.71306 1
2 -0.02 0.0251 1
4 0 0.00304 1
4 0 0.07248 1
4 0 0.0063 1
6 0.01 3.84213 1
4 0 0.00014 1
4 0 0.00054 1
4 0 0.00544 1
4 0 0 2
6 0.0117 0.00306 1
4 0 0.00018 1
1 -0.0217 0.00456 1
4 0 0 2
4 0 1e-05 1
4 0 0 1.67
4 0 9.999996e-06 1
4 0 2.000001e-05 4
4 0 4e-05 0.33
4 0 8.999999e-05 6
3 -0.01 0.00015 1
7 0.0317 3e-05 1
4 0 0.00029 2
1 -0.0417 0.00016 1
6 0.01 0.00358 1
4 0 0.00058 0.42
4 0 0.00038 2
4 0 0.01367 1
2 -0.01 0.01884 1
6 0.01 0.0679 1
4 0 0.01497 1
6 0.0154 7.69181 1.85
5 0.0046 0.68454 1
2 -0.01 0.6307 1
5 0.005 2.92758 1
5 0.005 0.00375 1
4 0 1.7275 1
4 0 0 0.16
4 0 0.00089 1
2 -0.01 0.00185 1
6 0.01 0.00062 2
4 0 0.00019 1
5 0.001 0.00281 0.55
5 0.009 10.95664 0.13
3 -0.005 0.58135 2
3 -0.005 6.9513 1
4 0 9.999996e-06 1
4 0 3e-04 1
2 -0.01 0.32746 1
4 0 0 1
4 0 0 1
4 0 1e-05 1
4 0 0 1
4 0 9.999996e-06 1
4 0 0 1
3 -0.01 0.00022 1.74
4 0 0.00026 0.26
4 0 0 0.74
5 0.01 0.00024 1
3 -0.01 0.00044 0.26
5 0.01 2.75506 1
4 0 2e-04 1
3 -0.01 0.00086 1
5 0.01 0.02859 1
3 -0.01 0.00068 2
4 0 0.00196 1
5 0.0099 1.18046 0.13
5 1e-04 0.27176 3
4 0 0.00122 1
3 -0.01 0.00496 1
4 0 0.0068 1
4 0 0.00508 1
4 0 0.00845 1
4 0 0.08464 1
4 0 0.01982 1
4 0 4e-05 1
4 0 0 1
4 0 1e-05 1
4 0 0.03033 1
5 0.006 6.14377 1
3 -0.006 0.047223 1
4 0 5.000002e-06 2
2 -0.01 0.393805 1
4 0 0.00034 1
2 -0.01 0.189622 1
4 0 4.000001e-06 2
4 0 0.000336 1
3 -0.01 0.000236 0.22
4 0 1.2e-05 0.5
4 0 4.6e-05 0.28
4 0 2.000001e-06 0.5
4 0 8.7e-05 0.78
2 -0.01 0.095226 1
4 0 3.516477 2
4 0 5.000002e-06 1
4 0 0.000174 1
4 0 0.000158 0.62
4 0 0.000198 0.38
2 -0.01 0.994406 1
6 0.01 5.243718 1
4 0 7.27947 1
4 0 13.61867 0.05
4 0 2e-05 1
4 0 2e-04 0.5
4 0 0.00014 1.45
4 0 4e-05 1
4 0 8e-05 1
4 0 0 1
4 0 0.00084 0.96
4 0 4e-05 0.04
2 -0.01 0.05196 1
4 0 1e-05 1
4 0 4.74127 0.26
4 0 0 0.12
4 0 6.23397 1
4 0 1.39852 1
4 0 0 1
4 0 0.00011 1
4 0 9.999996e-06 1
4 0 0 1
4 0 0.00087 0.88
3 -0.01 0.50446 1
4 0 0.00034 1
4 0 0 1
4 0 1e-05 2
4 0 0.00035 1
4 0 5.09104 3
5 0.01 0.44888 1
3 -0.01 0.75576 1
4 0 4.38718 1
4 0 1e-05 2
4 0 1.945937 2
4 0 1.500004e-06 1
4 0 5.56e-05 1
4 0 1.149774 1
2 -0.01 1.852833 1
5 0.0098 0.507881 1.12
5 2e-04 0.620346 1
4 0 0.006441 2
5 0.005 2.149177 1
4 0 6.5e-05 10
5 0.005 0.00201 4
3 -0.005 0.282289 0.05
5 0.005 5.76636 1
4 0 9.999996e-06 2
4 0 1e-05 1
4 0 0.00034 1
4 0 2e-05 1
4 0 0.00053 1
4 0 0 1
3 -0.005 0.00213 1
6 0.015 0.05117 0.35
4 0 0 0.15
4 0 8.000001e-05 0.85
4 0 0 1
4 0 5e-05 1
4 0 1e-05 1
4 0 7e-04 1
4 0 0.00149 1
4 0 0.00329 1
4 0 0.00439 1
4 0 6.999999e-05 1
6 0.01 0.00059 1
4 0 3e-05 1
2 -0.01 0.00374 1
4 0 0.00066 1
4 0 0.11689 1
6 0.01 0.21237 1.5
4 0 5e-05 0.5
5 0.01 1.41179 1
6 0.01 2.62489 1
3 -0.005 0.00189 1
3 -0.005 0.00505 1
5 0.0036 0.14518 0.06
5 0.0064 1.76423 1
6 0.01 0.17221 1
4 0 2.06816 1
4 0 0.01708 1
4 0 0.00035 1
3 -0.005 5.31719 1
5 0.005 0.00416 1
2 -0.01 0.00137 2
4 0 0 2
4 0 9.999996e-06 1
2 -0.01 0.00362 2
4 0 0 1
4 0 0.00013 2
4 0 0.00067 1
7 0.02 8e-04 2
1 -0.02 0.00139 2
3 -0.01 0 1
4 0 6e-05 1
4 0 2e-05 0.36
4 0 9.999996e-06 0.64
7 0.03 4e-04 2
1 -0.04 0.00432 1
4 0 0 1
4 0 9.999996e-06 1
7 0.04 0.00067 1
2 -0.01 0 2
4 0 0 2
4 0 0.00288 1
4 0 0 1
2 -0.01 0 1
4 0 8e-04 1
1 -0.03 0.00063 1
4 0 9.999996e-06 2
4 0 0 0.06
7 0.03 0.00113 1
4 0 0.00016 1
4 0 0.0016 1
3 -0.01 0.002 1
4 0 0.00172 2
4 0 0.00016 0.06
3 -0.009 0.00148 2.94
6 0.019 2.87796 1
2 -0.02 0.0027 1
4 0 0.00273 1
4 0 0.00243 1
4 0 0.00103 1
4 0 0.02086 1
4 0 0.22525 1
6 0.0199 0.15636 1
2 -0.0199 0.75621 0.34
6 0.02 0.38376 1
6 0.01 0.00075 1
2 -0.02 0.01258 1
4 0 0.00199 1
4 0 4.82974 1
4 0 0 2
4 0 0 1
4 0 1e-04 1
4 0 0 1
4 0 0.00027 2
4 0 1.61075 1
4 0 0 1
4 0 0.56703 1
5 0.0052 2.76183 3
4 0 0.00073 11
5 0.0048 1.29909 1
4 0 0.00085 3
4 0 0.00124 3
3 -0.005 0.00264 1
3 -0.005 0.00272 1
4 0 0.00469 1
4 0 2.79102 1
4 0 0.86943 0.5
5 0.01 1.79397 0.1
4 0 0.00229 0.1
4 0 3.78354 1
4 0 0 1
4 0 4e-04 0.8
4 0 0.00066 0.2
4 0 0.00021 2.8
4 0 0.00065 1
3 -0.01 0.00054 1
5 0.005 0.00233 1
4 0 0.00092 1
5 0.005 0.00816 1
4 0 0.97603 1
4 0 0.00073 1
4 0 0 1
5 1e-04 0.00232 1
4 0 0.00106 1
4 0 0.00041 1
3 -1e-04 0.00037 2
3 -0.01 0.29126 1
5 0.01 1.38339 0.8
4 0 9e-05 1.2
6 0.01 1.47009 1
4 0 0.21284 1
4 0 0.64608 1
4 0 0.00084 1
4 0 1.35922 1
4 0 1.19188 1
2 -0.01 0.00616 1
6 0.01 0.9937838 1
4 0 2.314866 1
2 -0.01 1.64884 1
4 0 3.000001e-06 2
4 0 2.000001e-06 1
4 0 4.000001e-06 1
4 0 7.999995e-06 1
3 -0.01 0.00045 1.5
4 0 3.999994e-06 1
4 0 3.000001e-06 1
4 0 5.000002e-06 2
4 0 3.000001e-06 1
4 0 0.000164 1
5 0.01 0.000116 3
4 0 0 1
2 -0.02 0.000178 0.36
6 0.01 0.006023 1
4 0 5.554647 2
4 0 9.999996e-06 2
5 0.01 0.00036 1
2 -0.02 0.00251 0.64
4 0 9.999996e-06 0.36
4 0 3e-05 1
4 0 0 2
4 0 9.999996e-06 1
4 0 0.00014 1.64
2 -0.01 0.00455 1
4 0 0.0025 1
7 0.03 0.99549 1
4 0 0.00052 1
2 -0.015 0.00036 1
3 -0.005 0.001 1
6 0.02 0.61496 1
4 0 14.75587 1
4 0 0 1
4 0 1e-05 1
4 0 0 1
4 0 0.00019 1
4 0 9.999996e-06 1
3 -0.01 0.00015 1
4 0 0.00019 1
2 -0.01 2.00961 1
4 0 0 0.33
4 0 1.21298 1
4 0 0.19964 1
4 0 0.32955 1
3 -1e-04 1.07064 3
5 1e-04 0.0234 0.12
4 0 0.87628 1
4 0 0.00049 0.5
4 0 9.999996e-06 0.38
4 0 0.00015 1
3 -0.005 0.00285 1
5 0.005 1.24456 0.41
6 0.01 14.06984 0.01
5 1e-04 0.00214 0.01
3 -1e-04 3.98756 0.99
4 0 0 2
4 0 9.999996e-06 2
4 0 0 1
2 -0.01 0.00636 1
4 0 0.00012 1
4 0 0.00162 1
4 0 0.00018 1
4 0 0.00571 0.01
4 0 0.38827 1
6 0.02 6.26376 1
3 -0.01 0.33658 1
4 0 0 2
4 0 0 1
4 0 1e-05 1
4 0 0 1
4 0 9.999996e-06 1
4 0 0.00077 1
4 0 7.054149 2
4 0 0.000809 1
4 0 5.666432 1
4 0 9.999996e-06 2
4 0 0.00073 1
4 0 9.78704 1
2 -0.01 0.00244 1
6 0.01 0.63531 2
4 0 0 1
4 0 0.00072 1
2 -0.01 0.50476 1
6 0.01 13.27939 1
4 0 1e-05 2
4 0 3e-05 1
4 0 0.00012 1
4 0 0.00057 1
5 0.01 1.95582 0.11
4 0 0.31048 1
4 0 9.999996e-06 1
4 0 3e-05 2
4 0 0 1
4 0 9.999996e-06 1
4 0 0.00071 1
3 -0.01 0.00093 1
4 0 0.00259 1
6 0.015 0.29283 1
4 0 1.82303 2
3 -0.005 1.40345 1
4 0 0.05971 1
3 -0.01 0.00153 1
5 0.01 0.0496 1
3 -0.01 0.00227 1
5 0.01 0.00102 1
4 0 0.00196 1
4 0 0.04805 1
3 -0.01 0.00273 1
4 0 0.07417 1
4 0 2e-04 1
5 0.0099 0.13815 0.2
3 -0.0099 8.43711 1
4 0 0.07723 1
4 0 2.39587 1
5 0.01 0.00012 1
3 -0.01 3e-05 1
5 0.01 0.00029 1
4 0 0.00035 1
4 0 0.00023 1
4 0 4e-05 1
4 0 4.000001e-05 1
3 -0.01 0.00151 1
5 0.01 0.00112 1
4 0 0.00065 1
3 -0.01 0.00037 1
5 0.005 0 1
3 -0.005 0.00735 1
4 0 9.999996e-06 1
4 0 0 1
4 0 0 1
4 0 8e-04 1
4 0 0 1
4 0 0 1
4 0 0.00642 1
5 0.005 0.08342 1
3 -0.005 0.33609 0.12
4 0 0.00244 0.88
2 -0.01 0.00625 1
7 0.0284 6.22525 0.82
3 -0.0084 1.791216 1
4 0 0.003457 0.02
5 0.0025 1.339533 1
3 -0.0025 1.047207 0.09
4 0 0.051856 0.91
4 0 0.590718 1
4 0 4.000001e-06 2
4 0 4.000001e-06 1
4 0 5.000002e-06 1
4 0 2.999994e-06 0.2
4 0 0.000117 3.04
4 0 0.000619 1
4 0 0 1
3 -0.01 0.006202 1
4 0 2.999994e-06 1
4 0 5.000002e-06 1
4 0 4.000001e-06 0.76
4 0 8.2e-05 0.24
4 0 4.3e-05 1
4 0 0.001155 1
3 -0.005 0.000408 1
3 -0.005 0.001841 1
4 0 0.005979 0.22
6 0.01 1.257387 0.71
2 -0.01 0.56054 1
4 0 7.000002e-06 1
4 0 3.8e-05 0.78
4 0 2.7e-05 1
2 -0.01 0.000113 1
5 0.005 0.000414 1
3 -0.005 0.00042 1.98
4 0 9.3e-05 0.02
4 0 0.062502 2
3 -0.005 0.3313 1
4 0 0.004243 1
3 -0.005 4.324545 1
6 0.015 5.66787 1
5 0.005 0.67349 1
4 0 2.60513 1
4 0 0.00031 2
4 0 0.00068 1
4 0 1e-05 1
3 -0.005 0.001 1
5 0.005 0.00434 1
4 0 0.00094 1
3 -0.005 0.11186 1
5 0.01 1.58012 1
3 -0.005 0.29705 2
4 0 1e-05 1.98
4 0 0.00047 2
4 0 0.2382 1
2 -0.01 0.87476 0.19
4 0 3e-04 0.26
4 0 2.36286 0.81
5 0.0099 6.39274 0.01
3 -0.0099 1.39286 0.59
5 1e-04 0.00183 0.59
5 0.0079 4.69289 1.62
5 0.002 5.22907 1
4 0 0.5173 1
4 0 0 2
4 0 0.00956 1
4 0 3.03407 1
4 0 3e-05 6
4 0 0.00275 1
4 0 0.00314 1
4 0 6.06263 1
4 0 0 1
4 0 0.00116 1
4 0 0.596 0.01
5 0.005 3.33724 1
4 0 3e-05 3
4 0 0.00376 1
3 -0.005 0.00184 1
5 0.005 0.00054 1
3 -0.005 3.847162 2
4 0 4.8e-06 1
4 0 5.399997e-06 0.69
4 0 5.299997e-06 1
4 0 0.0004124 1
2 -0.01 0.0014065 0.97
4 0 0.0002551 0.91
4 0 7.72e-05 0.03
4 0 3.900001e-06 0.97
4 0 9.36e-05 0.03
4 0 3.900001e-06 1
4 0 1.21e-05 0.09
4 0 1.87e-05 0.15
4 0 1.24e-05 1
4 0 6.499999e-06 0.85
4 0 6.41e-05 0.15
4 0 0.0010982 1
4 0 0.0044594 1
6 0.01 0.0028794 1
2 -0.01 10.21715 0.1
6 0.01 1.38106 0.02
3 -0.005 1.33556 1
3 -0.005 1.74823 1
4 0 0 0.42
4 0 1e-04 1
4 0 8.000001e-05 1
4 0 9.999996e-06 1
4 0 0 1
4 0 1e-05 0.39
4 0 2e-05 0.61
4 0 9.999996e-06 0.58
4 0 0.11524 1
3 -0.001 1.11303 0.01
3 -0.009 5.53427 0.87
4 0 2e-04 0.01
4 0 14.41639 1
5 0.007 0.00682 1
6 0.0129 1.19344 0.01
2 -0.0199 3.78728 0.05
6 0.0199 1.67321 0.01
3 -0.0099 0.33823 1
3 -0.01 3.8667 1
4 0 1e-05 1
4 0 0 1
4 0 9.999996e-06 1
4 0 0 1
4 0 0 2
4 0 1e-05 0.2
4 0 8e-05 0.13
4 0 1e-05 1
4 0 0 0.87
4 0 0.00023 0.8
4 0 0 1
4 0 0.00035 1
4 0 0 0.13
4 0 6.999999e-05 1
2 -0.01 0.00153 1
4 0 0.00051 1
6 0.01 9.999996e-06 1
2 -0.01 0.03862 1.62
4 0 6e-05 0.38
4 0 0.05898 1
3 -0.005 5.70039 1
4 0 0.00248 1
4 0 0.1104 1
5 0.005 1.86896 1
4 0 0.00022 1
4 0 0.00017 1
4 0 3.79446 1
4 0 9.999996e-06 0.9
4 0 6e-05 0.1
2 -0.01 0.00182 1
4 0 9.999996e-06 2
4 0 0 1
4 0 0.00029 1
4 0 9.999996e-06 2
4 0 0.00045 1
4 0 0 1
4 0 0.00701 1
4 0 0 1
4 0 0.00011 0.1
4 0 3e-05 0.61
3 -0.01 0.55789 0.39
5 0.005 2.801082 0.03
5 0.005 0.005781 1.97
3 -0.001 14.98198 1
3 -0.004 2.91337 1
5 0.005 0 1.29
4 0 9.999996e-06 2
4 0 0 0.03
4 0 1e-05 1
4 0 0 0.68
4 0 3e-05 0.32
3 -0.005 0.00081 1
5 0.005 0.00012 0.71
6 0.01 2.02029 5
3 -0.005 0.92381 1
5 0.005 0.35402 1
2 -0.01 0.04975 0.23
4 0 1.30136 2
4 0 0 0.76
4 0 4e-05 0.77
3 -0.01 0.00176 2
4 0 9.999996e-06 0.07
4 0 0 0.93
4 0 2.000001e-05 0.07
4 0 0.00018 2
4 0 1e-05 1
3 -0.003 0.11474 0.25
3 -0.007 0.58527 0.37
6 0.01 9.94122 1
2 -0.01 6.11036 0.04
4 0 2.00229 0.15
4 0 2.71452 1
4 0 1e-05 0.23
4 0 9.999996e-06 0.77
4 0 0 0.23
4 0 1e-05 0.07
4 0 0 1.7
4 0 0.00038 1
4 0 0.00055 1.44
3 -1e-04 9.97678 0.02
5 1e-04 14.96498 1
4 0 1e-05 0.57
4 0 0.00023 2.4
3 -0.005 0.00043 1
5 0.005 0 3
4 0 0.00024 1
4 0 0.0016 0.6
3 -0.01 2.87973 0.47
5 0.0031 2.74912 0.04
4 0 0.00304 0.16
3 -0.0031 0.00098 0.04
4 0 0.00185 0.16
4 0 5.96997 1
5 0.01 3.6174 1
4 0 0.00052 1
4 0 0.00025 1
3 -0.005 0.12131 1
6 0.015 0.41662 1
4 0 0 1
4 0 1e-05 1
4 0 0 0.58
4 0 0 1
4 0 9.999996e-06 0.92
4 0 0 0.5
4 0 1e-05 0.5
4 0 0.00084 1
5 0.01 1.00819 1
4 0 0.00096 1
5 0.0099 2.5084 0.09
7 0.0259 2.85486 2
4 0 0.00016 1
4 0 0.00083 12
2 -0.0158 0.06355 1
4 0 0.00071 1
3 -0.005 0.00045 1
5 0.005 0.00203 1
4 0 0.32966 2
4 0 5.07474 1
4 0 1.65825 1
4 0 0.00013 1
4 0 0 1
4 0 0.00052 1
2 -0.01 0.00099 2
6 0.01 0.11085 1
3 -0.0074 0.42817 1
3 -0.0026 0.00286 1
4 0 0.00064 0.35
5 0.0027 0.00206 0.35
5 0.0072 2.96203 0.01
3 -0.0099 9.20564 0.04
5 0.005 1.09315 1
4 0 2e-05 1
5 0.005 1e-05 2
4 0 0.00015 1
4 0 0.00011 1
4 0 4e-05 1
4 0 1e-04 0.4
3 -0.005 0.00019 1
5 0.005 0.00017 0.4
4 0 0.00015 1
5 0.01 1.29006 4
4 0 0.00383 0.01
4 0 1e-05 1
4 0 0 0.62
4 0 8e-04 1
6 0.01 8.000001e-05 1
4 0 0.00204 3
4 0 0.00061 1
2 -0.01 2e-04 1
6 0.01 0.00259 1
4 0 0.00045 1
4 0 9.999996e-06 12.46
4 0 0.00078 1
4 0 5e-05 1
4 0 0 1
4 0 9.999996e-06 0.54
4 0 0.00143 0.66
6 0.02 0.00128 2
4 0 0.00026 1
2 -0.02 0.00044 1
6 0.02 0.00033 1
2 -0.02 0.00029 1
6 0.02 0.00045 1.46
2 -0.02 0.00086 1
4 0 0.00397 1
4 0 0.00016 1
4 0 0.02029 1
4 0 0.0063 1
4 0 0.051 1
4 0 0.02588 1
4 0 0.10639 1
6 0.02 0.07414 1
2 -0.02 0.34186 1
6 0.01 0.00909 1
5 0.005 0.0013 1
2 -0.01 0.10978 1
6 0.01 0.04712 1
3 -0.005 0.28781 1
5 0.0057 1.78137 1
3 -0.0057 1.45368 2
5 0.01 0.8264245 1
4 0 0.000277 1
6 0.01 0.2286982 1
4 0 0.0033752 0.88
4 0 0.000483 0.12
2 -0.01 0.9234631 0.04
6 0.01 0.327859 1
4 0 5.2e-05 0.47
2 -0.01 0.102709 1
4 0 0.007435 1
6 0.01 0.002423 2
2 -0.01 0.000615 1
4 0 5.000002e-06 2
4 0 2.7e-05 1
4 0 0.000812 1
3 -0.01 0.012685 1
4 0 0.010764 1
4 0 0.000354 1
4 0 0.043275 1
4 0 0.128843 1
4 0 0.615225 1
4 0 2.620307 0.14
4 0 1.463504 1
4 0 0.491313 1
4 0 0.500237 1
5 0.01 1.613602 0.02
6 0.01 1.321043 0.04
2 -0.01 3.2865 0.03
5 0.0099 1.43292 0.02
3 -0.0049 2.25997 1
3 -0.001 0.00902 6.27
5 0.001 0.0286 1
3 -0.005 3.0677 1
4 0 0.49331 1
4 0 0.25492 1
4 0 1e-05 2
4 0 0 1
4 0 6e-05 1
4 0 0 1
4 0 9.999996e-06 1
4 0 2.000001e-05 1
4 0 9.999996e-06 1
4 0 0.00027 1
4 0 4e-04 1
4 0 0 2
3 -0.01 0.00024 1
4 0 9.999996e-06 1
4 0 0 1
4 0 1e-05 1
4 0 0 1
4 0 9.999996e-06 1
4 0 0 1
4 0 0.00033 1
2 -0.01 0.00018 1
4 0 0.00112 1
4 0 0.00014 0.37
4 0 0.0056 1
4 0 3e-05 1.63
4 0 0.00033 1
4 0 0 2
4 0 2e-05 1
4 0 9.999996e-06 1
2 -0.01 0.00048 1
6 0.01 0.00433 1
2 -0.015 0.02817 1
6 0.015 0.07641 1
4 0 0.1412 1
5 0.005 1.90395 9
6 0.015 0.50424 9
4 0 3.17313 0.1
3 -0.005 2.08402 0.01
6 0.0149 3.75913 0.01
5 1e-04 1.1036 1
4 0 0.00035 1
4 0 2.000001e-05 0.86
4 0 9.999996e-06 1
4 0 0.00033 0.1
2 -0.015 0.00019 1
4 0 0.0025 1
6 0.015 0.00017 1
5 0.005 8.00325 0.05
5 0.0049 0.22582 0.7
3 -0.0099 0.60913 1
5 0.009 2.24954 0.01
5 0.001 0.25464 1
4 0 0.00021 1
4 0 0.00079 1
4 0 0.0014 1
3 -0.005 0.00208 1
5 0.0049 2.12069 0.01
3 -0.0099 7.45788 1
4 0 2e-04 1
4 0 0.00379 2
4 0 0.00806 1
6 0.01 0.00673 1
2 -0.01 0.01499 1
5 0.005 0.05136 1
5 0.005 0.00954 0.01
2 -0.01 0.07051 1
4 0 4.56274 0.95
4 0 0.5904263 2
4 0 4.000001e-06 1
4 0 3.599998e-06 2
4 0 5.199996e-06 2
4 0 3.000001e-06 2
4 0 4.100002e-06 1
4 0 0.0001462 0.01
4 0 3.699999e-06 1
4 0 4.900001e-06 0.99
4 0 7.499999e-06 1
4 0 7.37e-05 0.01
4 0 0.0005872 1
2 -0.01 0.000113 0.65
4 0 4.499998e-06 0.35
4 0 4.33e-05 0.65
2 -0.02 2.805959 1
4 0 4.000001e-06 1
4 0 4e-05 1
4 0 0.000121 2
4 0 1.3e-05 1
4 0 0.000614 1
6 0.01 1.737977 0.07
2 -0.015 1.19465 1
3 -0.005 7.489722 1
4 0 0 1
4 0 13.72906 1
6 0.01 0.61068 1
4 0 0 0.92
4 0 9.999996e-06 0.08
4 0 2e-05 0.22
4 0 0.00267 1
6 0.01 10.00835 0.01
2 -0.01 5.35405 1
5 0.005 1.13421 1
3 -0.005 0.00073 1
4 0 6.999999e-05 1
4 0 4.34035 1
2 -0.01 0.45151 1
4 0 5e-05 1.19
4 0 3e-04 0.81
6 0.01 0.00368 1.19
2 -0.02 0.88823 0.12
5 0.01 1.64389 1
3 -0.01 1.5233 0.28
5 0.01 6.855423 1
4 0 0.0013004 1
5 0.005 0.0081493 1
3 -0.005 1.269296 2
3 -0.01 0.002802 1.88
4 0 3.999994e-06 1
4 0 5.000002e-06 2
4 0 7.000002e-06 1
4 0 3.000001e-06 1
4 0 3.000001e-06 0.12
4 0 1.2e-05 0.88
4 0 0.000196 1
4 0 1.1e-05 1
4 0 0 1
4 0 0.000451 1.83
4 0 3.700001e-05 1.17
4 0 0.000245 0.83
2 -0.01 0.000327 1
6 0.02 0.438353 1
4 0 5.6e-05 0.21
4 0 2.852285 0.35
4 0 0.000332 1
4 0 4.6e-05 0.65
6 0.01 1.998532 0.02
2 -0.01 3.185214 1
3 -0.01 0.00325 1
5 0.01 0.0104 1
3 -0.01 0.00362 1
4 0 0.01548 1
5 0.01 0.00182 1
3 -0.01 1.62861 1
4 0 1e-05 1
4 0 0 1
4 0 0.00012 1
2 -0.01 0.01592 1
6 0.02 0.7528 0.06
3 -0.01 7.21984 1
4 0 8.0735 0.4
2 -0.01 1.82336 0.01
5 0.0099 1.9651 0.04
3 -0.0018 0.34318 3.07
3 -0.0031 0.22461 1
3 -0.005 0.80255 1
5 0.005 6.64457 2
5 0.005 4.35889 0.6
4 0 0 2
4 0 4e-05 1
4 0 0.00011 1
4 0 0.00019 1
3 -0.005 0.00032 1
5 0.005 0.00013 1
5 0.01 0.00054 1
4 0 9e-05 0.02
2 -0.015 0.00235 1
7 0.025 0.00692 1
4 0 0.00034 1
4 0 0.00153 0.58
4 0 0.00018 1.42
2 -0.01 0.09069 1
4 0 0.99675 1
4 0 1.9626 1
4 0 0.00017 1
4 0 3e-05 1
4 0 0.08451 1
3 -0.01 1.16233 1
3 -0.009 2.34951 0.74
3 -0.001 7.07616 0.09
4 0 2.284385 0.01
4 0 0.00097765 0.08
6 0.01 7.095314 1
5 0.01 1.9e-05 1
4 0 0.000128 0.01
3 -0.01 1.646996 0.1
7 0.0225 2.92865 3
4 0 0.00022 2
4 0 0.00133 6
4 0 0.00017 1
1 -0.0225 1.62828 0.9
4 0 0.00037 1
4 0 9.999996e-06 1
4 0 2e-05 1
5 0.0099 1.14262 0.13
3 -0.0099 0.30536 1
5 0.0099 0.4917 0.02
5 1e-04 6.75934 1
4 0 0 1
4 0 0.00014 1
4 0 0 1
4 0 9.999996e-06 1
4 0 1e-05 1
4 0 0.00013 1
4 0 0.00039 1
5 0.0099 2.08275 0.01
3 -0.0049 0.57469 1
5 0.005 4.88828 1
4 0 3e-05 0.32
4 0 0 1
4 0 0.00033 1
4 0 9.999996e-06 0.34
4 0 7e-05 0.15
4 0 0.00015 0.51
3 -0.005 0.00042 1
5 0.005 8e-04 1
4 0 0.00091 1
4 0 0.00263 1
4 0 0.00027 1
4 0 0.0025 1
4 0 5e-04 1
4 0 0.00328 1
4 0 0.00135 1
4 0 0.09942 1
4 0 0.1095 1
6 0.01 1.28922 0.01
2 -0.01 3.34863 1
4 0 1.34015 1
6 0.01 1.84569 1
4 0 9.999996e-06 1
4 0 0 1
4 0 0.00187 1
2 -0.01 0.00393 1
4 0 0.37701 1
6 0.01 0.56345 0.9
4 0 0 1
4 0 9.999996e-06 0.1
4 0 5e-05 0.9
2 -0.01 7.35468 0.1
4 0 2.14515 0.1
6 0.01 2.49839 1
4 0 0.00034 1
5 0.01 0.00032 6.54
4 0 3e-05 0.24
4 0 9.999996e-06 2.22
3 -0.01 0.00553 1
5 0.0025 3.43694 1
3 -0.0025 0.48509 1
4 0 1.4005 0.08
4 0 4.299701 1
4 0 3.100002e-06 1
4 0 3.299996e-06 1
4 0 0.0001506 0.9
4 0 5.499998e-06 0.01
4 0 8.100003e-06 1
4 0 0.0005242 1
2 -0.01 0.0001705 1
4 0 8.199997e-06 1
4 0 4.399997e-06 0.9
4 0 8.23e-05 0.1
4 0 4.100002e-06 1
4 0 0.0003273 0.33
4 0 3.030001e-05 0.67
4 0 1.23e-05 1
4 0 0.005045 1
2 -0.01 0.0074436 1
4 0 0.010969 1
5 0.0099 1.081636 3.12
3 -0.0074 0.713911 1
5 0.0025 0.939267 0.01
4 0 2.038252 1
3 -0.005 0.904493 0.13
5 0.0025 4.084409 1
3 -0.0025 3.31275 1.48
4 0 0 1
4 0 0.00033 3
4 0 1e-05 0.8
4 0 2e-05 1
4 0 0.00052 1
3 -0.01 4.94262 0.03
4 0 4.13356 0.03
5 0.01 2.00456 1
2 -0.02 3.60199 0.08
4 0 3.00759 0.24
4 0 7.24869 1
4 0 9.999996e-06 1
4 0 0 1
4 0 0.00019 3
4 0 0.00074 0.68
2 -0.01 0.00023 1
4 0 0.00077 1
3 -0.0075 0.7797 1
3 -0.0015 0.81907 1
4 0 0.00066 1
3 -0.001 0.00908 1.77
4 0 9e-05 2
4 0 4e-05 0.23
4 0 0 2
4 0 3.24389 1
2 -0.01 2.90124 0.85
4 0 0.00011 0.15
4 0 3e-05 4
5 0.0096 5.26272 0.75
3 -0.0096 0.01072 0.01
3 -0.01 0.01049 0.99
4 0 9.138264 0.5
4 0 0.0002237 3
4 0 3.900001e-06 0.01
4 0 1.95e-05 0.99
4 0 0.0001973 1
4 0 0.000251 0.5
4 0 0.0004488 0.01
4 0 1.608882 1
3 -1e-04 3.258445 0.02
5 1e-04 1.742897 1
4 0 0.415778 1
4 0 2.455033 1
5 0.01 4.351146 1
4 0 1e-05 1
4 0 0.00026 1
4 0 0.00031 1
4 0 0 1
4 0 0.00013 1
4 0 0 1
4 0 5.77672 1
3 -0.003 1.91342 0.4
3 -0.007 8.05578 0.1
6 0.0199 4.63851 0.01
2 -0.0189 4.9623 1.92
3 -0.001 1.86419 1
5 0.005 0.38605 1
5 0.005 4.00718 1
4 0 4e-04 1
6 0.01 0.22073 1
2 -0.02 5.15673 1
5 0.01 4.80799 1
6 0.01 3.56847 1
4 0 0.00091 1
4 0 0.00262 1
5 0.009 2.473144 0.01
5 0.001 0.1628 1
6 0.01 0.000593 1
4 0 0.00114 1
2 -0.01 0.004406 1
6 0.01 0.209421 1
4 0 4.999994e-06 0.01
5 0.0025 2.512116 1
5 0.0075 5.717005 1
4 0 0.00013 1
4 0 0.00074 1
2 -0.01 0.01261 1
6 0.02 12.18564 1.31
4 0 2.05275 1
3 -0.01 0.00451 1
4 0 0.66926 1.5
5 0.005 0.76079 1
4 0 11.65536 0.01
3 -0.005 2.23564 1
4 0 0.00213 0.41
5 0.0025 0.78112 1
3 -0.0025 0.593 0.01
4 0 0 1
4 0 9.999996e-06 1
4 0 4.000001e-05 1
4 0 3e-05 1
4 0 0.00057 0.59
4 0 0 4
4 0 0 1
2 -0.01 0.00017 0.99
4 0 9.999996e-06 1
4 0 0.00034 1
4 0 9.999996e-06 1
4 0 2e-05 1
4 0 0 0.94
4 0 4e-05 0.06
4 0 0.00053 2
2 -0.01 0.00059 1
3 -0.01 0.00049 1
4 0 0.00112 1
4 0 2.29416 1
5 0.01 0.95101 0.31
4 0 0.00592 0.3
4 0 0.00122 0.3
4 0 0.49213 0.69
5 0.005 0.50202 0.01
5 0.005 1.9564 1
4 0 0 1
2 -0.01 0.00336 1
6 0.01 6.80185 1
7 0.0296 4.32843 0.68
1 -0.0245 0.31996 20.19
6 0.0149 0.6832 0.03
6 0.01 0.00011952 6.65
4 0 3.455e-05 2.03
4 0 7.720002e-06 1
4 0 3.486e-05 2.32
4 0 4.149995e-06 0.32
4 0 0.0002865 0.49
4 0 4.859e-05 0.51
2 -0.015 0.05435673 1
7 0.025 0.8088371 2
4 0 0.4511253 1
4 0 1.1e-05 0.31
4 0 5.2e-05 0.69
2 -0.01 0.149341 1
6 0.01 1.581122 0.19
4 0 0.344263 1
2 -0.01 0.137582 1
4 0 5.000002e-06 1
4 0 1.1e-05 1
4 0 0.000928 1
4 0 0 2
2 -0.01 0.57902 1
4 0 1.913287 1
2 -0.0104 0.181016 2
4 0 0.002014 4
4 0 0.000197 7
6 0.0104 1.725571 0.01
4 0 0.378568 0.8
4 0 2.880967 1
5 0.005 0.00472 1
3 -0.005 1.82416 1
4 0 0.00178 0.97
4 0 0 0.02
4 0 8.999999e-05 0.98
4 0 1e-05 0.69
4 0 0.00034 1.99
4 0 3e-05 0.01
4 0 0 3
4 0 0.00055 0.01
4 0 0 0.99
4 0 0 0.01
3 -0.01 0.00386 0.01
4 0 5.35002 0.99
4 0 9.999996e-06 1
4 0 0 1
4 0 0.00015 1
4 0 0 1.27
4 0 1e-05 3
4 0 0 2
4 0 0.00013 1
4 0 0 0.01
2 -0.01 0.00613 1
4 0 0.00048 0.36
6 0.01 0.03129 1
2 -0.01 0.007 1
4 0 0.02034 1
6 0.01 3.44948 1
4 0 0.00083 0.99
5 0.01 0.00452 1
3 -0.01 0.0038 0.01
4 0 4.52871 3
6 0.02 2.8298 1
4 0 2e-05 1
4 0 0 1
2 -0.01 0.00239 1
5 0.0075 0.83248 1
3 -0.0075 2.92645 1
6 0.0116 1.54617 0.01
2 -0.0116 1.84484 2
4 0 1.03535 1
6 0.01 2.33947 1
4 0 1e-05 1
4 0 0.00034 1
4 0 0 1
3 -0.005 0.00047 1
3 -0.005 0.00289 0.58
4 0 0.00086 0.42
6 0.01 0.07708 0.58
4 0 0 0.42
4 0 0.88818 0.33
4 0 9e-05 0.26
4 0 0.97483 1
4 0 0.00038 0.49
4 0 2e-05 0.51
6 0.02 3.68967 0.08
4 0 0.00488 1
3 -0.01 0.00886 1
5 0.01 0.43257 1
5 0.005 0.67209 0.03
4 0 2.90168 0.01
3 -0.005 2.04627 1
4 0 0.00193 1
5 0.005 0.00542 1
3 -0.005 1.13938 3
4 0 0.46914 0.01
5 1e-04 0.00187 0.01
3 -1e-04 0.92276 1
4 0 6e-05 1
4 0 0 1
4 0 0.00144 1
4 0 1e-05 1
4 0 0.00042 0.99
2 -0.02 0.00692 1
6 0.01 0.21076 1
4 0 0.43481 1
4 0 1.86177 0.01
4 0 0.48372 0.03
2 -0.01 3.435821 1
4 0 0.0007217 0.33
5 0.0025 0.5652315 1
3 -0.0025 0.000121 0.72
5 0.0025 1.442565 1
4 0 0.004609 1
4 0 0.218213 1
3 -0.0025 3.328593 1
4 0 1.41798 0.13
4 0 13.1505 1
5 0.005 0.30429 2
4 0 1.33984 0.01
3 -0.005 2.60694 1
4 0 0.00019 0.1
4 0 1e-05 0.1
4 0 3.19074 1
4 0 4.10259 2
4 0 0 1
4 0 9.999996e-06 1
4 0 0 0.49
4 0 3e-05 0.51
4 0 1e-05 0.67
4 0 0.00017 0.8
4 0 0 0.2
4 0 0.00016 0.8
4 0 8e-05 0.01
4 0 0.00051 1
4 0 0 1
4 0 0.44078 1
4 0 5.02939 1
4 0 0 1
4 0 9.999996e-06 0.01
4 0 8e-05 2.77
4 0 0.00024 0.01
4 0 2e-05 0.8
4 0 2e-05 0.4
4 0 1e-05 0.4
4 0 1e-05 0.6
4 0 9.999996e-06 0.22
4 0 5e-05 0.6
3 -0.005 9e-05 1
5 0.005 9.999996e-06 0.2
4 0 0.00025 1
4 0 9e-05 1
4 0 4e-05 1.82
4 0 4.000001e-05 4.18
6 0.01 0.00042 1
4 0 0.00036 1
1 -0.02 0.00196 1
6 0.01 0.00054 1
4 0 6e-04 1
6 0.015 0.07851 1
3 -0.005 0.04716 1
4 0 2.85578 0.15
4 0 2.42619 1
5 0.0039 7.31361 20
5 0.0061 2.32807 1
3 -0.0075 0.39636 1
4 0 3.38549 1
5 0.0075 0.73348 0.98
3 -0.005 9.631082 1
5 0.005 2.000001e-06 0.01
4 0 4.000001e-06 1
4 0 3.000001e-06 1
4 0 7.999995e-06 1
4 0 1.2e-05 0.08
4 0 0.000244 0.92
4 0 4.8e-05 0.12
4 0 1.7e-05 2
3 -0.01 0.00185 1
5 0.01 0.004491 1
6 0.01 0.003326 2
2 -0.01 0.127234 1
5 0.0025 6.044889 1
3 -0.0025 2.60763 1
4 0 1e-05 1
4 0 0 1
4 0 9.999996e-06 1
4 0 3e-04 1
4 0 4e-05 1
4 0 1e-05 0.01
4 0 9.999996e-06 2
4 0 1e-05 1
4 0 0 3
4 0 1e-05 1
3 -0.01 0.02254 1
5 0.0099 2.06262 0.19
3 -0.0049 3.3331 1
4 0 0.01695 1
5 0.005 3.87313 4
4 0 0 2
4 0 1e-05 1
4 0 0.00014 0.03
4 0 3e-05 2
4 0 0.00012 1
3 -0.01 0.0044 1
5 0.005 0.00068 1
5 0.005 0.00029 1
5 0.005 1.80445 0.9
5 0.005 1.53008 0.1
4 0 3.7629 1
4 0 4e-05 1
2 -0.01 0.00276 1
4 0 0.16562 0.24
5 0.005 2.96004 1
3 -0.0025 0.71662 0.13
5 0.0075 4.33731 0.9
4 0 0 1
4 0 0 1
4 0 9.999996e-06 0.1
4 0 1e-04 0.1
4 0 9.999996e-06 0.1
4 0 0 0.1
4 0 2e-05 0.1
4 0 0.00014 2
4 0 4e-05 0.1
4 0 0.00024 0.5
4 0 3e-05 1
4 0 1e-05 1
4 0 0.00013 1
4 0 0.00021 0.01
4 0 3e-05 0.04
3 -0.005 6.999999e-05 1
5 0.005 0.00018 0.23
4 0 8e-05 1
2 -0.01 0.00195 1
6 0.01 0.01156 0.04
4 0 0.00114 0.01
4 0 0.80831 1
4 0 0.84408 0.91
4 0 1e-05 0.09
4 0 0.00014 0.91
4 0 1.49171 1
5 0.005 7.67224 1
3 -0.004 0.68843 1
3 -0.001 0.00792 2
4 0 0 2
4 0 1e-05 1
4 0 9e-05 1
4 0 0 0.01
4 0 0.00059 2
2 -0.01 1e-05 1
4 0 9.999996e-06 0.96
4 0 0 1
4 0 1e-05 1
4 0 0.00035 1
4 0 0 0.02
4 0 7e-05 0.98
4 0 0.00067 0.2
4 0 2e-04 0.8
7 0.02 0.00189 1
1 -0.03 0.00285 1
4 0 9e-05 1
4 0 0 2
4 0 1e-05 1
4 0 0 0.99
4 0 2e-05 1.01
4 0 3e-05 1
4 0 0 1
4 0 1e-05 1
4 0 0.00058 1
2 -0.01 0.00025 0.1
4 0 1e-05 2
7 0.04 0.00023 2
4 0 0 2
1 -0.03 0.00029 1
2 -0.01 0.00022 1
6 0.01 0 1
2 -0.01 2e-05 0.9
4 0 0 0.99
4 0 2e-05 1.9
4 0 1e-05 1
4 0 0 1
4 0 2e-05 0.1
4 0 0.00024 0.01
4 0 0.002 1
7 0.04 0.00134 1
4 0 0 2
1 -0.02 0.00132 1
1 -0.03 0.00056 1
7 0.03 0.00184 1
4 0 0 1
1 -0.03 0.00111 1
7 0.03 0.00105 1
4 0 0 1
4 0 6e-04 2
4 0 0.00092 1
4 0 0.001 0.99
4 0 0.00072 1
1 -0.03 0.02261 1
7 0.02 1.95759 2
4 0 5e-05 1
4 0 1.84268 1
4 0 1.85031 1
2 -0.01 0.22185 2
4 0 5e-05 1
3 -0.0075 2.416053 1
5 0.0075 0.06473336 0.48
2 -0.01 1.477474 1.8
5 0.0025 1.098761 1
3 -0.0025 2.107962 0.13
6 0.01 3.416345 0.1
4 0 4.495242 0.1
4 0 2.69786 0.1
4 0 0.00054 0.1
2 -0.01 2.37836 1
4 0 0 0.99
4 0 3e-05 0.95
4 0 1e-05 0.06
4 0 3e-04 1
4 0 2e-05 0.99
4 0 1e-05 0.01
4 0 0 0.9
4 0 4e-05 1
4 0 2e-05 1
4 0 2e-05 0.1
4 0 0.00054 1
3 -0.01 3.09069 0.01
4 0 0.03489 0.02
4 0 0.12537 1.66
4 0 9.999996e-06 2
4 0 0 0.99
4 0 0 1
4 0 2e-05 0.01
2 -0.01 0.00073 0.5
6 0.01 3e-05 0.99
4 0 0 2
4 0 0 1
2 -0.01 0.00022 0.75
4 0 6.999999e-05 0.5
4 0 4e-05 0.25
4 0 0.00251 1
4 0 0.00084 1
4 0 0.00059 0.29
4 0 0.00261 1
4 0 8e-05 0.35
4 0 0 0.65
4 0 0.00051 1
3 -0.005 0.00186 1
3 -0.005 0.003 1
6 0.01 2e-04 1
4 0 0.33138 1
2 -0.01 0.80778 0.93
6 0.01 1.63678 1
4 0 0 1
4 0 0.00022 1
3 -0.005 9.999996e-06 0.03
5 0.005 0 0.97
2 -0.01 0.02318 1
6 0.01 6.14961 0.47
2 -0.01 2.92211 1
5 0.005 0.00012 13
4 0 0.00013 10
5 0.005 0.13409 1
2 -0.01 0.4686 0.05
5 0.003 0.00159 0.05
5 0.002 0.0324 57.25
3 -0.005 0.48737 1.5
4 0 0 2
4 0 0 1
4 0 1e-05 1
4 0 3e-05 2
4 0 0.00065 0.02
4 0 0 0.98
4 0 0.00028 0.02
3 -0.01 3.01582 1
4 0 3.71385 0.06
5 0.0035 0.00836 0.06
3 -0.0035 2.05263 1
4 0 2e-05 1
4 0 0 1
4 0 1e-05 0.01
4 0 0.00014 1
4 0 1e-05 1
3 -1e-04 3.07646 0.01
3 -0.0099 0.02943 1
5 0.005 2.10941 1
4 0 0.01843 1
3 -0.005 0.08415 2
4 0 9.999996e-06 1
4 0 0 1
4 0 0.00077 1
4 0 3e-05 0.1
3 -0.01 0.00758 1
4 0 0.00369 1
4 0 0 1
5 0.0099 0.05337 1
5 1e-04 1.1008 1
4 0 0 2
4 0 8.000001e-05 1
4 0 0.00091 1
4 0 0.00908 1
4 0 0.00069 1
4 0 0.00034 1
4 0 0.00012 0.1
4 0 0.0011 0.9
4 0 4e-05 2.1
4 0 0 1
4 0 1e-05 1
4 0 9.999996e-06 1
4 0 0 1
4 0 0 1
4 0 1e-05 1
3 -0.01 2.00028 2
4 0 0 1
4 0 0.00032 1
4 0 0.00049 1
4 0 0.00686 1
4 0 0.00137 1
4 0 0.00069 1
4 0 1e-05 1
4 0 0 1
6 0.0199 0.01003 1
2 -0.0199 1.90186 2
4 0 1e-05 1
4 0 0.00084 1
2 -0.01 0.9809 0.03
4 0 0.00059 1
4 0 0.21951 0.94
4 0 2.55606 1
4 0 2.80784 1
4 0 2e-04 1
5 1e-04 0.01668 0.89
5 0.0024 0.09656 1
5 0.0025 1.339637 1
7 0.0638 4.796301 3
4 0 0.000884 2
4 0 0.000507 2
4 0 0.000776 1
1 -0.0588 0.256066 1
4 0 9.3e-05 1
4 0 0.000521 1
4 0 3.6e-05 3
4 0 3.999994e-06 1
4 0 9.9e-05 0.1
4 0 5.000002e-06 0.1
4 0 5.999995e-06 0.1
4 0 2.5e-05 0.7
4 0 0.000109 3
5 0.01 0.000566 1
4 0 3.000001e-06 1
4 0 3.999994e-06 1
4 0 9.2e-05 1
4 0 0.000613 1
2 -0.015 0.001833 1
5 0.005 0.000501 1
4 0 0.004616 2
6 0.02 1.094271 0.45
4 0 0.000158 0.02
4 0 0.171199 1
2 -0.01 0.417493 1
6 0.01 2.496282 0.26
4 0 2.93686 0.55
4 0 0 1
4 0 9.999996e-06 4
4 0 0.00021 0.45
4 0 0.00012 0.55
5 0.01 1e-05 0.01
3 -0.01 0.00183 1
4 0 0.00029 1
4 0 0.10044 0.12
4 0 0.08503 1
4 0 0.36848 1
3 -1e-04 1.41063 0.02
3 -0.001 0.15007 2
5 0.0011 3e-04 2
3 -0.005 0.09256 1
4 0 0.0561 1
3 -0.0049 0.17552 0.01
5 0.0088 1.21693 1.12
5 0.0011 6e-05 1
4 0 0.00048 2
4 0 0 2
5 0.01 0.00142 1.99
4 0 0 1
4 0 4e-04 2
4 0 0.00491 1
3 -0.01 0.0015 1
4 0 0.47405 1
4 0 2.41849 1
5 0.005 1.21409 0.04
3 -0.005 5.21887 1
4 0 1.14828 1
5 0.005 0.63365 0.06
3 -0.005 1.80365 1
4 0 9.999996e-06 1
4 0 0 1
4 0 1e-05 1
4 0 0.00016 1
3 -0.005 0.00198 1
3 -0.005 0.11929 0.62
4 0 1e-05 0.81
5 0.005 1.58311 1
4 0 0.00858 1
3 -0.0025 0.19539 1
5 0.0074 3.33733 0.01
5 1e-04 1.82428 0.1
4 0 0.00162 0.9
4 0 0.00039 0.93
4 0 2.000001e-05 0.07
4 0 0.00014 0.93
2 -0.01 0.00017 1
4 0 0.00258 1
4 0 0.00296 1
6 0.01 0.09919 0.1
4 0 1.85046 1
3 -0.005 0.18524 1
4 0 1.74452 1
4 0 0.14336 2
5 0.005 0.66618 1
3 -0.0099 8.80107 0.2
5 0.0099 0.0584 0.9
4 0 1e-05 0.1
4 0 2e-05 0.9
4 0 0 1
4 0 0.00424 1
5 0.005 0.00019 1
5 0.005 1.23212 1
4 0 0.00055 1
4 0 0 1.4
4 0 1e-05 1
4 0 0 0.6
4 0 0 4
4 0 0 4
4 0 8e-05 1
4 0 1e-05 1
4 0 0 1
4 0 2e-05 1
4 0 9.999996e-06 1
4 0 7e-05 0.62
4 0 0.00042 1
3 -0.005 1e-04 1
5 0.005 0 0.62
4 0 4e-05 1
4 0 0 1
4 0 0.00016 1
3 -0.01 0.00139 1
4 0 0.00173 1
5 0.005 0.00012 1
4 0 0.00418 6
4 0 0.00229 4
5 0.005 0 0.38
4 0 0 0.62
4 0 0.00047 0.38
4 0 0 1.62
3 -0.005 0.00036 3
3 -0.005 0.00178 1
5 0.01 0.0014 1
4 0 4e-05 1
4 0 3e-05 0.38
4 0 9.999996e-06 1.62
3 -0.005 0.00347 1
4 0 0.00059 4
5 0.005 0.0039 1
4 0 0 1
4 0 0.00011 0.38
4 0 9.999996e-06 0.62
3 -0.005 0.00144 1
5 0.005 2.000001e-05 0.38
4 0 0.00026 0.4
4 0 0.00034 0.38
4 0 0.00012 0.2
4 0 0.00023 0.9
4 0 0.00031 1
4 0 9e-04 1
7 0.02 0.00291 0.01
2 -0.01 0.00086 1
4 0 0.0088 1
2 -0.0175 0.03479 1
5 0.0075 0.09239 1
4 0 0 0.87
4 0 0.35836 1
7 0.02 0.1029 1
4 0 0.00702 1
4 0 0.00059 1
1 -0.02 0.00055 1
4 0 0.00121 1
6 0.01 0.00132 4
6 0.01 0.00096 2
1 -0.02 0.38063 1
4 0 0.00116 1
6 0.01 0.00105 4
2 -0.01 0.55829 1
4 0 0.00146 1
6 0.01 0.00281 8
2 -0.01 0.00112 1
6 0.01 0.00025 1
4 0 0.00329 1
2 -0.01 0.00335 1
5 0.005 1.58218 1
3 -0.005 1.24178 1
5 0.005 0.00468 1
3 -0.005 0.0088 0.52
5 0.0025 0.18854 0.48
3 -0.0025 0.29622 2
6 0.01 0.87356 1
4 0 3e-05 1
4 0 0 2
2 -0.01 0.00628 1
6 0.01 0.54603 1
4 0 1.57061 0.03
4 0 0.00113 0.03
2 -0.01 0.05017 1
6 0.01 0.07899 3
4 0 0.07511661 6
2 -0.01 0.00339852 1
6 0.01 5.555e-05 4
4 0 1.99955 1
2 -0.01 0.872191 1
4 0 0.005166 1
4 0 0.128042 1
6 0.01 0.04908 1
2 -0.01 1.783064 1
4 0 0.003443 1
6 0.01 0.000113 4
2 -0.01 1.150873 0.97
4 0 0.010729 0.19
4 0 5.279698 0.13
4 0 9.999996e-06 1.87
4 0 0.17025 1
4 0 0.93488 0.2
4 0 9.999996e-06 0.4
4 0 0.00133 0.1
4 0 0.00973 0.3
4 0 9.999996e-06 0.1
4 0 0.01301 0.1
4 0 0.00052 0.1
4 0 0.00107 0.1
4 0 0.00112 0.1
4 0 0.17079 0.3
4 0 0.00077 0.2
4 0 3e-05 0.1
4 0 0.00011 0.2
4 0 0.00036 0.5
4 0 0.00058 0.1
4 0 0.00146 0.1
4 0 0.12056 0.5
4 0 0.00011 0.13
4 0 4e-05 0.81
4 0 3e-05 0.2
4 0 1e-05 1
4 0 0 0.01
4 0 9.999996e-06 1
4 0 0 1
4 0 6.000001e-05 0.1
4 0 2e-05 3
4 0 3e-05 0.8
4 0 0 1
4 0 1e-05 1.2
4 0 9.999996e-06 1
4 0 1e-05 1
4 0 9.999996e-06 1
4 0 8.000001e-05 0.4
4 0 2e-05 0.5
4 0 0 0.3
3 -0.01 0.00032 0.1
4 0 0.00093 0.1
4 0 0.00305 1
4 0 0.00032 0.75
4 0 6e-05 0.1
4 0 1e-05 1
4 0 0.00013 0.05
4 0 5e-04 1
5 0.01 0.00035 3
2 -0.015 0.00187 1
3 -0.005 0.00266 0.4
4 0 0.00039 0.1
5 0.005 6e-05 7
4 0 0.00489 1
5 0.005 0.00025 1
3 -0.005 1.11189 1
5 0.0049 0.00027 0.05
5 1e-04 0.52128 0.1
4 0 0.00477 1
4 0 2.42586 0.3
4 0 0.00042 0.1
2 -0.01 1.16149 0.4
4 0 6e-05 0.2
4 0 0.00058 0.1
4 0 8e-05 0.4
4 0 0.00172 0.1
4 0 1.32672 0.79
4 0 4e-05 1.01
4 0 0 2
4 0 0 1
4 0 9.999996e-06 1
4 0 0 0.47
4 0 0.00037 1
4 0 0.00016 0.53
4 0 0.00037 1
4 0 0 1.64
4 0 4e-05 1
4 0 0.00048 1
4 0 0 1
3 -1e-04 1.15425 0.06
5 1e-04 2.17334 1
3 -0.01 0.73089 0.2
4 0 0.00076 0.1
4 0 0.00096 0.1
5 0.01 1.27612 1
3 -0.005 4.68374 1
3 -0.005 0.06514 0.07
5 0.005 0.47016 1
3 -0.005 3.50121 0.25
5 0.01 2.36609 1.2
4 0 4e-05 0.8
3 -0.01 4.36297 1
5 0.005 2.58475 1
4 0 0.04235 1
4 0 0.0026 3
5 0.005 0.00052 1
4 0 0.00072 1
4 0 2e-04 0.2
5 0.0099 3.40268 0.06
3 -0.0049 5.45578 1
3 -0.005 0.39848 1
4 0 3e-05 1
4 0 6e-05 2
4 0 0 1
3 -0.005 0.03316 5
3 -0.005 2.12392 0.4
4 0 0.00115 0.3
4 0 1.47157 0.89
4 0 0.42983 1
4 0 0 2
4 0 0 0.04
4 0 1e-05 1
4 0 0 1
4 0 0.00031 0.3
2 -0.01 0.00046 1
6 0.01 9e-05 0.11
2 -0.01 0.00427 2
4 0 0.00023 1
4 0 0.00015 1
4 0 1e-05 1
4 0 0.00042 1
4 0 0.00256 1
5 0.005 3.63612 1
3 -0.005 0.01031 1
5 0.005 0.00186 1
3 -0.005 0.00093 3
4 0 0.00035 1
5 0.005 4.013978 1
3 -0.0049 0.078819 2.38
3 -1e-04 2.66766 1
4 0 4.999994e-06 0.01
4 0 0.000383 1
4 0 0.000534 0.01
3 -0.005 0.780896 1
5 0.005 5.750585 1
4 0 0.47187 1
4 0 0.04191 3
4 0 1.74448 1
6 0.01 9.999996e-06 1
4 0 0 1
4 0 4e-05 1
2 -0.01 5e-05 1
6 0.01 0.00032 1
2 -0.01 0.00029 1
6 0.01 0.00024 1
4 0 0.00244 1
5 0.01 0.37031 1
3 -0.01 11.20241 0.5
4 0 0.00108 0.1
4 0 0.00211 0.1
4 0 1e-04 0.4
4 0 0.00059 0.1
4 0 0.0156 0.2
4 0 0.00017 0.6
4 0 0.16766 0.6
4 0 7e-05 0.4
4 0 0.00028 0.1
4 0 0.00016 0.3
4 0 8.000001e-05 0.2
4 0 8e-05 0.2
4 0 4e-04 0.89
4 0 0 1
2 -0.01 0.00031 0.1
4 0 0.00134 0.1
4 0 1.0276 1
4 0 0.00027 1
4 0 1.51365 0.11
4 0 0.00059 0.89
3 -0.005 7e-05 1
5 0.005 0 2.89
4 0 0.00028 1
4 0 0.08093 1
2 -0.01 4.42355 8
7 0.02 1.54259 1
5 0.0099 0.25493 0.05
2 -0.0199 11.32292 0.1
4 0 0.00106 0.1
4 0 0.00169 0.1
4 0 3.97735 0.2
4 0 0.00066 0.1
6 0.02 1.69643 0.03
6 0.01 0.00118 0.97
4 0 4e-05 0.03
4 0 1.25236 1
4 0 0.00145 1
4 0 0.00184 1
4 0 0.00358 1
4 0 0.09953 1
4 0 0.05528 1
5 0.005 0.09487 1
5 0.005 0.14409 1
4 0 1.86311 0.17
4 0 0.39169 426
6 0.01 0.00168 1
4 0 0 1
4 0 0.00021 1
2 -0.01 8.999999e-05 1
3 -0.01 0.00042 1
4 0 0.00122 1
6 0.02 0.00044 1
2 -0.01 0.00318 1
7 0.02 0.00386 0.97
4 0 4e-05 0.03
4 0 0 1
4 0 1e-05 1
4 0 0 1
4 0 9.999996e-06 0.9
4 0 0 0.1
4 0 1e-05 0.72
4 0 3e-04 0.65
4 0 5e-05 0.16
2 -0.01 0.00612 1
4 0 0.01155 1
4 0 0.0085 1
4 0 0.07533 1
4 0 0.00361 1
6 0.01 0.00118 0.28
5 0.01 1e-05 1
3 -0.01 0.00161 1
2 -0.01 0 1
4 0 0.0025 1
4 0 0.00017 1
6 0.01 0.0024 1
4 0 0.00569 1
4 0 0.00057 1
1 -0.02 0.00107 1
7 0.02 9e-05 1
4 0 9.999996e-06 0.1
4 0 0 0.1
4 0 0 0.8
4 0 3e-05 0.2
4 0 0 1
4 0 9.999996e-06 1
4 0 0 1
4 0 0 2
4 0 1e-05 1
4 0 0.00032 1
4 0 9.999996e-06 0.1
4 0 0.00566 1
2 -0.01 0.00368 1
6 0.02 0.00951 1
2 -0.02 0.07136 1
4 0 0.01379 1
4 0 0.00274 1
4 0 0.00135 1
4 0 0.00931 1
6 0.01 1.09561 2
4 0 0.00049 1
4 0 9.999996e-06 1
4 0 0.0097 1
4 0 0.0058 1
4 0 0.01505 1
4 0 0.0867 1
4 0 0.0015 1
4 0 0.06189 1
4 0 0.3979 1
5 0.01 0.12033 1
4 0 4e-04 0.01
4 0 0.0066 1
4 0 0.00785 1
4 0 0.00368 1
4 0 0.00904 1
4 0 0.00052 1
4 0 0.01869 0.99
4 0 0.00628 1
4 0 0.06705 1
4 0 0.00131 1
4 0 0.00294 1
4 0 0.1574 1
4 0 0.24964 1
4 0 0.00926 1
4 0 0.06114 0.49
4 0 1e-04 0.01
4 0 9e-04 0.1
4 0 0.13733 1
5 0.0025 0.5475713 1
5 0.0025 0.0009637 4
5 0.005 0.0005388 1
4 0 6.100003e-06 1
4 0 7.92e-05 3
4 0 0.0017192 1
2 -0.01 0.000213 1
6 0.01 0.003409 1
4 0 0.0080402 1
4 0 0.0002753 1
2 -0.01 0.000379 0.1
4 0 2.57e-05 0.1
4 0 3.900001e-06 0.1
4 0 4.600006e-06 0.1
4 0 0.0005534 0.22
4 0 0.0108638 1
6 0.01 0.0951362 1
4 0 0.0888443 1
2 -0.01 0.119392 0.5
4 0 6.08e-05 0.78
4 0 1.100001e-06 0.3
4 0 1.23e-05 1
4 0 1.11e-05 1
4 0 6.999981e-07 0.4
4 0 6.900002e-06 0.22
4 0 0.0001577 0.1
4 0 7.6e-06 0.1
4 0 4.76e-05 0.58
4 0 9.720001e-05 0.42
4 0 2.37e-05 0.1
4 0 1.85e-05 0.1
4 0 4.26e-05 1.08
4 0 0.0005349 1.12
4 0 0.0003012 0.1
3 -0.01 0.0003291 2
4 0 6.400005e-06 0.03
4 0 0.0006197 0.1
4 0 0.0028518 0.1
4 0 0.0041008 0.1
4 0 0.0990669 1
4 0 0.0050196 1
4 0 0.4008201 1
4 0 6.580021 1
5 0.0025 0.025171 1
3 -0.0025 0.004987 1
4 0 0.001757 1
5 0.0025 0.185396 1
5 0.0016 0.228385 1.85
3 -0.0041 1.146256 1
4 0 3.999994e-06 1
4 0 4.000001e-06 1
4 0 0.000141 0.9
4 0 4.000001e-06 1
4 0 5.999995e-06 0.1
4 0 0.000396 0.9
4 0 0.000139 1
4 0 0.006922 1
2 -0.01 0.002653 1
4 0 0.003424 1
6 0.01 1.493027 1
2 -0.01 0.00221 1
4 0 1.84785 1
4 0 1e-05 0.72
4 0 0.00395 1
4 0 0.00314 1
4 0 1.19025 1
4 0 0 1
4 0 0.09188 1
4 0 1.09755 1.02
4 0 0.00168 2
4 0 0 1
4 0 4e-05 1
3 -0.0075 0.26668 1
5 0.01 0.01573 3
3 -0.01 0.01218 1
3 -0.0025 3.57571 1
4 0 0.17333 1
3 -0.0018 9.32323 2
4 0 0.00136 1
4 0 0.00043 1
4 0 0.00141 1
4 0 0.00059 1
5 0.0043 9.02002 0.02
3 -0.0025 0.01998 1
4 0 0.26111 0.52
4 0 10.55823 1
4 0 1.35628 1
4 0 1e-05 1
4 0 0 0.01
4 0 0 0.99
4 0 1e-04 0.01
4 0 1e-05 1
4 0 0 1
4 0 0 1
4 0 2e-05 1
4 0 9.999996e-06 1
3 -0.01 0.00123 2
4 0 0 1
4 0 4e-05 0.75
4 0 0.00038 1
5 0.01 1.80653 1
4 0 7e-05 1
4 0 1e-05 1
4 0 9.999996e-06 1
3 -0.01 4e-05 1
4 0 5e-05 1
4 0 3e-05 1
4 0 0.00024 1
4 0 0.00037 1
5 0.01 1e-05 2
4 0 0 2
3 -0.01 0.00079 1
5 0.01 0.00017 1
4 0 0.00074 1
3 -0.01 0.00117 1
4 0 0.00049 1
4 0 8e-04 1
4 0 0 1
4 0 1.51313 1
4 0 3.44292 0.34
4 0 0.00116 0.66
4 0 0.00248 1
4 0 1.74868 1
4 0 0 1
4 0 0 1
4 0 0.00024 1
4 0 0.00049 0.24
4 0 8e-05 1
2 -0.01 0.27248 1
5 0.0025 1.803983 1
4 0 0.08338366 1
3 -0.0025 1.49455 1
4 0 0.000648 1
4 0 0.00111 1
4 0 0.003104 1
4 0 5.000002e-06 0.44
4 0 0.000121 0.56
4 0 2.699999e-05 1
5 0.0025 0.00326 1
3 -0.0025 0.05348 0.6
4 0 0.000114 1
4 0 1e-06 0.4
4 0 4.000001e-06 0.1
4 0 1.5e-05 0.1
4 0 6.000002e-06 0.1
4 0 5.000002e-06 0.1
5 0.005 0.109498 2
2 -0.015 0.123968 1
4 0 2.4e-05 1
2 -0.01 2.2e-05 1
4 0 0.680382 0.25
4 0 7.7e-05 0.75
4 0 0.000199 1
4 0 0 1
2 -0.01 0.377916 1
4 0 0.000724 1
4 0 0.656533 3
3 -0.01 0.003722 0.02
5 0.01 0.270588 1
4 0 5.800001e-05 0.01
4 0 0.01138 1.99
4 0 4.000001e-06 1
4 0 4.000001e-06 1
4 0 4.000001e-06 1.4
4 0 1.9e-05 0.01
4 0 1.4e-05 0.59
6 0.01 0.000554 1
4 0 8.300001e-05 1
4 0 3.2e-05 3
4 0 0.002751 1
6 0.01 11.10384 2
5 0.0099 0.7504 0.06
2 -0.0199 7.92898 0.09
6 0.0199 1.73475 0.04
3 -0.0099 0.24507 1
6 0.0105 2.50433 1
2 -0.0105 1.79934 1
2 -0.01 7.73609 0.52
6 0.01 2.62196 1.42
3 -0.0027 0.98682 0.36
3 -0.0063 2.79771 1
6 0.0149 7.47242 0.06
2 -0.0159 5.109 0.75
5 1e-04 6.429335 0.01
5 0.0099 3.361844 1
4 0 0.001862 1
2 -0.01 3.29059 0.25
6 0.01 2.829239 1
5 0.01 3.43891 1
3 -0.01 0.00042 1
5 0.0099 0.01415 4
3 -0.0099 0.49302 1
4 0 0.00654 1
4 0 0.00045 3
5 0.009 1.19994 1.65
3 -0.009 4.62519 4
4 0 0 0.24
4 0 3e-04 2.76
4 0 1e-05 1.48
4 0 3e-05 1
5 0.01 2e-05 1
4 0 0 1
3 -0.01 9.999996e-06 1.52
5 0.01 1e-05 1
4 0 0 1
4 0 9.999996e-06 0.72
3 -0.01 5e-05 1
4 0 8e-05 1
5 0.01 0.00019 1.28
4 0 0 0.24
4 0 1e-05 2.48
4 0 1e-04 0.1
3 -0.005 5e-05 4
4 0 0.00016 4
3 -0.005 4.000001e-05 1
4 0 3e-05 1
5 0.005 1e-05 3
3 -0.005 0 1
5 0.01 4e-05 1
3 -0.01 1e-04 1
4 0 7e-05 1
5 0.01 0.00051 3
4 0 4e-05 1
3 -0.005 0.00021 1
5 0.005 0.00029 1.9
4 0 0 1
3 -0.01 8e-05 1
4 0 0.00028 1
5 0.01 0.00038 0.1
3 -0.01 0.01414 2
4 0 0.00039 1
4 0 9.999996e-06 1
4 0 0.00235 1
4 0 0 1
4 0 7e-04 1
4 0 0.00022 1
4 0 0.00028 1
4 0 5e-04 2
4 0 0.00037 1
4 0 0.01221 1
4 0 0.01797 1
4 0 1e-05 1
4 0 0.00908 2
4 0 0.27728 1
4 0 6e-05 1
4 0 0.26843 1
5 0.005 0.8675 0.54
3 -0.005 1.23538 1
4 0 1.39166 3
4 0 3.5508 6
4 0 5.71857 1
4 0 4.96373 2
4 0 0 1
4 0 2.20535 1
4 0 0.00067 1
3 -0.005 0.00012 1
5 0.005 4e-05 1
3 -0.005 0.00103 1
4 0 0.00052 1
4 0 0.00183 3
5 0.005 0.62358 1
2 -0.01 0.12618 1
4 0 0 1
4 0 9.999996e-06 1
4 0 0 5
4 0 0 2
4 0 1e-05 0.28
4 0 0 0.21
4 0 0.00031 0.75
4 0 4e-05 1.79
4 0 9.999996e-06 1
4 0 0 0.02
4 0 4e-05 2
4 0 5e-05 0.01
4 0 1e-05 1
4 0 9.999996e-06 1
4 0 0.00051 1
4 0 0.00028 1
4 0 0 1
4 0 0 1.71
4 0 4e-05 0.29
4 0 0.00011 1
2 -0.01 0.00089 1
4 0 2e-05 1.5
4 0 0.00011 1
4 0 9.999996e-06 1
4 0 0 1
4 0 0 0.27
4 0 1e-05 1
4 0 0 0.23
4 0 9.999996e-06 0.77
4 0 2.000001e-05 1
3 -0.01 0.00175 1.23
4 0 0.00024 0.39
4 0 9.999996e-06 0.61
4 0 5e-05 0.89
4 0 0 1
4 0 1e-05 0.92
4 0 0.00105 0.08
4 0 0 0.27
4 0 9.999996e-06 1.65
4 0 5e-05 0.35
4 0 0 1
4 0 0.00093 1
4 0 0.00264 2
2 -0.01 0.00287 1
4 0 0.25531 1
4 0 1e-05 0.27
4 0 0 0.73
4 0 2e-05 1
4 0 9.999996e-06 0.27
4 0 1e-05 2
2 -0.01 0.00157 1
4 0 4e-05 0.39
4 0 0.00031 0.61
4 0 0.00513 2
3 -0.005 1.15674 5
5 0.005 2.88795 1
4 0 4e-05 0.06
4 0 0.00036 0.06
4 0 1e-05 0.11
4 0 0.00054 0.01
4 0 0.00078 2.94
4 0 0 1.06
4 0 3e-05 0.94
4 0 0.00033 0.94
4 0 1e-05 3
4 0 9.999996e-06 1
4 0 0 0.89
4 0 0 1
6 0.01 0 0.51
2 -0.01 1e-05 7
6 0.01 1e-04 0.49
2 -0.01 0.00046 0.99
7 0.02 6.98247 1
4 0 9.619743 2
4 0 8.112087 1
4 0 1e-05 5
4 0 0.00027 1
4 0 1.31099 0.55
4 0 13.65972 2
4 0 0 1
4 0 9.999996e-06 0.01
4 0 0 0.99
4 0 2e-05 0.01
4 0 0.00013 1
4 0 2e-05 2
2 -0.01 0.51567 1
4 0 2.95265 1
4 0 9.5241 0.06
3 -3e-04 19.99203 2
3 -0.0097 3.58315 0.27
5 0.0075 0.937565 1.12
3 -0.0065 1.83913 30
3 -0.001 2.490348 0.73
4 0 4.000001e-06 0.27
5 0.005 5.46363 1
4 0 0.00104 1
5 0.004 5.21668 0.01
3 -0.009 9.75799 4
5 0.0035 0.00633 0.39
3 -0.0035 1.26053 1
4 0 0.00015 0.01
4 0 0.00086 1
4 0 0 1
4 0 0 0.4
4 0 0.00048 1.88
4 0 0.00011 0.5
4 0 0.00012 0.6
4 0 0 0.4
4 0 6e-05 0.6
4 0 1e-04 0.12
4 0 1e-05 0.88
4 0 0.00026 0.12
4 0 2e-05 0.5
3 -0.01 0.00025 1
4 0 2.83736 1
5 0.01 9.45573 4
6 0.01 0.71289 0.4
4 0 0.00041 0.01
4 0 2e-05 0.99
4 0 9.999996e-06 2.01
4 0 1e-05 0.99
4 0 0 1
4 0 1e-05 2.01
4 0 0 0.36
4 0 0 1
4 0 9.999996e-06 0.12
2 -0.01 2e-05 1
6 0.01 8e-05 0.75
4 0 0 0.24
4 0 1e-05 0.32
4 0 3e-05 0.99
2 -0.01 2e-05 1
6 0.01 0.00018 0.64
4 0 0 0.36
4 0 4e-05 1.88
4 0 1e-05 4.64
2 -0.01 0.00012 1
4 0 1e-05 1
6 0.01 9.999996e-06 0.18
4 0 0.00012 1
4 0 0.00019 1
4 0 9e-05 0.82
4 0 0 1
4 0 4e-05 1
4 0 0.00016 0.5
4 0 1e-05 0.5
4 0 3e-05 0.5
4 0 0 1
4 0 5e-05 0.03
4 0 0 0.46
4 0 0 0.5
4 0 0 0.01
4 0 1e-05 0.03
4 0 7e-05 0.46
4 0 0 0.5
4 0 0 1.82
4 0 4e-05 0.69
4 0 0.00458 1.69
6 0.01 0 1
4 0 0 0.34
4 0 5e-05 0.66
2 -0.01 0.00244 9
6 0.02 0.18457 1
2 -0.02 0.06313 1
5 0.005 9.84744 0.03
3 -0.005 0.04559 0.18
5 0.005 0.44215 1
5 0.0049 4.40777 0.86
3 -0.0099 3.874155 1
4 0 4.000001e-06 1
4 0 0.000313 0.82
4 0 4.000001e-06 0.18
4 0 1.9e-05 1.82
4 0 6.000002e-06 0.01
4 0 0.000178 0.01
4 0 5.999995e-06 0.01
4 0 3.3e-05 0.01
4 0 2.1e-05 0.01
4 0 0.000269 0.17
2 -0.01 1.800001e-05 1
4 0 1.4e-05 0.5
6 0.01 6.000002e-06 0.83
2 -0.01 5.5e-05 1
4 0 0.000137 1
4 0 0.007502 1
3 -0.005 0.002026 2
5 0.005 0.010416 1
6 0.01 0.498612 1
2 -0.015 0.570447 2
4 0 3.496567 3
5 0.005 0.000563 1
4 0 7.6e-05 2
4 0 4.999994e-06 1
5 0.0099 5.302068 0.25
5 1e-04 1.96657 1
4 0 0.00025 1
6 0.01 8.09654 1
4 0 0 1
4 0 9.999996e-06 1
4 0 0.21166 1
5 0.0036 1.4065 0.07
5 0.0064 2.30312 0.03
4 0 0 0.97
4 0 2e-05 3.03
4 0 1e-05 1
4 0 1e-04 1
4 0 0 2
4 0 0.00024 1
4 0 2e-05 4
4 0 3e-05 3
4 0 4.000001e-05 1
4 0 4e-05 4
4 0 0.00015 1
4 0 0.00012 1
4 0 0.00015 7
6 0.01 0.0012 1
4 0 0.00059 1
2 -0.01 0.31532 1
7 0.03 0.1825 1
4 0 0.00073 1
4 0 0.00293 1
4 0 0.00791 1
4 0 0.00082 1
4 0 0.00636 1
4 0 0 1
4 0 0.00018 1
4 0 0.00014 1
3 -0.01 0.88707 1
6 0.02 0.02063 1
4 0 0.00046 1
4 0 0.01502 1
3 -0.0075 1.17613 1
5 0.0072 0.00178 1.12
2 -0.0147 0.36635 5
6 0.015 3.8781 1
4 0 0.00014 1
4 0 0.00029 1
4 0 0.00039 1
4 0 0.00424 1
5 0.01 0.00053 1
4 0 0.00032 1
4 0 0.00058 1
3 -0.01 0.00048 1
5 0.01 0.00442 1
3 -0.01 0.00287 1
4 0 0.08757 0.23
4 0 0.01794 1
4 0 0.01959 1
4 0 1.86854 0.77
4 0 0.00251 1
4 0 0.00145 1
4 0 0.00267 0.23
4 0 0.00376 1
4 0 0.09865 1
4 0 0.0798 1
5 0.01 0.07013 1
4 0 1.25401 1
4 0 0.00056 0.77
6 0.01 1.47172 1
4 0 9.999996e-06 0.1
6 0.02 2.92982 0.16
4 0 2.76316 1
6 0.01 0.00013 0.21
3 -1e-04 0.23835 1.32
3 -0.0099 0.17547 1
4 0 0.00106 1
6 0.01 1.65096 0.04
2 -0.01 0 2
4 0 1e-05 1
4 0 0 2
4 0 9.999996e-06 2
4 0 0 1
4 0 0.00027 1
4 0 6.999999e-05 1
4 0 1e-05 1
4 0 0.00046 1
4 0 0 1
3 -0.01 0.01955 1
4 0 8e-05 1
5 0.01 0.37678 1
2 -0.02 0.77625 1
4 0 0.00074 1
6 0.01 6.34233 1
2 -0.01 1.85458 1
4 0 0.83002 1
6 0.02 0.00036 1
3 -0.01 3.04023 2
5 0.0025 7.729736 0.26
3 -0.0025 5.720234 0.75
5 0.01 5.98156 1
4 0 0 1
4 0 0.00015 1
4 0 9.999996e-06 1
4 0 0.00021 1.08
4 0 2.000001e-05 0.92
4 0 3e-05 1
3 -0.005 0.00021 3
5 0.005 2e-05 1
3 -0.005 0.00017 3
3 -0.005 0.00152 0.25
5 0.01 0.00251 1
4 0 0.01017 1
4 0 0.0028 1
4 0 0.0121 1
4 0 0.00208 1
4 0 0.07078 1
4 0 0.00977 1
3 -0.01 0.0793 1
4 0 8.14559 1
4 0 0.00015 1
4 0 1e-05 2
4 0 0 1
4 0 0 0.75
4 0 9.999996e-06 3
4 0 0.00019 1
4 0 4e-05 1
4 0 0 1
4 0 9.999996e-06 6
4 0 1e-05 2
4 0 0 1
4 0 3e-04 0.01
4 0 0 2
2 -0.01 0.00014 1.79
4 0 0.00015 0.21
4 0 0.00175 1
4 0 0 1
4 0 9.999996e-06 1
4 0 0 1
4 0 0 0.92
4 0 1e-04 0.08
4 0 0.00034 1
4 0 2e-05 1
6 0.01 0.00024 1
2 -0.01 0.00029 2
4 0 0.02442 0.07
4 0 0.47394 1
4 0 6.999999e-05 0.93
2 -0.01 0.26364 0.5
6 0.01 1.26442 1
2 -0.01 0.002 0.5
6 0.015 0.35668 4
3 -0.005 3.10462 1
4 0 1.55481 1
2 -0.01 0 0.27
4 0 0.01357 1
4 0 0.00249 1
4 0 0.00646 1
4 0 0.04583 1
4 0 0.08941 1
6 0.01 1.54096 1
4 0 0.00048 1
2 -0.01 0.00208 1
4 0 2.30799 1
4 0 0 0.23
5 0.005 2.18195 0.14
3 -0.005 0.01686 1
4 0 0.00037 1
4 0 1e-05 1
4 0 0.00053 1
4 0 0.00032 0.77
4 0 2.1898 1
4 0 0 0.08
4 0 1e-05 0.92
4 0 9.999996e-06 0.08
4 0 2.000001e-05 0.39
4 0 3e-04 2.86
4 0 3e-05 0.06
4 0 1e-05 0.06
4 0 0 0.94
4 0 2e-05 0.94
4 0 4e-05 1
6 0.01 0.00028 1
2 -0.02 0.00207 1
5 0.005 0.00665 3
7 0.025 1.92939 0.62
3 -0.005 0.055 3
5 0.005 5.0451 1
5 0.01 1.45125 1
4 0 3.45553 0.62
4 0 3.12373 3
4 0 3e-05 1
6 0.01 0.28026 0.06
4 0 0.66586 1
3 -0.0075 0.9323554 1
3 -0.0025 3.870886 0.76
4 0 0.000519 0.24
3 -0.01 2.654155 1
5 1e-04 0.50724 0.58
5 0.0049 13.6141 1
3 -0.005 0.06002 1
5 0.005 5.82102 3
5 0.005 6.11671 1
4 0 0 2.46
4 0 4e-05 0.54
4 0 0.00019 1
4 0 0.00021 0.5
4 0 9.999996e-06 0.5
4 0 0 0.5
4 0 0.00065 0.5
4 0 1e-05 1
3 -0.01 0.00521 1
5 0.01 0.00108 1
4 0 0.00692 1
4 0 0.006 1
4 0 0.0078 1
4 0 0.00248 1
4 0 0.01244 1
4 0 0.03193 1
4 0 0.03818 1
4 0 0.1077 1
4 0 0.40031 1
6 0.01 2.42405 0.62
4 0 1.9055 0.04
4 0 2.0357 0.26
4 0 9.999996e-06 0.74
4 0 0.00356 1
4 0 4e-05 0.26
4 0 0 0.24
4 0 4e-05 0.46
2 -0.01 0.00197 1
6 0.01 0.00224 1
4 0 0.0959 0.75
4 0 0.28788 0.25
4 0 0.84447 1
4 0 4.19226 1
4 0 0.43698 1
5 0.005 1.33291 4
5 0.005 0.00644 1
4 0 1e-05 1
4 0 0 1
4 0 0.10014 2
4 0 0 1
4 0 0.582 1
4 0 0.75777 2
2 -0.01 0.00214 1
6 0.01 0.00149 1
4 0 9.999996e-06 1
2 -0.01 0.00108 1
4 0 0.00104 1
6 0.01 0.00501 1
2 -0.01 0.31349 1
4 0 9.999996e-06 1
4 0 0 0.01
4 0 1e-05 0.62
4 0 0 1
4 0 0.00015 1
4 0 0 4
4 0 9.999996e-06 2
4 0 2e-05 1
4 0 0.00049 1
4 0 0.0072 1
4 0 0.01299 4
4 0 0.00031 2
4 0 0 1
6 0.01 0.00862 0.7
4 0 9.999996e-06 1
4 0 6e-05 0.1
4 0 2e-05 0.1
4 0 0.00072 0.1
4 0 0.00032 0.28
4 0 0.00015 0.6
2 -0.01 0.00168 1
6 0.01 0.00025 1
4 0 0.03777 0.37
4 0 0.00551 1
4 0 0 2
2 -0.01 0.01135 0.1
4 0 0.10747 0.6
4 0 0.87598 0.75
4 0 0.07484 0.1
4 0 0.00164 0.15
4 0 0 0.85
6 0.01 1.34852 1
2 -0.01 1.59523 0.01
4 0 0.50805 1
6 0.01 1.45667 0.08
4 0 2.29281 0.65
4 0 0 0.35
4 0 0.00034 1
2 -0.01 0.00597 1
5 0.005 3.070821 4
4 0 0.03672561 0.01
5 0.005 3.978992 1
4 0 1.101042 1
4 0 0.003392 1
2 -0.01 0.003323 1
6 0.01 0.109593 1
5 0.005 7.535142 0.01
3 -0.0025 2.20931 1
5 0.0074 1.39874 0.02
3 -0.0099 0.13587 1
4 0 0.61698 2
4 0 0.00037 1
4 0 0.05847 1
4 0 0 0.51
4 0 0.00031 1
4 0 2e-05 0.49
4 0 4e-05 0.51
4 0 1e-05 0.49
4 0 4e-05 0.51
4 0 0.00054 1
2 -0.01 0.00068 1
4 0 1.06768 0.01
4 0 1.88162 1
4 0 0 1
4 0 0.00015 1
4 0 0 1
4 0 9.999996e-06 2
2 -0.01 0.01415 1
4 0 0.004 1
4 0 0.00694 1
4 0 0.0228 1
4 0 0 1
4 0 0 1
4 0 1e-05 1
4 0 0.00031 1
4 0 0 2
4 0 0.00661 1
4 0 0.00019 0.74
4 0 9.999996e-06 0.26
3 -0.01 0.00246 1
5 0.01 0.0341 1
4 0 0.11098 1
4 0 0.34966 1
4 0 7.45257 0.74
3 -0.005 0.00861 4
3 -0.0025 1.77158 1.14
5 0.0075 4.67554 0.74
4 0 1e-05 0.26
4 0 2e-05 0.74
4 0 0.00039 1
4 0 0 0.26
6 0.01 0.00022 1
2 -0.01 8e-05 1
6 0.01 0.00025 1
2 -0.02 0.00057 1
4 0 0.00138 1
5 0.01 0.00285 1
6 0.0101 0.71416 2.4
5 0.0024 9.70082 1
4 0 0.03486 1
3 -0.0025 4.94688 1
4 0 0 2
4 0 1e-05 1
2 -0.01 0.57238 1
4 0 0.00865 2
4 0 9.999996e-06 2
4 0 0 2
4 0 1e-05 2
4 0 3e-04 2
4 0 5e-05 1
4 0 4.000001e-05 1
4 0 0.32643 1
3 -0.01 0.01286 1
4 0 0.01136 1
4 0 0.08546 1
4 0 0.06595 1
4 0 0.36962 0.3
4 0 3e-05 0.81
4 0 4e-05 1.29
4 0 0 1
4 0 9.999996e-06 0.71
4 0 4.000001e-05 0.29
4 0 0 0.71
4 0 9.999996e-06 0.16
4 0 1e-05 0.13
4 0 0 0.19
4 0 2e-05 1.31
4 0 2e-05 0.69
4 0 0.00068 1
4 0 4.15472 1
4 0 0.00075 1
3 -0.0028 1.23033 0.12
3 -0.0072 1.8817 1
4 0 0.00054 1
4 0 0 0.01
4 0 0.00058 1
4 0 2e-05 1
4 0 0.00012 0.1
4 0 0.00056 2
2 -0.01 0.00187 1
4 0 0.00326 1
5 0.005 1.322352 3
4 0 1.184041 1
3 -0.005 0.000816 1
4 0 0 1
4 0 0.204402 1
3 -0.01 0.756725 2
2 -0.01 0.390491 2
4 0 0.000301 1
4 0 1.002612 1
6 0.01 0.437408 1
4 0 2.490273 0.04
4 0 0.673202 1
4 0 5e-05 1
4 0 4.000001e-06 4
4 0 7.5e-05 1
4 0 0.000323 1
4 0 4.499999e-05 0.94
5 0.01 0.000511 0.1
3 -0.01 0.002104 0.96
4 0 0.00077 1
4 0 0.009526 1
5 0.0025 0.099829 1
3 -0.0088 2.70763 2
4 0 0.0012 2
4 0 2e-05 2
4 0 0.00085 1
5 0.0088 5.02569 1
4 0 0.00441 1
3 -0.0025 1.71184 1
4 0 0 1
4 0 0.00018 1
4 0 0.00045 1
4 0 0.00726 1
4 0 0.0053 1
4 0 2.14049 1
4 0 1e-04 1
4 0 9.999996e-06 1
4 0 5e-05 0.1
4 0 3e-05 0.1
4 0 3e-05 0.1
4 0 1e-05 0.1
4 0 0.00018 1
4 0 0.00026 1
4 0 0 0.6
4 0 0.00035 1
4 0 3e-05 1
4 0 9.999996e-06 1
4 0 0.00056 1
4 0 3e-05 0.1
5 0.01 0.00103 0.03
4 0 9.999996e-06 0.07
4 0 0.00014 0.1
3 -0.01 0.00247 1
4 0 0.00044 1
5 0.01 0.00849 0.83
4 0 1e-05 1
4 0 0.00041 0.02
4 0 2e-05 1
4 0 0.00055 0.92
4 0 0 0.08
6 0.017 6.37091 0.01
2 -0.012 1.82559 0.02
3 -0.0075 2.7848 1
5 0.0024 1.79461 0.45
7 0.0201 1.14378 0.05
5 0.01 0.00336 1
4 0 0.00447 0.95
4 0 0.91584 1
3 -0.01 0.00153 1
5 0.01 0.10051 1
5 0.005 8.64911 1
5 0.005 2.62474 0.1
4 0 7e-05 0.9
4 0 0.00088 1
2 -0.01 9.30917 1
4 0 0.00583 1
7 0.02 9.55713 1
2 -0.01 3.616578 0.08
4 0 8.000003e-06 0.92
4 0 5.000002e-06 2
4 0 4.999994e-06 0.08
4 0 5.1e-05 0.5
4 0 1.6e-05 1
4 0 0.000213 0.5
4 0 6.100001e-05 1
4 0 0.000177 0.92
4 0 4.000001e-06 0.08
4 0 2.7e-05 0.92
4 0 0.00031 0.5
4 0 8.200001e-05 0.5
4 0 0 0.5
4 0 0.000281 0.5
2 -0.01 0.58723 1
4 0 7.7e-05 0.15
4 0 1.1e-05 0.26
4 0 3.7e-05 0.74
4 0 0.277266 1
4 0 3.999994e-06 1
4 0 6.7e-05 1
3 -0.01 5.83995 0.1
4 0 0.9007 1
4 0 0 0.01
4 0 0.00077 1
2 -0.01 0.00292 0.4
4 0 0.00286 0.6
4 0 0 0.4
4 0 7e-05 1
4 0 1e-05 2
4 0 0.00756 1
4 0 0.01346 0.01
5 0.0026 2.64493 0.4
3 -0.0026 0.4501 1
6 0.01 0.18528 2
4 0 0.00032 1
4 0 2e-05 1
4 0 2.41691 1
3 -0.0067 4.11165 0.22
5 0.0067 0.89751 1
4 0 0 1
4 0 1e-05 3
4 0 0 1
4 0 2e-05 2
4 0 0.00011 1
4 0 2e-05 1
4 0 0.00057 1
4 0 0.00192 1
5 0.01 0.00112 1
4 0 2e-05 0.65
4 0 5e-04 1
4 0 0.00028 1
6 0.01 0.00547 1
2 -0.01 0.75781 1
5 0.001 0.95462 2.5
3 -0.001 4.74232 1
4 0 9.999996e-06 1
4 0 0.00014 1
4 0 0.00317 1
3 -0.01 1.41577 0.26
4 0 1.32643 2.74
4 0 1e-05 1.26
4 0 0 1
4 0 9.999996e-06 0.74
5 0.01 0.01082 1
4 0 7.39446 1
4 0 3e-05 0.77
4 0 2e-05 3.26
4 0 1e-05 0.97
4 0 0.00033 0.13
4 0 4e-05 0.87
6 0.01 2.13651 1
4 0 0.00036 2
4 0 1e-05 2
4 0 4e-05 1
4 0 0 0.34
4 0 0.00026 0.32
4 0 8.999999e-05 1
4 0 0.00019 0.34
2 -0.01 0.00273 0.05
5 0.0077 0.20133 0.09
3 -2e-04 0.12341 2.12
5 0.0025 0.03547 0.06
4 0 5.85296 1
4 0 1.57775 1
4 0 0 1
4 0 0.06907 1
5 0.0047 10.09201 1.13
5 0.0053 8.479503 1.25
4 0 0.00011 2
4 0 9.999996e-06 0.02
4 0 3e-05 1.73
4 0 9.999996e-06 0.01
4 0 0.00033 4
4 0 2e-05 1
5 0.01 0.00038 1.5
4 0 0 0.45
4 0 1e-05 1
4 0 0.00031 1
4 0 0.00055 1
4 0 0 1
2 -0.015 0.00618 7
7 0.025 3.74108 1
4 0 0.00059 3
4 0 9e-05 1.5
4 0 0 0.45
4 0 0.00036 3
4 0 0.00052 1
6 0.01 1.9723 0.62
4 0 3e-05 0.01
4 0 0.29606 0.12
4 0 0.62447 1
5 0.005 1.00124 2
5 0.005 1.18606 1
3 -0.01 2.60607 1
4 0 0 2
4 0 9.999996e-06 1
4 0 0 2
4 0 1e-05 0.62
4 0 4e-05 1
4 0 2e-05 1
4 0 1e-05 2
4 0 0.00028 1
4 0 0.00038 1
4 0 0.49844 1
6 0.02 3.79524 0.3
4 0 8.999999e-05 0.7
4 0 0 1.5
4 0 1e-05 0.45
4 0 0 1
4 0 1e-05 1
5 5e-04 1.02221 0.49
5 0.0045 1.46604 0.05
5 0.005 4.9513 1
4 0 10.8291 1.5
4 0 0 0.45
4 0 0 1.25
4 0 9e-05 2.75
4 0 9.999996e-06 0.4
4 0 0.00034 1
4 0 0.00053 1
4 0 4e-05 1
4 0 0.42772 2
4 0 0 2
4 0 0.00016 1
4 0 2e-05 0.26
4 0 0.00048 1
4 0 0.56737 0.1
4 0 1.17725 2
4 0 1e-05 1.74
4 0 0.00459 1
4 0 0.00011 1
4 0 1e-04 1
4 0 0.00265 1
5 1e-04 1.42664 0.6
5 0.0099 6.50181 1.5
4 0 0 0.45
4 0 1e-05 0.9
4 0 0 2.15
4 0 2e-05 0.95
4 0 0.00034 1
4 0 2e-05 1
5 0.003 0.13235 1
3 -0.0022 1.73214 1
3 -8e-04 0.29568 1
4 0 0.64151 1
2 -0.01 1.44323 1
6 0.01 0.00456 0.2
4 0 3.415764 1
4 0 2.010937 0.1
3 -0.005 1.60152 6
3 -0.005 0.035424 1
4 0 3.999994e-06 1
4 0 4.000001e-06 1
4 0 4.000001e-06 2
4 0 5.000002e-06 1
4 0 2.000001e-06 1
4 0 3.6e-05 1
4 0 1e-06 2
4 0 4.000001e-06 1
4 0 2.000001e-06 0.01
4 0 8.9e-05 0.74
4 0 0.000555 1
4 0 2.000001e-06 0.16
4 0 0.008822 1
4 0 5.000002e-06 1
4 0 8.000003e-06 1
4 0 0 2
4 0 4.999994e-06 0.99
6 0.01 4.673467 0.1
4 0 1.37482 0.6
4 0 7e-04 1
4 0 0 0.01
4 0 3e-05 1.78
4 0 0 1.22
4 0 0.00013 0.39
4 0 9.999996e-06 0.24
4 0 0.00023 0.76
6 0.01 0.00184 0.45
4 0 9.999996e-06 0.54
4 0 4.000001e-05 0.46
2 -0.01 0.15383 1
4 0 1.20008 1
4 0 1.57368 1
6 0.01 1.38617 0.24
4 0 1e-04 4.54
5 0.01 0.00033 1
4 0 4e-05 0.05
4 0 1e-05 0.32
4 0 0 0.05
4 0 9.999996e-06 0.95
4 0 1e-05 0.42
4 0 2e-05 0.58
4 0 9.999996e-06 1
4 0 0.00027 0.5
4 0 9.999996e-06 1
4 0 3e-05 1.32
4 0 5e-05 1
4 0 0.00013 0.18
4 0 0.00035 0.05
6 0.01 0.01056 1
5 0.005 2.5697 1
4 0 2.23572 1
5 0.005 2.37732 2
5 0.01 1.30198 0.63
4 0 0.57462 1
3 -0.01 1.01798 2
4 0 0 1.02
4 0 2e-05 0.98
2 -0.01 0.00033 0.05
6 0.01 0 0.05
4 0 3e-05 1.95
2 -0.01 3e-05 0.95
4 0 9e-05 0.78
4 0 3e-05 0.22
6 0.01 0.00035 1
5 0.005 0.00201 1
5 0.005 0.70183 1
3 -0.01 0.21683 2
4 0 0 1
4 0 1e-05 0.14
2 -0.01 4.71371 1
4 0 0.00048 1
4 0 5e-05 1
4 0 0.00016 1
4 0 1e-05 1
4 0 0 1.01
4 0 0 0.39
4 0 9.999996e-06 1
4 0 1e-04 0.61
4 0 0.02745 1
4 0 9.999996e-06 1
6 0.01 3.26976 1
4 0 0.00042 1
3 -1e-04 2.59417 0.03
5 1e-04 4.10416 1
2 -0.01 8.93173 1
4 0 0.00134 2
4 0 0.07587 0.27
4 0 3e-05 0.79
4 0 9.999996e-06 0.58
4 0 0 2
4 0 0 1
4 0 3e-05 0.15
4 0 1e-05 0.07
4 0 0 0.01
4 0 1e-04 0.21
4 0 0.58644 1
4 0 0.00013 0.79
4 0 1e-05 1
4 0 0.00041 1
4 0 0.41318 1
4 0 0.75487 1
4 0 0.70472 1
4 0 0.00042 1
4 0 0.48748 2
4 0 1.99387 1
4 0 0.00129 1
2 -0.01 0.59059 1
4 0 0.00029 1
4 0 0.00184 1
4 0 0.00029 8.61
4 0 0.00259 1
4 0 0 2
4 0 1e-05 0.08
4 0 0.00041 1.01
4 0 0.03517 0.04
3 -0.01 0.02966 0.2
6 0.02 1.78002 0.01
4 0 0.00103 1
2 -0.01 0.00344 1
4 0 0.00069 1
4 0 0.01452 1
6 0.01 4e-04 1
4 0 0.00319 1
5 0.0025 3.913465 1
5 0.0075 0.635798 0.58
4 0 0.000621 0.42
4 0 0.000237 1.58
4 0 0.001165 0.12
2 -0.01 0.001306 0.12
4 0 0.001216 1
6 0.01 0.955316 1
4 0 0.000114 2
4 0 6.000002e-06 2
4 0 0.000631 1
2 -0.01 1.314916 0.28
4 0 2.043489 0.08
4 0 0.000307 1.72
4 0 0.677565 0.88
4 0 0.003803 0.12
6 0.01 7.204185 1
4 0 1e-05 1
4 0 0.00034 1
4 0 0.00052 0.88
4 0 4e-05 1
4 0 0 2
2 -0.01 0.00052 1
4 0 0.0015 0.88
5 0.005 0.00246 1
3 -0.005 0.24247 1
6 0.01 0.51419 2
4 0 0 1
4 0 0.00012 1
4 0 1e-04 0.6
4 0 0.7645 0.1
4 0 9.999996e-06 0.1
2 -0.01 1.75068 1
4 0 1.81217 1.3
6 0.01 0.55449 1
4 0 0.94995 1
4 0 0.79857 0.8
4 0 9.999996e-06 1
4 0 0 4.2
4 0 4e-05 0.8
4 0 5e-05 1
4 0 0.00029 0.4
4 0 4e-04 0.04
4 0 0.00021 0.96
2 -0.01 0.00137 1
6 0.02 3.20053 0.1
4 0 0.58384 0.9
4 0 0 0.02
4 0 1e-05 0.03
4 0 0 0.05
4 0 0.00043 0.1
4 0 0.61817 2
4 0 0 1
4 0 0.00015 1
4 0 6e-04 1
4 0 0.75988 0.1
3 -0.01 1.74418 1
4 0 2.26985 1
4 0 0.0255 1
4 0 0.06165 1
4 0 3.17647 0.09
5 0.005 0.41474 3
3 -0.004 0.00165 1
3 -0.001 0.00529 1
4 0 0.49875 1
4 0 0 1
4 0 9.999996e-06 1
4 0 0 1
4 0 0 2
4 0 1e-05 0.41
4 0 0.00012 1
3 -1e-04 1.26313 0.25
3 -0.0099 5.74258 0.92
4 0 1e-05 1
4 0 0 2
4 0 0.00016 2
4 0 1.16117 0.7
4 0 4.66631 2
4 0 1e-05 1
4 0 0.00014 3
4 0 2e-05 1
4 0 0.00053 0.1
4 0 9.999996e-06 0.1
4 0 0 0.1
4 0 0 0.38
4 0 0.00016 1
4 0 0.0019 0.1
4 0 6.999999e-05 0.1
4 0 1e-05 0.1
2 -0.01 0.00031 1
4 0 0.00187 1
5 0.005 0.00616 1
4 0 0.00236 1
4 0 0.00532 1
3 -0.005 0.00496 1
5 0.005 0.00395 1
4 0 0.00143 1
3 -0.0025 0.07258 1
5 0.0075 0.74109 1
4 0 5e-05 1
4 0 0.00017 0.7
2 -0.01 0.00187 1
4 0 0.05376 1
6 0.01 1.26507 2
4 0 0 1
4 0 0 2
4 0 1e-05 1
4 0 0.00011 2
4 0 0 1
4 0 0 1
4 0 9.999996e-06 3
4 0 0.00016 0.1
4 0 0.00017 1
4 0 0.00031 1
2 -0.01 0.51501 1
5 0.0025 1.87665 1
5 0.0075 0.2579 1
4 0 0.00062 1
2 -0.01 0.00562 1
4 0 5.03444 1
6 0.01 3e-05 2
2 -0.01 9.999996e-06 2
4 0 0 1
4 0 1e-05 1
4 0 0 1
4 0 0 0.01
4 0 0.00028 1
3 -0.01 0.00087 1
4 0 1e-05 1
4 0 0 1
4 0 0 1
4 0 0.00015 1
4 0 9.999996e-06 0.96
4 0 0.00049 1
4 0 0 1
4 0 0.00073 1
4 0 0.00483 2
5 0.0025 4.659908 0.1
5 0.0075 0.522617 0.35
3 -0.0075 1.55702 0.01
4 0 0.227475 0.01
3 -0.0025 0.531426 1
5 0.0025 0.359567 0.01
4 0 0.775988 0.01
5 0.0075 0.606982 0.62
3 -0.0075 0.158834 0.01
4 0 0.582586 0.01
5 0.0075 0.515221 0.38
4 0 0.000245 1
4 0 0.000542 2.65
4 0 0.000572 0.62
3 -0.01 0.001428 1
4 0 0.001283 1
4 0 0.001698 1
4 0 0.140568 0.83
5 0.0025 0.03188 0.01
4 0 1.02183 0.01
4 0 1.29236 0.01
4 0 0.2677 0.01
5 0.0075 0.20239 0.09
4 0 1e-05 0.21
4 0 0.00011 0.2
4 0 0.00056 0.4
3 -0.01 0.00086 1
5 0.01 0.00092 0.28
4 0 0.00114 0.22
3 -0.01 0.00102 1
5 0.0025 0.63427 0.01
4 0 0.66959 0.01
4 0 1.00324 0.01
4 0 1.30761 0.01
4 0 0.3419 0.01
3 -0.0025 0.8819 2
4 0 1e-05 1
4 0 0 1
4 0 0.00012 1
4 0 1e-05 2
4 0 0 1
4 0 9.999996e-06 1
4 0 0.00067 1
4 0 0 1
4 0 0.00672 1
5 0.0025 0.0343 0.01
3 -0.0025 0.16631 0.3
4 0 0.00147 0.2
4 0 0.00061 0.1
4 0 1e-04 1
4 0 0.00055 0.2
2 -0.01 0.00222 1
5 0.0025 0.90965 0.01
3 -0.0025 0.16488 0.18
4 0 0.47039 1
4 0 0.00034 0.82
4 0 0.00055 1
3 -0.005 0.13819 0.01
3 -0.0025 1.04858 0.01
5 0.0041 0.86203 0.07
3 -0.0041 0.18824 0.01
3 -0.0025 0.88784 0.41
4 0 0.00016 1
4 0 9.999996e-06 0.59
4 0 0 1
3 -0.01 0.00639 1
5 0.0025 0.11459 0.01
4 0 1.54026 0.01
4 0 1.12159 0.01
4 0 1.05646 0.01
3 -0.0025 0.30118 1
4 0 1e-05 1
4 0 0.00031 1
4 0 2.000001e-05 1
2 -0.01 0.01379 1
4 0 0.00372 1
4 0 0.01028 1
4 0 0.02922 0.6
4 0 1e-04 0.4
4 0 0.00061 0.93
4 0 6e-04 0.07
4 0 0.00262 1
6 0.01 0.06967 6
2 -0.01 0.00231 0.83
4 0 0.0278 1
3 -0.0075 0.77816 0.01
4 0 1.19393 0.01
4 0 1.52953 0.01
4 0 1.37757 0.01
4 0 1.52154 0.01
3 -0.0025 0.43742 1
5 0.0025 1.18664 0.01
4 0 1.52807 0.01
3 -0.0025 1.19416 1
4 0 5e-05 1
4 0 0.00012 1
4 0 0.00057 1
3 -0.0075 0.53801 0.01
3 -0.0025 0.01195 1
5 0.0099 1.66343 0.1
3 -0.0074 0.1722 0.01
4 0 2.07515 0.01
3 -0.0025 0.52243 1
4 0 0.00036 1
4 0 0.00016 1
4 0 4e-05 1
2 -0.01 0.01757 0.18
6 0.01 0.00584 1
3 -0.0075 1.59531 0.01
3 -0.0025 1.10467 1
3 -0.0075 1.11528 0.01
4 0 2.73595 0.01
4 0 2.62389 0.01
3 -0.0025 1.67197 0.02
5 0.009 0.00125 0.02
5 0.001 0.04157 0.4
4 0 0.00141 0.4
3 -1e-04 0.0141 0.01
3 -0.0074 0.99108 0.01
5 0.0075 0.66024 1
4 0 0 1
4 0 0.00016 1
4 0 1e-05 1
4 0 9.999996e-06 1
4 0 1e-05 1
4 0 0.00027 0.21
4 0 0 1
4 0 7e-05 0.79
6 0.01 9e-05 0.75
4 0 0.00018 0.25
2 -0.01 5e-05 0.21
3 -0.01 0.00191 1
6 0.02 0.00013 1
4 0 0.00035 1
4 0 2e-05 1
6 0.02 0.01661 1
4 0 0.00137 0.21
2 -0.02 9e-04 1
4 0 0.04441 1
4 0 0.42585 2
4 0 1e-05 2
4 0 0 1
4 0 0.00023 2
4 0 0.00049 2
4 0 0 2
4 0 0.00024 1
2 -0.01 0.11795 1
4 0 0.01898 0.85
5 0.005 0.3902 1
4 0 0.11175 0.61
3 -0.005 0.60359 1
4 0 3.01114 1
4 0 0.00241 1
4 0 0.01557 1
7 0.02 0.1987259 1
1 -0.02 0.0103798 1
4 0 0.0075497 1
4 0 0.0171683 1
5 0.005 0.1772595 1
4 0 0.0176886 1
5 0.005 1.302261 1
6 0.02 0.16946 0.79
4 0 4.000001e-06 0.21
4 0 0.000252 1
2 -0.02 0.003158 1
6 0.01 0.006847 1
4 0 0.008914 1
4 0 0.011874 1
4 0 0.086752 1
4 0 0.090546 1
5 0.0075 0.028076 1.12
3 -0.005 1.898766 0.39
5 0.0074 2.706411 0.01
3 -0.0074 0.71915 1
3 -0.0025 1.738402 0.25
4 0 2.362685 0.01
4 0 1e-05 0.74
4 0 9.999996e-06 0.26
4 0 0.00011 0.65
4 0 3e-05 0.16
4 0 2e-04 1.75
4 0 0.04681 0.84
4 0 9.999996e-06 0.16
4 0 4e-05 0.84
4 0 0.00046 0.5
4 0 9.999996e-06 0.5
4 0 1e-05 0.01
4 0 0.00751 1
4 0 8.999999e-05 1
4 0 4e-04 0.5
4 0 9e-05 0.5
4 0 0.20918 1
3 -0.0075 3.26219 1
4 0 0.06397 1
5 0.0075 0.01161 2.5
4 0 0 1
4 0 0.00018 1.5
4 0 9e-05 1
4 0 0.00051 0.29
4 0 8e-05 1
4 0 0.00033 0.51
2 -0.01 0.00306 0.8
6 0.01 0.00033 1
4 0 0.00084 1
4 0 0.00091 1
5 0.01 0.00665 1
3 -0.01 0.6779 1
3 -1e-04 2.72738 0.01
4 0 2.47654 1.5
6 0.0101 2.24763 1
4 0 0.00087 1
2 -0.02 0.00205 1
6 0.02 0.00728 1
3 -0.01 0.00231 1
4 0 3.7248 0.22
5 0.0025 3.12256 1
5 0.0075 0.76147 1
4 0 0.00045 1
3 -0.01 1.23018 1
5 0.01 5.12443 1
4 0 0.00014 1
4 0 0.00028 1
4 0 0 1
4 0 5e-04 1
3 -0.01 0.0027 0.98
5 0.0025 0.04969 0.11
5 0.0075 0.38546 2
4 0 0 2
4 0 0.00022 2
3 -0.01 2.4631 0.03
5 0.0065 2.14659 0.35
3 -0.0025 1.73652 0.58
3 -0.0015 1.00353 1
3 -0.0025 0.01359 1
4 0 0.0148 1
5 0.01 2.94264 1
4 0 0.56458 1
4 0 0.27414 1
4 0 8e-05 1
4 0 0.00052 1
4 0 0.01744 1
3 -0.01 3.47628 0.06
5 0.0099 0.0636 0.01
3 -0.0061 1.76988 0.02
5 0.0062 1.46988 1
6 0.01 6.741493 1
4 0 7.7e-05 3
5 0.01 0.000593 0.1
3 -0.01 0.317668 2
4 0 4.000001e-06 1
4 0 2.999994e-06 2
4 0 5.000002e-06 1
4 0 4.000001e-06 2
2 -0.01 0.054599 0.05
5 0.005 5.255182 1
4 0 0.121108 1
5 0.005 0.164703 1
4 0 0.208212 5
4 0 7.4e-05 1
4 0 9.470595 5
4 0 1e-05 1
4 0 0.00011 1
4 0 0.00078 1
5 0.01 0.00563 2
3 -0.01 0.72021 1
4 0 0.00342 1
4 0 0.00393 1
4 0 0.00065 1
4 0 0.00203 1
4 0 0.00812 2
4 0 0.09717 1
4 0 0.06226 1
4 0 0.39965 1
5 0.0025 5.62472 3.24
3 -0.0025 2.78451 1
4 0 9.999996e-06 1
4 0 0 1
4 0 1e-05 0.01
4 0 6.999999e-05 1
4 0 0.00064 1
4 0 0.00688 1
2 -0.01 0.01446 1
4 0 0.01547 1
4 0 0.02307 1
4 0 0 1
4 0 9.999996e-06 0.76
4 0 0.00081 1
4 0 0.01229 1
5 0.005 2.36763 3
5 0.004 4.66159 0.23
5 0.001 1.26803 1
4 0 2.70289 1
4 0 0 0.1
4 0 1e-05 0.1
4 0 8.999999e-05 0.8
4 0 0.00057 0.66
4 0 0 1.34
3 -0.007 1.40631 0.88
5 0.007 6.51781 0.1
2 -0.01 1.05921 0.12
6 0.01 1.33619 1
4 0 0.00417 0.9
5 0.0099 6.7888 0.01
5 1e-04 0.96525 0.92
4 0 9.999996e-06 0.08
4 0 6.000001e-05 0.92
6 0.01 0.33227 0.1
4 0 0.93995 0.9
4 0 0 0.1
4 0 8.999999e-05 0.9
4 0 0 0.1
4 0 0.00035 1
4 0 0.00053 1
4 0 0.00071 0.9
6 0.01 0.01374 0.01
2 -0.01 4.392163 1
4 0 0.001248 2.13
5 0.005 7.056435 1
5 0.005 0.006666 1
4 0 1.627688 0.66
4 0 0.00018 3.34
3 -1e-04 2.50964 0.01
5 1e-04 0.00043 2
4 0 0.00012 1
5 0.01 1.4726 1.5
4 0 9.999996e-06 1
4 0 0 0.33
4 0 0 1
4 0 0.00032 0.17
4 0 2e-05 0.83
4 0 2e-05 0.17
4 0 3e-05 3
4 0 6.000001e-05 0.83
4 0 3.72927 1
4 0 1e-05 1
4 0 0.00089 1
4 0 0.10974 1
4 0 0.4517 1
4 0 1.43873 1
4 0 0.00095 1
4 0 0 0.11
4 0 1.202 0.89
4 0 0.00034 0.39
6 0.01 0.00034 0.1
4 0 7e-05 0.9
4 0 0.00085 1
4 0 2e-05 1
2 -0.01 4.20998 2
4 0 1e-05 1
4 0 0.08045 1
4 0 0.42938 1
4 0 1.29682 1
4 0 0 2
6 0.01 0.1037 0.1
3 -0.005 1.8081 1
4 0 0.11128 1
3 -0.005 2.34503 1
4 0 0.00011 1
4 0 0.00039 1
4 0 0 2
4 0 4e-05 1
4 0 0.00027 1
4 0 0.00828 1
5 0.0025 0.03227 1
5 0.0025 0.04189 1
3 -0.005 0.13915 1.19
4 0 8e-05 0.81
3 -0.0057 2.15114 5
5 0.0057 2.99827 1
4 0 0.00022 1
4 0 5.94341 8
4 0 0.07307 91
6 0.01 0.03252 0.55
3 -2e-04 1.11957 3
5 2e-04 0.04939 0.36
4 0 9.999996e-06 0.76
4 0 1.01786 2.24
4 0 0.00013 0.76
4 0 0.00022 0.24
6 0.01 1.29861 0.29
4 0 2.42309 2
4 0 4e-05 1
4 0 0.00033 1
4 0 3e-05 0.51
4 0 0 0.49
4 0 0.00012 0.51
4 0 0.00013 1.4
4 0 0.00028 1
5 0.01 0.00356 2
4 0 0.09621 0.1
4 0 2.32577 1
4 0 9.999996e-06 1
6 0.01 0.68197 1
4 0 0.00369 2
4 0 0.03496 2
4 0 0.01163 1.5
4 0 1e-05 0.5
4 0 6e-05 0.5
4 0 0 0.03
4 0 0.00091 1
4 0 8e-05 1
4 0 0.54394 1
6 0.01 0.29422 1
4 0 0.01144 1
4 0 0 2
4 0 0 1
4 0 0.0104 1.5
4 0 9.999996e-06 1
4 0 0.00062 1
4 0 9.999996e-06 1
4 0 0.0019 2
4 0 0.00017 1
4 0 1.10601 3
4 0 0.00604 1
4 0 0.01376 0.8
4 0 1e-05 1.2
4 0 5e-05 0.8
4 0 0.9058 1
4 0 5.372042 1
4 0 8.3e-05 5
5 0.01 2.096006 1
4 0 1.602199 1
4 0 4.000001e-06 11.96
4 0 3e-05 0.04
4 0 3.000001e-06 1
4 0 4.000001e-06 0.02
4 0 3.000001e-06 0.2
4 0 0.000329 1
4 0 0.000568 1
4 0 0 5
6 0.01 0.013536 0.1
4 0 7.000002e-06 0.1
2 -0.01 1.604438 0.01
6 0.01 2.3268 1
4 0 8.000001e-05 4.8
6 0.01 0.000621 0.1
4 0 2.008207 0.4
5 0.01 0.09816 0.1
4 0 0.00014 0.1
4 0 6e-05 0.9
4 0 0.00378 1
6 0.01 0.0192 1
4 0 0 1
4 0 2.27354 2
3 -5e-04 0.0035 2
5 5e-04 0.004 1.5
4 0 0 1
4 0 0 1
4 0 9.999996e-06 1
4 0 0.00012 3
4 0 0.00064 1
4 0 0 1
5 0.01 0.01426 0.82
3 -0.01 0.00729 0.82
5 0.01 1.1853 0.1
3 -0.0032 1.24099 2
5 0.0032 0.11995 1
4 0 0.45882 1
4 0 0.00081 2
6 0.01 7.7257 1
4 0 0.50351 0.01
4 0 1.68081 1
4 0 0 0.08
4 0 9.999996e-06 0.81
4 0 1e-04 0.01
4 0 0.00013 1
4 0 0.00028 3.1
4 0 0 1
4 0 3e-04 2
4 0 9.999996e-06 1
4 0 0.76492 1
4 0 4e-05 0.08
4 0 3.02097 1
4 0 0.00059 1
4 0 0.00249 1
4 0 0.0044 6.2
6 0.01 0.0108 2
4 0 4e-04 1
4 0 1e-05 3
3 -0.0099 1.48223 0.5
3 -1e-04 0.00197 1
4 0 0.00012 1
4 0 0.00047 1
4 0 0.00165 1
6 0.01 1.65885 1
5 0.01 0.2796 1
4 0 0.00504 2
4 0 0.76351 0.4
6 0.01 4.85917 0.05
3 -0.005 0.48766 3
5 0.005 1.50489 1
4 0 0.96566 2
4 0 0.90226 2
4 0 1e-05 1
4 0 5e-04 0.95
4 0 1e-05 0.05
4 0 3e-05 0.95
5 1e-04 0.01167 0.15
5 0.002 0.22697 0.03
3 -0.0021 1.80912 1
4 0 0 1
4 0 0.00037 1
4 0 0.00057 1
4 0 0.00557 1
4 0 0.0032 1
4 0 0.10225 1
3 -0.0099 1.68041 0.51
5 0.0099 1.4793 1
4 0 6e-04 1
4 0 0.00043 0.1
4 0 1.83223 1
4 0 0.31517 1
2 -0.01 0.56413 1
4 0 0 2
4 0 0 1
4 0 1e-05 1
4 0 4e-05 1
4 0 1e-04 1
4 0 2e-05 1
3 -0.01 0.00046 0.75
5 0.01 0.00011 1
3 -0.01 9.999996e-06 0.25
5 0.01 2e-05 3
4 0 1e-05 0.01
4 0 0 2
3 -0.01 3e-05 1
4 0 0 1
4 0 9e-05 1
4 0 2e-05 0.1
4 0 3e-05 0.9
5 0.01 0.0868 1
4 0 0.2172 1
4 0 5.01495 2
3 -0.01 0.55406 1
4 0 1e-05 2
4 0 0 1
4 0 1e-05 1
4 0 2e-05 1
4 0 9.999996e-06 1
4 0 1e-05 1
4 0 9.999996e-06 1
4 0 9e-05 1
2 -0.01 0.00039 2
4 0 9.999996e-06 1
4 0 0 0.1
4 0 7e-05 0.85
6 0.01 1e-04 1
2 -0.01 3e-05 0.15
6 0.01 0 1
2 -0.01 0.00015 1
4 0 5e-04 1
6 0.015 7e-05 1
2 -0.015 6e-04 1
4 0 5e-05 1
4 0 0 1
6 0.01 0.1007 1
2 -0.0101 2.58887 0.03
4 0 3.820651 0.03
3 -0.0049 0.291931 3
5 0.005 3.789966 1
4 0 2.000001e-06 1
4 0 3.000001e-06 4
6 0.01 0.000645 0.1
4 0 5.000002e-06 0.1
4 0 4.9e-05 0.8
4 0 0.000364 0.55
4 0 2.2e-05 0.45
2 -0.01 0.502222 2
1 -0.1273 1.748622 3
7 0.1273 9.3e-05 1
4 0 5.000002e-06 1
1 -0.1273 0.000306 2
7 0.1273 3.7e-05 1
4 0 4.000001e-06 2
4 0 2.799999e-05 1
4 0 1e-05 1
1 -0.1273 0.000591 1
7 0.1173 2e-05 2
4 0 5.000002e-06 1
4 0 4.000001e-06 1
4 0 5.000002e-06 1
4 0 2.000001e-06 1
4 0 3.999994e-06 1
6 0.01 1e-06 1
2 -0.01 3.000001e-06 2
4 0 3.2e-05 2
4 0 0.000889 1
3 -0.007 1.342749 0.5
5 0.007 5.22476 0.39
3 -0.005 0.00847 3
5 0.005 5.02449 1.61
4 0 0 0.39
4 0 0.00033 1
6 0.01 0.00047 1
4 0 0 1
2 -0.01 6e-05 0.39
6 0.01 8e-04 1
4 0 0.00287 1
2 -0.01 0.00297 1
5 0.005 1.84532 0.43
3 -0.005 1.54723 10
5 0.002 6.45619 0.4
2 -0.012 10.85801 1
4 0 1e-05 1
4 0 9.999996e-06 1
4 0 0 1
4 0 0 0.39
4 0 1e-05 0.61
4 0 0 0.03
4 0 0.00039 1
4 0 3e-05 0.01
4 0 0.00057 0.87
4 0 4e-05 0.37
4 0 0.00012 0.13
4 0 8.000001e-05 0.63
2 -0.01 2.69014 1
4 0 0 1
4 0 4e-05 1
4 0 5e-05 1
3 -0.01 0.06208 0.23
4 0 0.48006 0.16
4 0 0.00026 0.84
4 0 3e-05 0.98
4 0 0.00014 0.02
4 0 8e-05 1
4 0 0.37361 1
5 0.0093 0.62773 0.2
5 7e-04 0.40819 1
4 0 0 1.09
4 0 6e-05 0.91
4 0 0.0016 2
4 0 5e-05 2
5 0.005 6.26878 10
5 0.005 0.153 0.01
2 -0.01 0.7466 0.15
5 0.0099 0.46297 0.01
3 -0.0049 0.08617 10
3 -0.004 0.41664 5
5 0.004 1.87826 7
5 0.005 1.6778 1
4 0 0 0.5
4 0 2e-05 0.5
4 0 2.000001e-05 1
4 0 9.999996e-06 1
4 0 4e-05 1
4 0 1e-05 1
4 0 9.999996e-06 1
4 0 2e-05 2.93
4 0 1e-05 0.07
5 0.01 0.00056 1
4 0 0 1
4 0 0 1
4 0 9.999996e-06 0.75
4 0 4.000001e-05 0.25
3 -0.01 2e-05 1
4 0 0 1
6 0.02 0.10435 1
6 0.0199 18.0007 0.01
3 -0.0099 5.85918 3
3 -0.009 4.96101 0.18
3 -0.001 0.98354 1
4 0 1.26932 1
4 0 0.00036 1
5 0.007 1.0655 0.25
3 -0.007 0.6942 1
4 0 9e-05 1
4 0 0 1
4 0 9.999996e-06 1
4 0 0 1
4 0 8.000001e-05 0.83
4 0 0.00025 1
4 0 2e-05 1
4 0 0.00015 1
4 0 0.0012 1
4 0 0.00554 1
2 -0.01 0.09143 1
4 0 1e-05 1
4 0 0.00036 1
4 0 0 0.5
4 0 8e-05 1.5
4 0 0.00012 0.1
5 0.005 0.07048 6
2 -0.01 0.42467 1
3 -0.005 1.5208 1
4 0 0.08241 1
5 0.005 0.06797 1
3 -0.005 0.09092 0.17
4 0 1.60187 1
4 0 0.00142 1
4 0 0.00497 1
4 0 0.00176 1
4 0 0.0102 1
4 0 0.08738 1
4 0 0.00035 1
4 0 0.0092 1
4 0 0.05703 0.17
4 0 5e-05 2
4 0 0.01758 1
4 0 0.02001 0.83
4 0 0.30986 1
4 0 0.00036 1
4 0 0.00745 1
2 -0.01 0.50599 1
4 0 2.0972 1
4 0 1e-04 1
4 0 9.999996e-06 1
4 0 0.0061 1
3 -0.01 1.49931 1
4 0 1e-05 0.32
4 0 0.00053 1
4 0 0 1
2 -0.01 0.50061 0.57
4 0 0.25121 1
4 0 0 1
2 -0.01 0.00113 1
3 -0.01 0.00094 1
5 0.01 0.00062 1
2 -0.02 0.0061 1.07
4 0 0.00118 1
4 0 0.00045 0.07
4 0 0.00077 0.08
6 0.02 0.00276 0.08
5 0.005 0.00186 1
4 0 0.00051 0.07
4 0 0.00066 1.07
4 0 0.00054 0.08
1 -0.025 0.00264 1
7 0.025 0.0078 1
1 -0.025 0.00386 0.59
4 0 0.0955 1
4 0 0.01076 1
7 0.03 0.00832 0.6
2 -0.015 1.3949 9
6 0.015 1.31909 1
4 0 1.35633 1
4 0 0.00035 1
6 0.01 0.00231 1
2 -0.0186 1.30969 0.1
6 0.0186 2.76163 1
2 -0.01 0.09624 4
3 -0.004 1.14676 0.14
6 0.01 2.70445 0.05
2 -0.016 0.38534 1
6 0.0199 6.26687 0.01
5 1e-04 0.7156379 3.61
4 0 4.499998e-06 0.39
4 0 0.0003767 1
5 0.01 0.0002808 0.2
4 0 2.56e-05 0.8
4 0 0.0008906 1
2 -0.02 0.0006273 3
6 0.01 0.0001256 2
5 0.001 1.032582 3
4 0 0.002184 0.48
5 0.0018 4.154119 0.05
5 0.0044 3.827464 0.6
5 0.0028 14.68663 0.31
4 0 0.61657 1
4 0 9e-05 1
4 0 0 1
4 0 1e-05 1
4 0 2e-05 0.1
4 0 9.999996e-06 0.1
4 0 0 0.1
4 0 4e-05 1
4 0 1e-05 1
4 0 3e-05 0.31
4 0 9.999996e-06 1
4 0 0 1
4 0 1e-05 1
6 0.01 0.00088 1
4 0 0 1
2 -0.01 3e-05 1
6 0.01 0.001 1
5 0.01 12.88509 1
4 0 0.19191 1
3 -0.01 0.33656 0.78
4 0 0.00111 1
4 0 0 1
4 0 4e-04 1
4 0 1e-05 1
4 0 0 1
4 0 4e-05 1
4 0 1e-05 1
4 0 0.00012 1
4 0 4e-05 1
4 0 0.00012 0.01
4 0 0.00035 0.22
4 0 5e-05 0.02
4 0 0 0.76
4 0 0.00016 0.24
4 0 0.01052 1
4 0 0.01422 1
2 -0.01 0.03215 1
4 0 1e-05 0.05
4 0 0 1
4 0 0.00071 1
3 -0.01 1.23725 1
5 0.0043 0.18471 3.47
5 0.0056 1.59973 0.01
5 1e-04 1.96065 0.03
4 0 3e-05 1
4 0 0.00032 1
4 0 0.00318 2
4 0 0.00062 1
6 0.0169 0.36883 0.7
3 -0.0069 1.58697 3
5 3e-04 4.68358 1.5
5 0.0097 1.39943 1
4 0 2e-05 1
4 0 0.00037 0.66
4 0 9.999996e-06 0.34
4 0 0.01088 2
6 0.01 5.99996 1
4 0 4e-05 1
4 0 0.00069 1
4 0 0.0019 1
6 0.01 4.283861 1
2 -0.01 0.443303 2
4 0 4.000001e-06 1
4 0 4.000001e-06 1
4 0 4.999994e-06 1
4 0 3.000001e-06 1
4 0 3e-05 1
4 0 0.000107 1
2 -0.01 0.692229 1
4 0 0.00016 1
4 0 0.000515 1.39
4 0 0.00024 0.46
4 0 4e-05 0.15
2 -0.0101 0.939348 0.26
5 1e-04 3.368976 1
3 -0.0025 0.000574 3
5 0.0025 0.000766 0.29
3 -0.0087 1.341515 0.13
5 2e-04 0.380202 1
3 -0.0015 2.760728 1
4 0 1e-05 0.69
4 0 2e-04 0.31
4 0 0 1
4 0 0 1
4 0 1e-05 0.04
4 0 2e-05 0.73
4 0 3e-04 0.96
4 0 5e-05 0.9
4 0 0 0.37
4 0 0.00016 0.01
4 0 0 0.39
4 0 0.00076 0.61
4 0 0.00737 1
4 0 0 1
4 0 0.00011 0.1
4 0 0 0.1
4 0 0.00043 1
4 0 2e-05 0.63
4 0 9.999996e-06 0.37
4 0 0.00078 0.1
4 0 0.02702 0.07
3 -1e-04 0.2032 1
3 -0.0099 4.1527 0.98
4 0 0.00035 0.02
4 0 0.00045 0.02
4 0 0.00019 2
2 -0.01 0.04053 2
4 0 4.6225 0.02
2 -0.01 0.9153 0.71
5 0.005 0.05713 1
5 0.0049 4.83974 0.01
3 -0.0099 1.11564 1
5 0.005 2.78956 3
3 -0.0014 3.41043 0.94
3 -0.0036 2.28181 0.01
4 0 0.00013 1
4 0 9.999996e-06 1
5 0.0025 0.01046 1
4 0 0.00013 1
4 0 0.00059 0.01
4 0 0.31349 0.01
5 0.0075 2.12323 0.15
4 0 0.84179 1
4 0 9.999996e-06 1
4 0 5.86357 0.75
4 0 0 1
4 0 4e-05 0.05
4 0 5e-05 0.95
4 0 9.999996e-06 0.05
4 0 0 0.95
4 0 0.00037 1
4 0 2e-05 1
4 0 2e-04 0.1
4 0 9.999996e-06 0.03
4 0 3e-04 1
4 0 0.00054 0.06
3 -0.005 0.00112 3
4 0 0.00707 5
6 0.0149 0.56081 0.02
2 -0.0199 5.77742 1
6 0.0101 7.23236 0.02
5 0.0099 2.085831 0.15
3 -0.005 0.3620944 1
4 0 0.0469722 1
5 0.005 0.167092 0.1
4 0 1.459032 1
4 0 6.000002e-06 1
4 0 3.6e-05 1
4 0 0.000693 1
5 0.01 1.465034 1
3 -0.005 1.514535 3
3 -0.005 6.230704 1
5 0.008 2.31133 0.01
3 -0.008 2.791 2
4 0 0 1
4 0 3e-05 1
4 0 0.00011 1
4 0 0.00071 1
4 0 0 2
4 0 0 0.01
4 0 0.00626 1
4 0 0 1
4 0 2.29665 1
2 -0.01 2.9518 1
4 0 0 0.08
4 0 0.00015 1.9
4 0 9e-05 1
4 0 2e-05 1
4 0 0.00013 0.23
4 0 0.00081 0.02
2 -0.01 0.06087 0.62
4 0 5.01865 1
6 0.01 1.6026 1
4 0 3.64504 1
4 0 0.00014 0.61
4 0 3e-05 1
4 0 0.03097 1
3 -0.0064 0.00455 0.7
5 0.0064 0.00451 1
6 0.01 7.34934 3
4 0 9.999996e-06 1
4 0 7e-05 1
4 0 0.00097 1
4 0 8e-05 1
4 0 3.21669 0.01
4 0 0.15561 0.45
5 0.0035 0.00781 0.45
5 0.0065 8.10476 1.46
4 0 0 0.54
4 0 0.00011 0.46
4 0 0 0.07
4 0 0.00048 1
4 0 5e-05 2
4 0 9e-05 3
4 0 0.00062 2
6 0.01 0.13708 1
4 0 0.00012 0.1
4 0 9.999996e-06 0.1
4 0 0.01519 1
4 0 0 1
3 -0.005 1.19707 2
3 -0.005 0.00113 1
4 0 8e-05 1
4 0 0.00012 1
4 0 1e-05 0.95
4 0 0.00028 1
4 0 9.999996e-06 1
4 0 0 1
4 0 1e-05 1
4 0 0.00032 1
4 0 2e-05 1
4 0 0 1
4 0 3e-05 0.05
4 0 0.00023 1
4 0 0 1
4 0 0.11688 0.76
4 0 1.50404 1
4 0 0.7642 0.01
4 0 0 0.99
4 0 6e-05 0.01
4 0 2.28555 1
4 0 1e-05 2
4 0 0 2
4 0 9.999996e-06 1
4 0 0.00036 1
4 0 0.00073 1
3 -0.0061 0.58384 0.03
5 0.0036 9.434746 12.5
5 0.0025 4.248254 1
4 0 2.41168 0.06
4 0 1e-05 0.94
4 0 3e-05 0.06
4 0 0.00011 1
4 0 0.00045 1
5 0.0099 3.18107 0.03
5 1e-04 2.45298 0.07
4 0 2.67955 0.13
4 0 0 1
4 0 1e-05 0.84
4 0 0 1
4 0 9.999996e-06 0.16
4 0 0.00032 0.84
4 0 6e-05 0.09
4 0 5e-05 1
4 0 0.00207 1
5 0.005 0.3247 1
5 0.005 6.12006 1
3 -0.005 0.37052 1
5 0.005 0.02695 0.04
3 -0.01 0.84483 1
5 0.01 0.24425 2
4 0 0.00046 1
4 0 0.00033 2
4 0 6.000001e-05 1
4 0 0.00194 1
6 0.01 0.05666 1
2 -0.01 1.3012 1
3 -1e-04 4.97321 0.01
5 1e-04 1.68651 1
4 0 1.66596 1
3 -0.005 5.93513 3
3 -0.001 1.75199 10.1
5 0.006 0.21783 1
4 0 1e-05 1
4 0 0.00012 1
4 0 1e-05 1
4 0 0.00144 1
4 0 0.00189 1
4 0 0.48791 1
4 0 0.00013 0.1
4 0 0.80968 1
3 -0.005 7.30708 3
3 -0.005 0.61676 0.06
5 0.01 1.37798 1
4 0 0.4261 0.37
4 0 0.00025 1
4 0 0.00084 1
4 0 2.111061 2
5 0.0052 2.247746 2
5 0.0048 1.144217 0.01
4 0 3.000001e-06 1.9
4 0 2.000001e-06 0.09
4 0 0.000518 1
4 0 0.000775 2.5
4 0 0 0.5
4 0 0.001065 0.5
5 0.0099 4.765391 0.04
4 0 2.108422 4
5 1e-04 0.00648 1
4 0 2e-05 1
4 0 0.00019 1
4 0 0.00024 1
4 0 0 1
4 0 0.00295 3
5 0.01 0.62347 1
4 0 0.0082 1
4 0 0.00073 2
4 0 0.00029 0.91
4 0 0.34075 1
4 0 0 1
4 0 0.00018 1
4 0 0.31816 1
4 0 0.00368 1
3 -0.007 7.62176 0.04
3 -0.003 2.51898 2
4 0 1e-05 1
4 0 0 1
4 0 9.999996e-06 1
4 0 0 0.75
4 0 5e-05 0.25
4 0 1e-05 0.01
4 0 0.00028 2
4 0 0 1
4 0 3e-05 1
4 0 4e-05 1
4 0 0.00056 2
4 0 0 1
4 0 4e-05 2
3 -0.0064 1.06751 0.42
5 0.0014 0.91929 3
5 0.005 2.23382 1
4 0 0.28199 1
5 0.01 0.38281 0.01
3 -0.01 2.3501 10
4 0 3.08077 1
4 0 0.00248 1
5 0.01 1.03411 1
3 -0.01 0.23818 1
4 0 0.00031 2
4 0 0.00064 1
4 0 0 1
4 0 0.00646 1
4 0 2e-05 1
4 0 0.00014 1
4 0 4e-05 0.1
2 -0.01 3.84796 2
4 0 2.05114 1
4 0 0.00011 2
4 0 0.00015 0.49
4 0 0.05485 2
4 0 9.999996e-06 1
4 0 1e-05 2
4 0 2e-05 1
4 0 0.00011 1
4 0 4e-05 2
4 0 0.00021 2
4 0 2e-05 1
2 -0.01 0.00141 0.44
4 0 0.03335 1
4 0 0 1
4 0 0 1
4 0 0.00066 3
4 0 0.00628 3
3 -0.005 0.21614 5
3 -0.0063 0.82753 2
4 0 0.00082 1
4 0 0.00058 1
4 0 0.00057 1
6 0.0113 0.98821 1
5 0.005 0.21227 3
3 -0.005 4.12488 1
5 0.007 1.28721 0.5
3 -0.007 1.76184 1
5 0.005 0.77312 2
3 -0.005 2.71391 1
4 0 3.20892 1
4 0 0.00033 0.1
4 0 0.00017 1
4 0 6e-05 1
4 0 0.00013 0.9
4 0 0.00747 0.9
4 0 7e-05 1
4 0 1e-05 0.1
3 -0.01 0.15102 1.05
5 0.0099 2.0351 0.02
3 -0.0049 2.828528 5
4 0 0.655253 0.03
3 -0.005 3.516074 1
4 0 7.000002e-06 1
4 0 6.000002e-06 1
4 0 0.00039 0.5
4 0 1.5e-05 1.5
4 0 9.000003e-06 0.5
4 0 5.5e-05 1.5
3 -0.0025 0.220073 1
5 0.0018 0.000291 0.12
5 7e-04 5.147479 1
4 0 0 2
4 0 5e-05 1
4 0 0.00074 1
3 -0.005 1.48607 9
5 0.004 0.92143 0.42
5 0.001 2.0178 3
4 0 0 2
4 0 0.00017 1
5 0.005 7.92776 4
3 -0.005 1.30932 1
4 0 0.00036 1
4 0 0.00059 1
4 0 0.00894 1
4 0 0.00741 1
4 0 0.0022 1
4 0 0.00028 1
4 0 0.00024 0.01
2 -0.01 1.51971 1
4 0 0.00143 0.24
4 0 3.23322 1
4 0 0.14759 1
4 0 0.07086 1
4 0 0 1
4 0 9.999996e-06 1
4 0 9e-05 1
4 0 0 1
4 0 1e-05 0.57
4 0 0.63178 1
4 0 0.39853 2
3 -0.01 0.0863 1
4 0 1e-05 1
4 0 0 1
4 0 9.999996e-06 1
4 0 0.00015 1
4 0 1e-05 1.36
4 0 0.00019 1
4 0 0 0.64
4 0 4e-05 0.25
4 0 6e-05 0.75
4 0 5e-04 1
2 -0.01 0.01794 0.97
5 0.005 0.38397 5
3 -0.005 0.05951 0.97
4 0 0.00015 1.03
2 -0.01 2.84968 0.38
4 0 0.00192 1
4 0 0.13207 1
4 0 0.0511 1
4 0 0 1
4 0 8e-05 1
4 0 1e-05 1
4 0 0 2
3 -0.01 1.83432 0.41
5 0.0035 0.00897 0.41
3 -0.0035 1.3751 1
4 0 0.0176 1
4 0 0.07402 1
4 0 1.45369 1
4 0 0.4574 1
4 0 0.72649 0.41
4 0 0.00014 0.59
4 0 0.02667 0.59
4 0 0.00081 0.41
4 0 0.00048 0.59
4 0 0.36874 1
4 0 0.00043 1
4 0 0.45484 1
4 0 9.999996e-06 0.41
4 0 3e-05 0.57
4 0 0.00035 0.11
4 0 0.00058 0.04
4 0 0.00794 5
2 -0.01 0.00891 1
4 0 0.11911 1
4 0 0.03555 1
4 0 1.86187 1
5 0.005 0.36664 5
3 -0.005 0.03118 1
5 1e-04 0.28158 3
5 0.0099 1.3683 3.02
4 0 6e-05 1
5 0.01 0.09185 0.1
3 -0.01 5.25126 1
4 0 0.05511 1
4 0 0.00449 1
4 0 9.999996e-06 2
4 0 0.15266 1
4 0 0.00338 1
4 0 0.361 1
4 0 0.00527 1
4 0 0.3016 1
4 0 0.00094 1
2 -0.01 0.00223 0.63
4 0 1.89676 1
4 0 3e-05 0.37
4 0 0 1
4 0 4e-05 1
4 0 1e-05 1
4 0 0.00075 1
4 0 0.00703 1
4 0 0.00018 1
4 0 0.00038 0.01
2 -0.01 0.36488 2
4 0 0.32419 1
4 0 0.13086 1
4 0 0.00127 1.88
4 0 2e-04 0.12
3 -0.01 0.00905 1
2 -0.01 1.08811 0.89
4 0 0.00794 1
5 0.005 0.86028 12.32
5 0.005 2.6211 3
4 0 0.00038 1
5 0.01 0.00022 0.1
4 0 1e-05 0.1
3 -0.01 0.00032 1.04
5 0.01 0.00064 0.01
3 -0.005 1.19887 3
5 0.0049 0.00234 3
3 -0.0049 0.00826 3
5 0.0049 0.0012 3
5 1e-04 0.06451913 1
4 0 0.04007304 1
4 0 0.01793423 1
4 0 0.0025233 5
4 0 0.1023717 2
4 0 0.2032028 2
3 -0.01 0.0063952 1
4 0 0.104433 1
5 0.01 0.0167079 1
4 0 4.000001e-06 1
4 0 0.0002338 1
6 0.01 0.0004144 0.75
2 -0.01 5.41e-05 0.99
4 0 2.000015e-07 0.01
6 0.01 5.43e-05 0.25
4 0 0.0001037 1
2 -0.01 3.76e-05 1
4 0 3.300003e-06 0.99
6 0.01 7.37e-05 3
4 0 0.0001095 1
4 0 2.64e-05 1.87
4 0 1.51e-05 1.13
6 0.01 0.0003142 0.87
4 0 0.0001928 0.13
2 -0.01 6.7e-05 0.87
4 0 4.36e-05 0.13
6 0.01 0.0001624 0.1
4 0 4.599999e-06 0.1
4 0 0.0001487 1
4 0 0.0003062 0.99
4 0 0.0006883 1
1 -0.02 0.0226704 2
7 0.02 0.4045212 1
5 0.01 0.5481442 1
4 0 1.734701 1
4 0 0.000653 1
3 -0.01 0.187422 1
4 0 0.095609 1
4 0 0.000132 0.1
5 0.01 0.043111 1
3 -0.01 0.324912 2
4 0 0.040555 1
4 0 0.296911 1
4 0 0.000549 1
5 0.0099 1.365481 0.04
5 5e-04 0.496522 1
4 0 0.001796 1
3 -4e-04 0.403992 1
4 0 0.070632 1
4 0 1.769746 1
4 0 0.00018 1
6 0.01 0.000385 0.1
4 0 7.999995e-06 0.1
6 0.02 0.005813 1
6 0.01 2.358956 1
4 0 0.00203 1
4 0 0.00266 1
4 0 0.00036 1
4 0 0.16321 4
4 0 0.12269 1
4 0 1.52898 0.34
4 0 0.06115 2
4 0 8e-05 1
4 0 0.00132 0.41
4 0 3e-05 0.01
4 0 0.21928 1
4 0 5.00705 1
3 -0.007 1.86108 0.5
5 0.005 8.74594 0.01
5 0.002 0.55392 1
5 0.01 1.11381 1
3 -0.01 2.98484 1
4 0 1e-05 1
4 0 9.999996e-06 1
4 0 0 2
2 -0.01 1e-05 1
4 0 0 1
4 0 0 1
4 0 9.999996e-06 1
6 0.01 2e-05 1
4 0 0.00012 1
2 -0.01 9.999996e-06 2
4 0 7e-05 0.37
4 0 1e-05 0.37
6 0.01 9.999996e-06 1
4 0 0.00014 1
2 -0.01 3e-05 0.26
6 0.01 0.00026 1
2 -0.01 0 1
4 0 0 0.01
6 0.01 0.00126 1
4 0 0.00774 1
4 0 0.10453 1
3 -1e-04 0.69533 0.02
4 0 3.11497 0.01
5 1e-04 0.09947 1
4 0 0 0.03
4 0 0.00023 1
4 0 0.00035 0.97
4 0 0.00191 1
4 0 0.65113 1
4 0 0.11008 0.12
4 0 0 2
5 0.01 20.01189 0.1
4 0 3.533492 0.05
4 0 4.5e-05 1
4 0 0.000128 1
4 0 0.001882 1
4 0 0.000698 1
4 0 0.35911 2
3 -1e-04 3.607634 0.02
2 -0.0199 1.46729 0.84
6 0.02 1.281591 0.85
4 0 0.000361 1
4 0 4.091929 0.01
3 -0.01 7.09079 1
4 0 17.23264 1
5 0.01 0 0.08
2 -0.02 17.78133 1
4 0 0.00607 1
4 0 0.01272 1
6 0.01 0.0139 1
2 -0.01 0.07223 1
4 0 0.14325 1
6 0.015 3.45407 1
3 -0.005 0.00726 1
5 0.005 1.63024 0.88
3 -0.005 2.829169 2
5 0.005 0.036354 1
4 0 0.056108 1
3 -0.005 0.032887 1
4 0 4.439887 2
4 0 3.000001e-06 0.01
4 0 0.000507 1
4 0 0 1
4 0 0.004898 1
4 0 0.001744 0.01
4 0 0.000623 1
4 0 4.000001e-06 1
4 0 0.005055 1
2 -0.01 0.004971 2
6 0.01 0.037719 0.99
4 0 8.000003e-06 0.01
3 -0.005 0.019585 1
5 0.005 0.035749 1
2 -0.01 0.158277 2
4 0 4.000001e-06 1
4 0 4.000001e-06 1
4 0 4.999994e-06 1
4 0 3.000001e-06 1
4 0 9.5e-05 1
4 0 5.000002e-06 2
4 0 2.000001e-06 1
4 0 0.000696 2
3 -0.01 0.000175 1
4 0 0.000158 0.94
4 0 3.000001e-06 1
4 0 6.699999e-05 1.06
4 0 5.000002e-06 1
4 0 0.049328 1
4 0 0.198038 1
4 0 0.055804 1
3 -0.0036 6.57367 0.04
3 -0.0064 10.6369 1
4 0 0 0.4
4 0 2e-05 0.6
4 0 0.00035 1
4 0 0.00057 1
4 0 0.0529 1
4 0 2.47177 1
6 0.01 0 0.41
4 0 0.00016 0.76
2 -0.01 0.00021 1
6 0.01 0.00277 0.24
3 -1e-04 33.63731 0.01
5 1e-04 17.31346 1
4 0 4e-05 1
4 0 0.00019 0.35
4 0 1e-05 0.65
4 0 0.00037 0.35
4 0 5e-05 0.35
4 0 5.79633 1
4 0 0.00059 1
4 0 1e-04 1
4 0 2e-05 0.1
4 0 0 0.1
4 0 1e-05 0.1
5 0.01 0.00049 0.8
4 0 9e-05 0.2
2 -0.02 0.79889 0.21
6 0.01 0.92645 1
5 0.01 0.04495 1
4 0 0.09708 1
4 0 1.37131 1
4 0 2e-05 1
5 0.0099 9.17285 0.01
2 -0.0199 2.10435 0.1
4 0 0.03441 0.1
4 0 2.71195 2
4 0 0.07665 1
4 0 0 1
4 0 1e-05 1
4 0 0.00019 1.01
4 0 0.00016 0.9
4 0 1e-05 0.1
4 0 9.999996e-06 1
4 0 1e-05 0.9
4 0 0.00035 0.2
4 0 0.00018 0.01
4 0 6.000001e-05 0.8
2 -0.01 0.00015 0.06
4 0 0.07592 0.09
4 0 0.02683 0.91
4 0 0 1.09
4 0 9.999996e-06 0.22
4 0 2e-05 1.91
4 0 6.000001e-05 0.78
4 0 0.00062 0.2
4 0 0 0.8
4 0 0.00741 1
4 0 0 0.5
4 0 6e-05 0.1
4 0 1e-05 0.1
4 0 9.999996e-06 0.1
4 0 1e-05 0.1
4 0 9.999996e-06 0.1
4 0 1e-05 1
4 0 0.21273 1
4 0 2.32144 3
4 0 0.00012 1
4 0 4.94323 0.75
4 0 9e-05 1
4 0 0.00047 1
4 0 6e-05 0.25
4 0 2.32587 2
2 -0.01 1.57297 0.03
6 0.01 0.81843 1
4 0 3.67228 0.03
4 0 5e-05 2
4 0 0.00043 1.85
4 0 9.999996e-06 0.15
4 0 5.656395 1
6 0.01 1.750112 0.01
4 0 4.7e-05 4
4 0 9.1e-05 0.89
3 -0.0064 0.411517 0.3
5 0.0064 3.376343 0.99
4 0 0.000371 15.24
4 0 3.3e-05 3
4 0 9.000003e-06 1.55
4 0 3.4e-05 1
4 0 3e-05 21.31
4 0 1e-05 6.45
4 0 0.000561 1
5 0.01 0.001447 0.4
4 0 3.1e-05 1
4 0 0.000109 0.13
4 0 0.000201 0.87
6 0.01 0.021254 1
4 0 0.000392 0.1
4 0 5.000002e-06 0.1
4 0 4.000001e-06 0.1
4 0 0.008501 2
5 0.005 2.066653 1
2 -0.015 4.5784 1
4 0 2e-05 1
4 0 0.00118 1
4 0 2e-04 1
4 0 0.00364 1
4 0 0.00071 1
4 0 0.0014 1
4 0 0.10334 1
4 0 0.12632 1
5 0.0075 3.77045 0.57
5 0.0025 10.71402 1
2 -0.01 1.29682 1
4 0 0 1
4 0 1e-05 1
4 0 0 1
4 0 0 1
4 0 0.00014 1
4 0 1e-05 1
4 0 9.999996e-06 1
4 0 0 2
4 0 1e-05 1
4 0 9.999996e-06 3
4 0 0.00048 1
4 0 0 0.01
4 0 3e-05 1
4 0 0.0075 1
4 0 0 1
4 0 9.999996e-06 0.1
4 0 1e-05 0.1
4 0 0 3.8
3 -0.0061 7.36312 6.14
5 0.0061 0.32271 3.2
6 0.01 0.30641 1
2 -0.01 0.98468 2
4 0 0.00034 1
4 0 0.50277 1
4 0 0.00018 1
6 0.01 0.02268 1
4 0 13.64077 2
4 0 0 1
4 0 1e-05 1
4 0 0.00038 1
4 0 0.00056 1
4 0 0.00179 1
5 0.01 0.01157 1
5 0.009 1.21549 2
5 9e-04 0.00088 0.12
3 -0.001 0.00404 1
4 0 0.02308 1
2 -0.0189 6.576218 1
4 0 2.2e-05 1
2 -0.01 5.000002e-06 2
4 0 3.000001e-06 5
4 0 5.000002e-06 1
4 0 2.999994e-06 6
4 0 1.600001e-05 1
6 0.01 3e-04 0.02
2 -0.01 2.3e-05 1
4 0 1.9e-05 1
4 0 1.9e-05 2
4 0 1.8e-05 0.98
4 0 0.002515 1
4 0 0.000433 1
3 -0.01 0.01987 1
4 0 3.000001e-06 1
4 0 0.000162 2
4 0 3.999994e-06 1
4 0 4.000001e-06 0.22
4 0 4.000001e-06 1
4 0 3.9e-05 1
4 0 7.000002e-06 1
4 0 7.000002e-06 1
4 0 0.000481 4
4 0 0.006215 2
4 0 6.000002e-06 1
4 0 0.000818 0.23
4 0 6.2e-05 0.1
4 0 0.000162 0.77
5 0.01 0.084704 1
2 -0.0105 0.143781 3.09
5 5e-04 1.486644 0.22
4 0 2.525757 0.16
4 0 0.000113 1.57
4 0 6.2e-05 1
4 0 0.00063 1
4 0 6.8e-05 1
4 0 0.042274 0.1
5 0.01 1.473823 0.19
4 0 0.000448 1
4 0 7.000002e-06 1
4 0 0.001553 0.09
4 0 6.054303 0.05
4 0 0.00026 0.15
4 0 0.00635 0.05
4 0 0.0512 1
4 0 0.00396 0.92
4 0 6.42125 0.06
4 0 3e-05 0.6
3 -0.01 0.00026 0.08
5 0.01 0.00765 1
6 0.01 1.40672 1
2 -0.01 1.78828 1
6 0.01 0.00199 1
5 0.01 14.40794 1
3 -0.01 3.72569 0.03
4 0 0.02066 0.22
4 0 1e-05 0.78
4 0 0.11739 1
5 0.01 3.52173 5
2 -0.0199 3.83231 0.01
3 -1e-04 5.20636 1
4 0 0.00431 0.08
4 0 0.00266 1
4 0 0.16726 0.36
6 0.02 6.325099 1
4 0 4.959807 1
4 0 6.999995e-06 0.52
4 0 2.000001e-06 1
4 0 2.000001e-06 0.35
4 0 0.003699 1
6 0.01 0.003765 1
4 0 0.000134 1
4 0 2.799999e-05 1
4 0 4.000001e-06 0.01
4 0 3.000001e-06 0.01
4 0 6.000002e-06 0.08
4 0 4.000001e-06 1
4 0 0.000918 1
6 0.01 0.011015 1
4 0 0.038889 1
4 0 0.053308 0.08
4 0 3.999994e-06 0.92
4 0 2.2e-05 0.01
2 -0.015 0.003981 29.03
5 0.0049 3.882313 0.67
2 -0.0199 2.74671 0.69
6 0.0199 22.53681 3.71
5 1e-04 0.03533 2
4 0 0.00016 0.31
4 0 1.12525 1
3 -0.0053 3.28874 2.95
5 0.0033 0.31845 0.01
3 -0.008 0.26986 0.01
4 0 0.6474 1
4 0 1.2561 1
4 0 0.00019 1
4 0 5.41409 0.1
6 0.01 0.78833 1
3 -0.0064 0.97118 0.5
5 0.0064 0.20271 0.69
4 0 2e-05 1
4 0 0.00585 0.06
4 0 1e-05 1
4 0 8e-05 1
6 0.01 8.09263 0.02
4 0 9.999996e-06 0.53
4 0 0 2
4 0 1e-05 0.4
4 0 0 0.93
4 0 0.00041 0.49
4 0 6e-05 0.12
4 0 0.00014 0.39
5 0.009 0.46147 1.25
5 0.001 0.72918 0.02
4 0 0 0.03
4 0 1e-05 1
4 0 0 1
4 0 9.999996e-06 2
4 0 0 0.29
4 0 9e-05 1
4 0 4e-04 0.2
4 0 0.00043 0.51
3 -0.0028 0.86048 1.25
6 0.0128 19.22864 1
2 -0.0199 5.26306 0.6
6 0.0199 5.62544 1
3 -0.003 2.67756 0.18
2 -0.017 15.9428 0.05
4 0 0.00017 0.15
4 0 0.00022 0.05
4 0 0.03051 0.25
4 0 0.00019 0.75
4 0 3e-05 0.12
4 0 1e-04 0.27
4 0 0.00066 0.08
4 0 0.02727 1
4 0 0.0022 0.31
4 0 0.51143 0.05
4 0 0.50298 0.05
4 0 0.04007 0.06
4 0 0.00012 0.12
4 0 0.00057 0.05
4 0 7e-05 0.06
4 0 0.00061 0.1
4 0 0.00024 1
4 0 1e-05 1
4 0 9.999996e-06 0.01
4 0 2e-04 0.05
4 0 0.00014 0.31
4 0 9.999996e-06 1
4 0 0.00054 0.63
4 0 5e-05 2.23
4 0 0 0.77
4 0 0 0.23
2 -0.01 0.00041 0.05
6 0.015 0.00278 1
2 -0.015 0.01685 0.02
6 0.015 0.09847 1
2 -0.015 0.44919 0.07
4 0 0.38826 0.05
6 0.01 0.59694 1
4 0 0.74718 1
4 0 2.09196 1
4 0 9.999996e-06 1
4 0 0 1
4 0 0 2
2 -0.01 0.00052 0.81
6 0.01 0.00898 1
4 0 1e-05 1
4 0 0.10229 1
4 0 0.00981 1
4 0 6.192972 0.42
2 -0.01 3.6185 0.05
4 0 0.000401 0.19
4 0 4.000001e-06 0.5
4 0 6e-05 1
4 0 1.4e-05 0.95
4 0 0.00024 0.05
4 0 0.001838 0.01
4 0 4.1e-05 2.52
4 0 0.000575 1
4 0 4.2e-05 2
4 0 2.4e-05 0.26
4 0 4.000001e-06 0.24
4 0 0.00033 1.76
4 0 2.1e-05 1
4 0 7.2e-05 2.76
4 0 0.000135 2.24
4 0 0.000435 1.48
4 0 0.000201 1.48
4 0 7.9e-05 1.52
4 0 0.007522 2
4 0 0.000602 2
4 0 0.024146 2
4 0 0.000401 0.03
4 0 0.019076 1
5 0.005 0.003154 1
3 -0.005 2.697039 1
4 0 5.000002e-06 0.03
4 0 9.000003e-06 1
4 0 0.000691 0.03
4 0 3.999994e-06 0.97
6 0.01 0.64766 0.07
4 0 0.000209 3.75
4 0 2.3e-05 1
4 0 0.000253 0.18
4 0 9.5e-05 4.54
4 0 1.2e-05 1
4 0 0 1
4 0 0.000112 0.5
4 0 7.000002e-06 0.61
4 0 0.000445 1
3 -0.005 7.499367 1
2 -0.012 0.00977 2.95
7 0.0269 7.52482 0.02
2 -0.0133 16.46179 3
6 0.0134 8.99532 0.8
4 0 4e-05 1
4 0 0.00011 2
6 0.01 1.35124 0.94
4 0 4.84942 0.05
4 0 0 1
4 0 0 1
4 0 9.999996e-06 0.04
4 0 0 0.91
4 0 8.000001e-05 0.09
4 0 0 0.1
4 0 0.00029 6.11
4 0 1e-04 0.54
4 0 2e-05 1.46
4 0 4.000001e-05 0.54
6 0.01 1.49496 1
4 0 0 2
4 0 0.05071 1
4 0 0.00053 1
4 0 0.04201 2
4 0 6.854907 2.98
4 0 4e-05 2.02
4 0 2.1e-05 1
4 0 0.000357 0.98
4 0 9.999996e-06 1
4 0 3.3e-05 0.02
5 0.01 1.507281 0.06
3 -0.01 2.331833 0.69
4 0 2.684144 2
4 0 0.001787 1
5 0.009 3.600727 12.31
5 0.001 10.99346 1
4 0 0.01412 2
4 0 0 0.01
4 0 1e-05 0.01
4 0 3e-04 1.94
4 0 9.999996e-06 1
4 0 0.00064 0.3
4 0 4e-05 0.06
4 0 4e-05 1
4 0 8e-05 1
5 0.0099 8.64097 0.02
5 1e-04 6.95469 1
4 0 4e-05 1
4 0 4.10326 1
4 0 5e-05 0.1
4 0 9.999996e-06 1.86
4 0 1e-05 2.14
4 0 0 0.1
6 0.01 3.04934 0.05
4 0 0 0.8
4 0 0 1
5 0.01 0.00058 1
4 0 0 0.1
4 0 0 1
4 0 9.999996e-06 1
4 0 0 1
4 0 0.00029 1
4 0 3e-05 1
4 0 0.00147 0.5
6 0.01 0.08115 1
4 0 0.02234 0.05
5 0.01 0.21773 0.1
4 0 0.7298 1
4 0 0.26773 1
4 0 0.00042 1
4 0 0.41901 1
4 0 0.00019 2
4 0 0.00012 1
4 0 0.00185 0.04
4 0 8.999999e-05 0.96
4 0 0.82307 1
3 -0.01 0.00011 2
4 0 9.999996e-06 1
4 0 1e-05 1
4 0 0.00072 1
4 0 0.00134 1
4 0 0.00728 1
2 -0.01 0.02 2
6 0.01 0.00386 1
4 0 0.07823 1
4 0 0.00138 1
4 0 0.39313 1
4 0 1.96244 0.53
4 0 0.00012 0.48
3 -0.0064 1.16808 0.47
5 0.0014 0.40238 1
4 0 0.00023 1
5 0.005 1.77641 0.01
4 0 2.19688 3
4 0 6e-05 0.46
4 0 1e-05 0.1
4 0 0.00035 1
1 -0.0977 9.046913 1
7 0.0977 0.000105 2
4 0 0.000388 2
4 0 2.000001e-06 1
4 0 7.999995e-06 1
4 0 0.000594 0.01
1 -0.0977 0.000562 4
7 0.0977 8.6e-05 2
4 0 3e-05 1
4 0 5.000002e-06 4
4 0 0.000317 2
4 0 2.5e-05 1
4 0 8.999996e-06 1
4 0 0.114245 1
5 0.01 0.406784 1
3 -0.0059 0.360335 0.95
5 0.0039 2.325715 0.02
5 0.002 2.765857 1
4 0 1.05966 1
4 0 0.99317 1
4 0 0.04889 1
4 0 0 0.09
4 0 0 1
3 -0.01 4.05584 1
5 0.01 5.96119 0.31
4 0 0 1
4 0 0.00021 1
6 0.01 0.1152 1
2 -0.01 0.61895 1
5 0.0038 7.81237 1.4
5 0.0062 1.30415 10
3 -0.009 1.57793 1
5 0.004 0.0108 1
3 -0.005 0.00932 1
4 0 0 1
4 0 0 1
4 0 2e-05 1
4 0 9.999996e-06 1
4 0 1e-04 1
4 0 0.00058 1
4 0 0.00016 9
5 0.005 0.03179 1
2 -0.014 0.85837 1
3 -0.001 0.0087 2
4 0 0.00112 2
5 0.005 0.00057 1
3 -0.005 0.00104 1
4 0 1.53443 10
4 0 7.21087 1
5 0.01 14.11469 1
4 0 2.604867 1
6 0.01 1.416307 2
4 0 4.000001e-06 0.54
4 0 4.000001e-06 1
4 0 7.000002e-06 1
4 0 0.000377 1
4 0 1e-06 1
4 0 1.5e-05 0.1
4 0 5.000002e-06 1
4 0 0.00054 1
4 0 0.00269 1
6 0.01 5.903923 0.02
2 -0.0199 2.37025 0.28
6 0.0199 13.5048 0.23
4 0 0.00012 0.5
1 -0.0214 4.0111 1
4 0 6e-04 1
7 0.0214 0.0321 1
1 -0.02 1.05525 0.01
5 0.001 1.25475 0.08
4 0 0.10125 0.24
6 0.019 10.9571 0.7
4 0 9.999996e-06 0.07
4 0 4.48918 1
4 0 0.00055 1
4 0 0.20009 1
4 0 0.63112 1
4 0 0.04834 0.03
5 0.01 0.02234 1
4 0 0 0.1
4 0 9.999996e-06 0.04
4 0 8.000001e-05 1
4 0 0.35493 0.5
6 0.01 1.39312 1
4 0 0.00012 1
4 0 1.47894 1
4 0 9.999996e-06 2
4 0 2e-05 1
4 0 5e-05 1
4 0 3e-05 0.01
4 0 0 1
4 0 9.999996e-06 1
4 0 1e-05 1
4 0 0.00012 0.02
4 0 0.00052 1
4 0 0.00546 1
4 0 0.00227 1.98
4 0 0.10294 1
4 0 14.73737 0.5
4 0 2.5e-05 1.14
4 0 0.152821 1.86
4 0 1.790664 0.29
4 0 2.761636 1
3 -2e-04 3.54161 0.8
4 0 0.20919 2.76
3 -0.0098 1.07826 2
4 0 0 0.14
4 0 0.00046 0.86
4 0 0 2
4 0 4e-05 0.14
4 0 3e-05 0.86
4 0 5e-05 1
4 0 9.999996e-06 0.14
4 0 0.0015 1
4 0 7e-05 8
4 0 0 0.01
4 0 3e-04 0.86
5 0.005 0.00413 1
3 -0.005 0.00569 1
4 0 2e-05 0.1
4 0 7e-04 2
4 0 0.04645 1
4 0 0.05778 1.52
4 0 1e-04 0.38
4 0 0 1.12
4 0 0.00065 1
4 0 0.00013 0.88
3 -0.01 0.75965 0.05
4 0 0.00056 0.08
4 0 6e-05 0.05
4 0 3e-05 0.14
4 0 0.00063 0.08
4 0 0.00229 0.05
4 0 0.00098 0.05
4 0 0.00364 0.05
5 0.005 1.16972 1
4 0 0.00467 1
5 0.005 0.00169 1
4 0 6.000001e-05 0.88
4 0 3e-05 0.15
4 0 0.00063 1
4 0 0.0026 0.12
6 0.01 0.00366 0.88
3 -1e-04 0.31549 0.05
2 -0.0199 0.76789 1
6 0.0101 4.89225 0.01
3 -1e-04 0.22247 1
4 0 0.32641 2
4 0 0.00035 1
4 0 9.999996e-06 0.69
4 0 1e-05 1
4 0 0.00058 5
4 0 3.01682 0.38
4 0 1.43836 0.62
4 0 0.00039 1
6 0.01 0.01174 0.13
2 -0.01 0.00202 0.13
4 0 3.0339 0.26
4 0 13.58604 0.5
4 0 1e-05 0.5
4 0 0.01049 1
4 0 0 2
4 0 0.08198 1
4 0 0.07384 1
3 -0.003 0.0463 1
3 -0.002 0.26795 6
3 -0.005 0.25561 0.08
5 5e-04 0.34435 0.96
5 0.0095 1.47156 0.2
4 0 0.00043 1
5 0.008 3.54546 0.01
3 -0.008 0.00391 0.01
3 -0.01 0.67761 1
4 0 0 0.61
4 0 2e-05 2.39
4 0 9.999996e-06 1
4 0 8.000001e-05 1
4 0 0.00018 1.61
4 0 0.00011 0.89
4 0 0 1
4 0 1e-05 1
4 0 0.00088 0.92
4 0 0 1
4 0 0.00457 1
4 0 0.00435 2.12
4 0 0.00032 0.1
4 0 0.00032 0.78
2 -0.01 0.00049 0.1
6 0.01 0.00971 0.1
4 0 1e-05 0.1
4 0 0.00023 0.1
4 0 1e-05 0.1
4 0 9.999996e-06 0.1
4 0 2e-05 0.1
4 0 1e-05 0.1
4 0 0 0.3
5 0.005 0.0121 1
3 -0.005 0.03484 0.14
4 0 0.01229 0.61
4 0 8.801817 0.52
4 0 2.7e-05 0.48
4 0 9.5e-05 0.54
4 0 0.000113 0.46
4 0 0.792154 1
4 0 0.00682 2
4 0 1e-06 1
2 -0.01 0.006606 1
4 0 4.000001e-06 1
4 0 3.000001e-06 1
4 0 5.000002e-06 1
4 0 2.999994e-06 1
4 0 3.000001e-06 1
4 0 0.000133 2
4 0 0.000641 1
2 -0.01 0.103966 1
4 0 4.000001e-06 1
7 0.02 0.532713 1
1 -0.03 2.199674 0.61
3 -0.0075 1.411803 0.73
5 0.0055 2.457584 0.02
3 -0.008 1.424063 2
4 0 3.999994e-06 1
4 0 3.000001e-06 0.01
4 0 4.000001e-06 1.99
4 0 0.00095 1
4 0 7.000002e-06 1
4 0 2.799999e-05 1
4 0 1e-06 1
3 -0.0032 5.508181 0.09
7 0.0469 9.94818 1
4 0 0.00125 1
1 -0.0437 1e-04 1
4 0 0 1
4 0 9.999996e-06 1
4 0 4.000001e-05 3
4 0 0.00033 0.05
4 0 6e-05 1
4 0 0.00177 2
6 0.01 0.02119 0.36
3 -0.0099 0.3389 0.01
3 -1e-04 0.84236 0.09
5 0.0014 3.95892 1.5
5 0.0036 7.3945 1
5 0.001 0.00854 0.11
3 -0.006 0.28832 1
4 0 1.27494 1
4 0 0 0.82
4 0 0.00114 1
4 0 5e-05 1
4 0 3e-05 1
4 0 0.00014 0.18
3 -0.01 0.56545 1
4 0 1e-05 1
4 0 0.03896 0.22
4 0 0.00044 1
4 0 0.00024 0.78
2 -0.01 0.40916 1
4 0 0.00015 1
3 -0.008 3.01456 0.17
5 0.008 9.47388 0.1
4 0 2.88468 1
6 0.0162 0.39079 1
2 -0.0163 2.52146 10.5
5 1e-04 1.180203 0.14
3 -1e-04 6.449354 0.01
3 -0.0099 4.615563 1
4 0 1e-05 1
4 0 0 0.85
5 0.005 5.2395 0.01
5 0.005 0.00708 0.13
3 -0.0099 3.78381 0.01
5 0.0099 1.80045 1
4 0 9.999996e-06 1.6
4 0 4e-05 1
4 0 0.00011 1
4 0 3e-05 2.86
4 0 2e-05 1
6 0.01 0.00039 1
4 0 0 1
4 0 9.999996e-06 1
4 0 0 0.01
2 -0.01 0.00015 1
6 0.01 9e-05 1
4 0 8e-05 0.99
4 0 2e-05 0.01
5 0.01 0.02888 1
4 0 0.01943 1
4 0 0.00072 1
4 0 0.22418 0.15
3 -1e-04 1.05729 0.02
5 1e-04 0.06247 2
3 -0.0013 2.15813 1
3 -1e-04 0.00023 1
5 0.0014 0.00356 1
4 0 0.00133 1
4 0 0.1067 1.5
3 -0.0014 0.00269 1.5
5 0.0014 0.13791 1
4 0 1.86441 4.5
4 0 5.0591 0.29
4 0 0.00012 1
4 0 2.34798 0.42
4 0 0.00016 1.71
4 0 1e-05 1
4 0 0.00047 2
4 0 0 0.01
4 0 8e-05 0.01
4 0 1e-05 0.02
4 0 0.00045 0.58
4 0 9.999996e-06 0.01
3 -0.01 0.00279 1
4 0 0 0.49
5 0.01 0.00411 2
2 -0.0101 4.46353 1
7 0.0201 1.69426 1
4 0 4e-05 1.99
4 0 0.00011 0.59
4 0 0.00018 1.03
4 0 3e-05 1.87
4 0 1.48008 2
4 0 9.999996e-06 1
4 0 0.00038 2
5 0.0099 6.39466 0.03
3 -0.0099 5.10922 0.56
2 -0.01 1.51059 0.05
6 0.01 0.00885 0.44
2 -0.01 0.00219 1
4 0 2.90701 0.69
4 0 0.00017 0.69
4 0 0 0.31
4 0 2e-04 1
4 0 0.00087 1
4 0 0.00017 0.31
4 0 0.0113 1
3 -0.01 1.445339 0.51
4 0 4.510002e-06 0.6
4 0 0.0003791 0.4
4 0 3.032703 1
2 -0.01 0.073034 1
4 0 0.00032 1
4 0 2.927243 0.17
3 -0.005 0.761861 0.03
5 0.005 1.209431 5
4 0 2.024236 0.01
4 0 4e-05 1
4 0 0 0.03
4 0 0 2
4 0 0.00033 0.16
4 0 3e-05 3
4 0 2e-05 0.83
6 0.01 0.00018 0.34
4 0 0.00016 0.47
4 0 15.09719 1
4 0 2e-05 1
4 0 0 0.22
4 0 1e-04 1
4 0 0.00023 0.44
4 0 4.000001e-05 0.56
5 0.01 2e-05 0.75
4 0 5e-05 0.25
3 -0.0064 0.1586 0.15
5 0.0064 0.16079 1
3 -0.01 2.75735 0.42
6 0.0108 2.82087 0.15
2 -0.0108 11.98472 1
7 0.03 7.27308 1
3 -0.01 34.66048 0.73
3 -0.0072 3.13328 0.5
5 0.0072 6.91869 0.06
2 -0.0148 6.50017 1
4 0 0.00093 1
6 0.0148 4.82621 1.5
2 -0.019 2.75952 0.29
5 0.0011 6.42641 1.75
6 0.0179 6.61806 1
4 0 5.000002e-06 0.32
4 0 3.000001e-06 1.6
4 0 0.000209 1
4 0 0.879231 1
5 0.01 24.71022 0.2
4 0 0 1
4 0 1e-05 1
4 0 0.00037 1
4 0 9.999996e-06 1
6 0.01 0.00049 0.1
4 0 4e-05 0.9
4 0 1e-05 0.1
2 -0.01 1e-05 1
5 0.0025 0.10475 1
5 0.0059 3.21808 0.06
3 -0.0034 2.6988 0.04
5 0.005 6.78401 1
4 0 0.49037 0.61
4 0 2.88077 0.39
4 0 3e-05 0.51
4 0 9.999996e-06 0.49
4 0 0.00018 1
4 0 0.00042 0.51
4 0 0.00061 0.78
4 0 1e-05 1
4 0 0.00053 0.5
4 0 7e-04 0.49
4 0 0.00111 0.86
4 0 2e-05 1
4 0 9.999996e-06 4.24
4 0 5e-04 2
4 0 0.00027 43.52
4 0 5e-05 1
6 0.01 0.00067 1
4 0 0 0.05
4 0 0 1.6
4 0 1e-05 4.89
4 0 0.00046 0.11
4 0 0 0.02
4 0 0.0136 1
4 0 0.00116 1
5 0.01 0.02349 0.04
4 0 0.25844 0.02
3 -0.01 0.01162 3
4 0 6.11818 1
4 0 0 1
4 0 9.999996e-06 1
4 0 0 1
4 0 0 4
4 0 1e-05 1
4 0 0 1
4 0 9.999996e-06 1
4 0 0.00034 1
4 0 0.00048 1
2 -0.01 0.01263 2
4 0 0 1
4 0 0.00074 1
4 0 9.999996e-06 1
4 0 0 1
4 0 0 1
4 0 1e-05 1
4 0 0.00015 1
4 0 0.00023 0.35
4 0 0.00027 2
4 0 0 1
4 0 0.00012 0.65
6 0.01 0.02535 0.33
4 0 18.06736 0.01
2 -0.01 8.489062 1
4 0 0.08895 1
4 0 9.999996e-06 1
4 0 0 0.09
4 0 0.00035 1
4 0 2e-05 3
4 0 0 1
4 0 1e-05 1
4 0 9.999996e-06 0.01
2 -0.01 0.00041 1
4 0 0.00013 1
4 0 0.00035 2
4 0 0 3
4 0 9.999996e-06 0.51
4 0 0.00016 1
4 0 9.999996e-06 1
4 0 0 1
4 0 1e-05 2
4 0 2e-05 1
4 0 0.00029 2
4 0 0 2
4 0 0 2
5 0.005 0.00094 1
3 -0.0051 15.20377 0.41
5 1e-04 15.05495 0.87
4 0 1e-05 0.13
4 0 0 1
4 0 3e-05 5
4 0 0.00016 2
7 0.02 7.4124 0.99
4 0 3e-05 1
5 0.01 1.00955 0.87
4 0 0.79391 1
6 0.01 4.837881 1
4 0 4.000001e-06 5
4 0 5.000002e-06 1
4 0 0.000356 1
6 0.01 0.789459 1
4 0 1.952687 0.02
4 0 3.873193 1
5 0.01 0.816501 2
4 0 2.011194 1
4 0 0 1
3 -0.0028 1.75376 0.11
6 0.0127 0.08883 0.25
3 -9e-04 11.23344 1.7
5 0.001 1.85121 1
4 0 0.00037 1
2 -0.01 6.44371 1
5 0.0036 8.57996 0.02
5 0.0064 7.26057 1
2 -0.01 0.41388 1
5 0.003 1.81092 0.5
5 0.0069 0.51347 1.46
3 -0.0099 11.72031 1
4 0 0.000159 1
4 0 0.010807 0.44
6 0.01 19.68278 0.1
4 0 0 0.9
4 0 4.54807 0.04
4 0 0.00286 1
4 0 0.00341 1
6 0.01 9.999996e-06 0.05
4 0 0 1
4 0 1e-05 0.3
2 -0.01 0.00123 0.96
6 0.01 0.01214 9
4 0 20.32964 1
3 -0.0036 4.42062 0.24
3 -0.0014 0.02886 1
3 -0.005 2.82259 1
4 0 0 2
4 0 0.00019 1
4 0 0 1
4 0 1e-05 1
4 0 9.999996e-06 2.11
4 0 9e-05 0.5
4 0 2e-05 1
4 0 2e-05 1
4 0 0.00012 0.89
2 -0.01 5e-05 1
4 0 1e-05 1
4 0 0.00017 2
4 0 1e-05 0.75
4 0 0 0.24
4 0 1e-04 0.01
4 0 0 0.99
4 0 0.00011 1
6 0.01 4e-05 0.5
4 0 0 1
4 0 0 0.01
4 0 0 1
2 -0.01 0.00036 0.01
4 0 3e-05 1
4 0 3e-05 1
4 0 1e-05 1
4 0 0 0.25
4 0 0.00031 0.75
6 0.0131 0.00024 0.5
2 -0.0131 0.00029 2
4 0 4e-05 1
4 0 0.00028 1
5 0.005 0.00026 1
5 0.005 3e-05 1
2 -0.01 5e-05 1
3 -0.01 0.00484 1.25
4 0 6e-05 0.54
4 0 5e-05 0.21
5 0.0099 0.48545 0.08
3 -0.0099 0.0181 0.28
4 0 0 0.72
4 0 3e-05 0.28
4 0 0 2
4 0 0.00094 0.01
2 -0.01 0.00084 0.28
4 0 9.999996e-06 1
4 0 0 1
2 -0.01 0.0046 0.29
4 0 0 1
4 0 1e-05 0.71
4 0 5e-05 0.29
4 0 0.00093 0.71
4 0 0 0.29
4 0 0.00085 1
4 0 0.00027 0.01
3 -0.01 1.00969 0.02
5 0.0043 0.52618 1.38
5 7e-04 0.68187 1
4 0 0.00011 1
3 -0.005 13.13937 1
4 0 4.00872 0.01
2 -0.01 2.02686 0.36
5 1e-04 13.21847 0.03
6 0.0104 26.23376 1.91
5 0.0031 0.99204 0.47
3 -0.0036 2.99449 1
4 0 0 1
4 0 0 0.01
4 0 4e-05 1
4 0 2e-05 1
4 0 0.00069 1
4 0 0 2
4 0 2e-04 2
4 0 0.00751 1
4 0 4.000001e-05 1
4 0 0 1
4 0 0 1
4 0 0 1
4 0 9.999996e-06 2
4 0 3e-05 1
4 0 9.999996e-06 1
4 0 1e-05 1
4 0 0 1
4 0 2e-05 0.1
4 0 9.999996e-06 1
4 0 1e-05 1
4 0 6e-05 1
4 0 0.00046 1
4 0 4.819062 0.96
4 0 0.000318 0.64
4 0 5.999995e-06 0.6
4 0 3.3e-05 0.6
4 0 5.000002e-06 0.4
4 0 1.3e-05 0.05
4 0 9.999996e-06 0.6
4 0 3.000001e-06 0.4
4 0 1.9e-05 0.4
4 0 4.100001e-05 0.04
4 0 0.00045 0.6
4 0 3.7e-05 0.4
4 0 0.000975 1
3 -0.0038 1.344681 0.44
3 -0.0042 0.439732 1.02
3 -0.002 0.023039 0.43
6 0.02 7.078026 0.15
3 -4e-04 16.58821 0.2
2 -0.0196 7.95242 0.03
5 1e-04 0.00174 0.03
3 -1e-04 0.00047 0.12
5 1e-04 0.00161 0.12
5 0.0099 3.82775 1
4 0 0.00015 1
4 0 3e-05 1
2 -0.01 0.00619 1
4 0 9.999996e-06 1
4 0 0 1
4 0 0.00017 1
4 0 0 2
4 0 0.00071 1.1
3 -1e-04 4.50829 0.02
2 -0.0199 22.82934 0.27
4 0 4.000001e-06 1
4 0 2.000001e-06 1
4 0 2.000001e-06 1
4 0 5.000002e-06 1
4 0 2.999994e-06 0.73
4 0 0.000125 1
4 0 0.000253 1
4 0 0.000257 1
4 0 0.002205 0.93
2 -0.01 0.020493 0.47
4 0 3.3e-05 1.03
4 0 2.000001e-06 0.28
3 -0.01 3.894656 1
5 0.01 9.18886 1
3 -2e-04 0.2285 0.6
3 -0.0018 0.75171 0.03
3 -0.008 4.23401 0.02
4 0 0.00065 0.01
4 0 5e-04 1
4 0 9.999996e-06 1.5
4 0 0 0.27
4 0 0 2
4 0 1e-05 0.22
4 0 2e-05 0.78
4 0 0.00034 0.88
4 0 9.999996e-06 1.98
4 0 1e-05 0.66
4 0 5e-05 0.12
4 0 4e-05 0.34
5 1e-04 0.00053 0.02
4 0 0.00097 0.01
2 -0.0101 4.35207 1.5
4 0 9.999996e-06 0.27
4 0 0.00068 1
2 -0.01 3.30072 0.7
4 0 1.02537 0.3
6 0.01 0.00184 0.3
2 -0.01 0.00122 1
4 0 0 1
4 0 1e-04 1
4 0 0.00064 1
6 0.01 0.00231 1
2 -0.02 9e-05 1.5
4 0 1e-05 0.27
4 0 0 1
4 0 9.999996e-06 1
4 0 0.00012 1
4 0 0 1
6 0.02 0.00051 1
4 0 6e-05 1
4 0 0.00035 1
1 -0.03 0.00167 1.24
4 0 7e-05 1
6 0.02 0.00014 1
4 0 0.00055 1
4 0 0.00055 1.5
4 0 0.00055 0.27
4 0 0.00012 1
4 0 0.00045 1
3 -0.01 6e-04 1
4 0 0.00054 1.24
4 0 0.41054 1
4 0 0.00033 1
4 0 9.999996e-06 0.1
4 0 0 0.1
4 0 1e-05 1
4 0 5e-05 1
4 0 0.00071 1
2 -0.01 0.00184 1
6 0.02 0.01803 2
4 0 0.00017 0.1
4 0 0 1
4 0 1e-05 0.1
4 0 0 0.1
4 0 3e-04 1
4 0 2e-04 1
4 0 0.0814 1
2 -0.02 7.89508 1
6 0.02 5.14475 0.8
3 -0.01 3.88334 1
5 0.01 3.22823 1
3 -0.01 2.32047 1
4 0 0.74926 0.1
6 0.02 0.04515 1
4 0 0 0.03
4 0 9.999996e-06 0.88
4 0 0 0.85
4 0 1e-05 0.71
4 0 5e-05 2.24
4 0 3e-05 0.05
4 0 1e-05 0.19
4 0 0.00028 0.65
4 0 3e-05 1.31
4 0 0 0.35
4 0 3e-05 0.69
3 -0.0069 1.594571 5.21
5 0.0069 0.486886 1
3 -0.0099 0.312329 0.15
6 0.0149 0.237009 0.04
5 0.005 8.346235 0.24
4 0 13.65667 1
4 0 0.00258 0.5
3 -0.0063 4.88488 22.12
3 -0.0017 23.78936 0.07
5 0.008 12.18144 1.6
4 0 5.000002e-06 1
4 0 0.000353 1
4 0 2.000001e-06 0.4
4 0 6e-05 0.6
5 0.01 0.000515 0.35
3 -0.01 4.000001e-06 1
5 0.01 1.1e-05 0.5
4 0 2.2e-05 0.15
4 0 3.999994e-06 0.01
4 0 5.000002e-06 1
4 0 8.1e-05 1
4 0 4.000001e-06 1
4 0 0.001193 1
6 0.01 0.279672 1
2 -0.01 8.852968 1
6 0.01 1.52314 1.6
4 0 9.999996e-06 1
4 0 4e-05 1
4 0 18.4003 0.25
4 0 0.11807 1
4 0 15.12604 1
5 0.01 2.15838 2
3 -0.01 0.00275 2
5 0.01 0.00305 1
3 -0.01 0.01435 1
4 0 0.00078 1
4 0 0.00127 0.25
4 0 0 1
4 0 1e-05 0.01
4 0 0 1
4 0 0 1
4 0 9.999996e-06 1
4 0 0 1
4 0 1e-05 1
4 0 0 1
4 0 2e-04 0.75
4 0 0 2
4 0 1e-05 0.25
4 0 0.00017 0.75
4 0 0.00027 2
5 0.01 0.00157 1
4 0 0.00148 1
3 -0.01 0.09771 1
4 0 4.36867 1
4 0 1.00391 0.05
4 0 1.65916 1
2 -0.01 0.5368 0.94
6 0.01 2.033663 0.2
3 -1e-04 2.876856 1.35
3 -0.0099 0.052675 1.06
4 0 0.002555 1
4 0 4.000001e-06 1
4 0 0.000152 1
4 0 6.999995e-06 0.02
4 0 0.000659 1
4 0 8.285279 0.23
4 0 0.33947 0.04
4 0 0.0011 0.05
5 0.0019 7e-04 0.04
5 0.0011 0.00089 0.04
4 0 0.00057 0.05
4 0 0.00203 0.05
3 -0.003 0.00202 0.04
4 0 0.00223 0.05
4 0 19.13256 1
4 0 0.00016 0.91
7 0.0254 9.23962 4
4 0 0.00228 2
2 -0.0154 0.70576 0.42
3 -1e-04 0.00115 0.42
3 -0.0099 1.7938 1
4 0 0 2
4 0 0 1
4 0 1e-05 2
4 0 0 1
4 0 0.00016 0.98
4 0 1e-05 1
4 0 9.999996e-06 1
4 0 1e-05 1
4 0 0 0.01
4 0 9.999996e-06 2
4 0 0.00029 1
3 -0.01 0.00042 1
4 0 0 0.5
4 0 1e-05 1.1
4 0 0 1
4 0 2e-05 0.4
4 0 0 1
4 0 9.999996e-06 1
4 0 0 1
4 0 0 0.91
4 0 1e-05 0.09
4 0 9.999996e-06 1
4 0 0 2
4 0 0 2
2 -0.01 3e-04 1.35
6 0.01 0.00038 1
4 0 0 1
4 0 9.999996e-06 2
4 0 0.00884 2
3 -0.005 0.07287 1
5 0.005 0.03497 1
2 -0.01 1.73621 1
4 0 1e-05 1
4 0 5e-05 1
2 -0.01 0.00011 1
4 0 0 0.29
4 0 0 0.71
4 0 3e-05 0.29
4 0 0.00035 0.96
4 0 6.000001e-05 0.04
4 0 2e-05 1
4 0 9.999996e-06 1
3 -0.01 7.44277 1
4 0 0.00013 1
4 0 4e-05 3
2 -0.01 0.00139 1
2 -0.01 5.66567 1
4 0 0 1
3 -0.01 0.00555 0.25
4 0 0.39978 1
5 0.01 0.00029 0.07
4 0 9.999996e-06 0.03
4 0 0.0108 2
4 0 0.9159501 0.71
2 -0.02 0.5515625 0.4
4 0 0.0001896 0.3
4 0 0.0001296 0.1
4 0 0.0002155 0.1
4 0 0.0001642 0.1
2 -0.01 0.0004913 0.1
4 0 0.0004882 0.1
4 0 4.21915 0.1
6 0.015 2.055159 2.44
5 0.005 18.47915 0.05
1 -0.02 8.25318 1
6 0.01 0.41461 1
4 0 0.53492 1
4 0 0.00035 1
6 0.01 0.00022 1
4 0 9.999996e-06 0.8
4 0 0.00032 1
5 0.0072 1.99457 4.07
2 -0.0172 0.00204 1
6 0.0172 0.20157 0.01
2 -0.0172 3.92817 0.1
4 0 0.00093 0.1
5 0.0041 2.52452 4
5 0.0064 0.76789 6.58
6 0.0122 4.90959 10
1 -0.0227 8.18425 0.81
7 0.0415 0.56426 1
4 0 0.00183 1
4 0 0.00011 1
1 -0.0414 14.81025 0.35
6 0.0116 5.49461 2.5
6 0.0183 19.08613 2.05
4 0 8e-05 1.22
4 0 1e-05 0.78
4 0 9.999996e-06 0.22
2 -0.015 9e-05 1
6 0.015 1e-05 1
4 0 0.00028 1
6 0.01 11.22737 0.05
2 -0.0187 44.66519 1
4 0 0.00064 1
4 0 0.00017 1
4 0 0.00047 1
5 0.0037 2.79939 1
3 -0.0049 14.67808 0.29
4 0 7.2073 0.26
5 0.0099 6.79563 1
4 0 5.000002e-06 1
2 -0.01 0.002117 2
4 0 5.000002e-06 1
4 0 3.000001e-06 1
4 0 4.000001e-06 0.35
4 0 3.9e-05 1
4 0 0.000116 1
4 0 1.600001e-05 1
4 0 3.999994e-06 1
4 0 0.000642 0.1
4 0 0.000438 1
5 0.005 0.000323 1
3 -0.005 0.000149 1
4 0 0 0.01
4 0 0 1
4 0 7.5e-05 1
4 0 0.00381 1
4 0 0.003879 1
5 0.005 0.000702 2
3 -0.005 0.058994 1
4 0 0.131716 0.09
4 0 20.30369 1
4 0 4e-05 1
4 0 0.00071 1
3 -0.0028 21.24624 1.35
6 0.0128 5.42761 1
4 0 0 0.8
4 0 1e-05 0.03
4 0 0.00026 1
4 0 1e-05 1
4 0 0.00058 1
4 0 0 1
6 0.01 0.00473 1
4 0 0.21789 1
4 0 1.7543 1
4 0 7.080526 0.22
4 0 0.0003568 1
4 0 0.0060421 1
5 0.01 4.680476 0.05
4 0 5e-05 1
4 0 0.000693 1
4 0 0.019972 1
4 0 0.100188 1
3 -0.0099 8.065956 0.02
3 -1e-04 0.00282 0.02
4 0 2.64034 0.8
4 0 7.19749 0.2
5 0.01 0.00639 1
4 0 0.00461 0.73
4 0 17.66869 1
4 0 9.999996e-06 1
4 0 0.00017 1
4 0 0.00049 1
6 0.01 1.55263 1
4 0 0.00053 2.9
4 0 0 1
4 0 1e-05 0.02
4 0 0 1
4 0 0.00011 0.08
4 0 0.00025 0.92
4 0 0.00038 1
6 0.01 0.00068 0.05
2 -0.01 0.02148 1
5 8e-04 0.25609 0.35
3 -0.0098 14.50143 0.05
5 0.0079 0.859 0.5
7 0.0211 6.184016 0.05
4 0 4.000001e-06 0.01
4 0 4.4e-05 1
3 -0.01 0.000127 1
5 0.01 5.020861 0.5
3 -0.01 17.92327 0.22
4 0 2e-05 0.78
4 0 0.00166 1
4 0 1e-05 1
4 0 0 2
4 0 9.999996e-06 1
4 0 0 1
4 0 0.00022 1
4 0 3e-05 1
4 0 1e-05 1
4 0 0.00012 0.01
4 0 0.00035 2
4 0 0 1
4 0 0 1
4 0 0 2
2 -0.01 0.00017 1
4 0 3e-05 1
6 0.01 0.00492 1
4 0 0.00509 1
2 -0.01 0.02749 1
6 0.01 0.07329 1
2 -0.01 3.78729 1
4 0 0.00021 1
4 0 0.00057 1
4 0 3.43729 1
4 0 0.00121 1
4 0 0.36748 1
3 -0.008 12.97267 0.04
5 0.004 2.57563 5
5 0.004 3.25054 1
4 0 0 1
4 0 0 1
4 0 5e-05 1
6 0.01 15.94691 1
4 0 5e-05 1
4 0 0.00074 1
3 -0.0025 3.89204 0.05
3 -0.0074 16.06054 0.08
5 0.0099 8.46709 2
2 -0.01 1.61609 1
4 0 9.999996e-06 0.89
4 0 1e-05 1
4 0 0 1
4 0 9.999996e-06 1
4 0 0 1
4 0 0 1
4 0 0.00015 0.01
4 0 0 2
4 0 0.00022 1
4 0 0.00036 1
4 0 4.000001e-05 1
6 0.01 0.00098 1
1 -0.02 0.00288 0.11
6 0.01 0.20021 1
2 -0.01 0.07488 0.5
6 0.01 1.57077 1
5 1e-04 12.24568 0.6
3 -1e-04 18.85949 1
4 0 1e-05 1
4 0 0 0.13
4 0 2.10779 0.41
4 0 0.02868 1
4 0 2.41948 1
5 0.005 21.01967 1
3 -0.005 3.3739 1
4 0 0 2
4 0 9.999996e-06 2
4 0 0 1
4 0 1e-05 1
4 0 0.00031 1
4 0 1e-05 1
4 0 9.999996e-06 0.01
4 0 1e-05 1
4 0 1e-05 1
4 0 9.999996e-06 1
4 0 0 1
4 0 1e-05 0.94
4 0 3e-05 0.06
4 0 1e-05 0.94
4 0 0.00042 0.06
4 0 0.00036 0.01
4 0 2.000001e-05 1
4 0 0 0.99
4 0 0.00042 0.01
4 0 4e-05 1
2 -0.01 0.00717 2
4 0 9.999996e-06 1
4 0 2e-05 0.8
4 0 5e-05 0.2
4 0 0 1
4 0 9.999996e-06 1
4 0 0 1
4 0 0 1
4 0 1e-05 1
4 0 0 1
4 0 9.999996e-06 1
4 0 0 1
4 0 0.00025 1
4 0 7e-05 1
4 0 0 1
4 0 9.999996e-06 1
4 0 1e-05 1
4 0 0 0.89
4 0 0.00636 1
4 0 0.00088 0.01
4 0 0.0233 2
3 -0.01 0.02776 0.63
6 0.02 0.02568 1
2 -0.01 3.89559 1
4 0 0.00014 1
6 0.01 0.00046 1
4 0 0.00016 1
4 0 0.00022 1
2 -0.01 0.39753 1
4 0 2.08256 1
3 -0.0099 3.89396 0.24
5 0.0035 1.66698 0.3
3 -0.0016 4.28508 0.74
5 0.0041 1.42765 0.07
3 -0.0061 15.42317 1
4 0 16.35107 0.36
5 0.007 0.00727 0.36
3 -0.007 0.00783 1
4 0 0.00015 1
4 0 0 3
4 0 0 1
4 0 1e-05 1
4 0 0 1
4 0 9.999996e-06 1
4 0 0.00034 1
2 -0.01 0.00054 1
4 0 0 0.93
4 0 3e-05 0.07
4 0 0.00039 0.27
4 0 0.00056 0.12
4 0 4e-05 0.34
4 0 0.00658 1
4 0 0.04918 0.24
5 0.005 1.45194 1
3 -0.0049 30.67403 0.07
3 -1e-04 0.003241 0.07
5 0.004 7.621786 1.9
5 0.001 1.97378 1
5 0.005 9.999996e-06 0.14
4 0 0 0.03
4 0 1e-05 1
4 0 3e-05 1
4 0 0 1
4 0 6e-05 1
4 0 4e-05 1
4 0 9.999996e-06 1
4 0 1e-05 1
4 0 0 0.4
4 0 6.13882 0.52
5 0.01 12.95991 0.59
3 -0.005 0.84501 1
3 -0.005 0.16313 1.69
5 0.0039 0.00334 1.69
3 -0.0039 0.01008 0.01
4 0 0.00056 0.03
4 0 7e-05 0.99
4 0 4e-05 1
4 0 0.00011 1
4 0 0.00265 1
4 0 0.00113 1
4 0 7e-05 1
4 0 0.00097 1
5 0.0039 0.00195 1
4 0 0.00032 1
4 0 0.00046 1
4 0 0.00084 1
3 -0.0039 0.00011 0.88
5 0.0039 9e-05 1
3 -0.0039 4e-05 0.97
4 0 1e-05 1
5 0.0039 0.00042 1
4 0 0.00037 1
4 0 0.00027 1
3 -0.0039 0.00016 0.01
4 0 0 0.99
4 0 6e-04 0.01
4 0 0.09961 1
4 0 0.0527 1
4 0 0.26849 1
4 0 21.07624 1
4 0 7e-05 0.06
4 0 0 1
3 -0.005 3e-05 0.03
5 0.005 2e-05 0.97
4 0 2e-05 1
4 0 6.000001e-05 0.03
5 0.01 0.00061 0.87
3 -0.01 2.07269 1
5 0.005 14.0777 5
3 -0.0018 5.74893 2.16
5 0.0068 4.53085 0.41
4 0 0 0.59
4 0 4e-05 0.07
4 0 0 0.03
4 0 1e-05 0.4
4 0 1e-04 1
4 0 2e-05 0.13
4 0 0 0.87
4 0 0.00011 0.13
4 0 0.00039 1
4 0 35.22313 1.85
5 0.0039 0.00372 1.85
5 0.0043 4.540594 1
5 0.0018 2.743329 0.12
2 -0.01 1.564577 1
4 0 5.000002e-06 1
4 0 3.000001e-06 1
4 0 4.000001e-06 1
4 0 3.999994e-06 1
4 0 3.000001e-06 1
4 0 2.3e-05 1
4 0 0.000276 1
4 0 2e-05 0.01
4 0 4.000001e-06 1
4 0 6.000002e-06 0.9
4 0 4.5e-05 0.1
4 0 0.000546 1
4 0 0 1
4 0 3.8e-05 1
3 -0.01 0.000813 1
4 0 4.000001e-06 1
4 0 0.000166 1
4 0 8.000003e-06 1
4 0 0.000123 1
4 0 0.00061 1
6 0.015 0.00392 1
2 -0.015 0.001669 1
2 -0.01 0.044914 0.9
4 0 0.118208 1
5 0.005 16.40572 1
3 -0.005 2.4321 0.02
4 0 9.80588 0.06
5 0.005 3.84678 0.25
5 0.0049 31.36093 0.08
3 -0.0099 8.74865 3
4 0 1e-05 1
4 0 0 0.01
4 0 9e-05 1
4 0 2e-05 1.98
4 0 0.00063 2
4 0 0 0.58
4 0 4e-05 0.38
4 0 0.00012 1.04
2 -0.01 0.00141 1
4 0 0.00015 1
3 -0.01 0.00133 1
5 0.01 0.00484 1
6 0.01 0.1107 1
2 -0.01 1.88537 1
3 -0.005 2e-05 1
5 0.005 1e-05 1
4 0 0.00011 1
4 0 5e-05 0.1
4 0 0.01003 1
6 0.01 2.87936 1
4 0 9.999996e-06 1
4 0 0.00036 2
4 0 0.06827 0.33
6 0.01 0.78489 1
2 -0.01 2.18207 1
6 0.0164 7.06753 3
4 0 0.00073 5
2 -0.0164 1.88021 1
4 0 0.00164 1
4 0 3e-05 1
4 0 4e-05 1
4 0 21.3424 0.4
4 0 6.223295 0.38
6 0.01 10.62043 1
4 0 9.999996e-06 0.78
4 0 7e-05 0.22
4 0 0 1
4 0 9.999996e-06 0.78
4 0 0 0.22
4 0 0 0.5
4 0 1e-05 0.78
4 0 0.00012 1
4 0 2e-05 1
4 0 0.00029 1
4 0 0.00021 0.22
4 0 0.00015 0.5
4 0 0.00037 1
4 0 0.00028 1
4 0 0 1
5 0.01 0.0035 1.96
3 -0.01 0.00346 1
5 0.01 0.00115 0.03
4 0 0 1
4 0 0 0.97
4 0 0.00066 0.03
4 0 0.03717 0.5
4 0 5e-05 0.2
3 -0.01 9e-05 0.8
4 0 0.00108 0.1
4 0 0.04198 2
4 0 0.19763 0.2
4 0 0.00076 0.1
5 0.01 3.63739 0.25
6 0.01 0.78455 1
2 -0.02 1.38786 0.5
4 0 0.00021 0.3
4 0 0.00199 0.1
4 0 0.02007 0.1
4 0 1e-05 0.3
4 0 0 0.3
4 0 0.00013 1.4
4 0 2e-05 0.7
4 0 6e-05 0.1
4 0 0.00061 0.8
4 0 0 1.2
4 0 9.999996e-06 2
4 0 0 0.8
4 0 3e-05 0.2
4 0 2e-04 0.2
4 0 0.00013 0.09
4 0 3e-05 0.8
4 0 0 0.1
4 0 9.999996e-06 1
4 0 9e-05 0.11
4 0 0.00058 1.1
4 0 0.00012 0.8
4 0 4e-05 1
2 -0.01 0.00027 0.1
4 0 0.00056 0.1
4 0 0.00077 0.1
6 0.01 0.00431 1
4 0 0.00302 1
4 0 0.00135 0.9
4 0 0.02707 1
2 -0.01 0.97426 1
4 0 0.0072 0.3
4 0 0.30743 1
4 0 4.75613 1
4 0 1e-05 1
4 0 0 1
4 0 9.999996e-06 1
4 0 0 1
4 0 3e-05 0.8
4 0 0 1
4 0 1e-05 0.5
4 0 8e-05 0.5
4 0 0.00054 0.7
4 0 0 1
5 0.0032 0.00136 1
5 1e-04 0.00056 0.8
3 -1e-04 0.00057 0.5
5 1e-04 0.00014 0.7
3 -1e-04 0.00064 1
3 -0.0032 1.50765 0.39
4 0 2e-05 0.61
4 0 8.13552 2
4 0 0.92442 1
4 0 2.4257 1
4 0 0.00021 1
4 0 0.00903 5.02
4 0 0.00301 1
4 0 7.57699 1.22
5 0.005 0.0072 1.22
5 0.005 18.18504 1.3
2 -0.01 7.301124 2
4 0 0.01127 0.54
4 0 17.36845 0.24
6 0.01 3.21583 3
4 0 1e-04 0.6
4 0 5e-05 1
4 0 0.00055 1
4 0 0.09858 1
4 0 0 1
4 0 0.00035 0.1
4 0 1.9153 1
4 0 0.00066 3
4 0 0.00494 1
4 0 0 2
4 0 9.999996e-06 1
4 0 0 1
4 0 0.00024 1
3 -0.009 1.10678 1
4 0 0.0052 1
3 -0.001 0.00357 1
4 0 0.0017 1
4 0 0.00214 1
4 0 1e-05 1
4 0 0 1
4 0 9.999996e-06 1
4 0 0 2
4 0 3e-05 1
4 0 0 1
4 0 0.00011 0.01
4 0 0 1
4 0 9.999996e-06 1
4 0 0.00054 1
5 0.001 8e-04 1
4 0 0.00388 1
4 0 0 1
3 -0.006 0.00154 0.62
5 0.005 0.00077 1
5 0.001 0.00098 1
2 -0.011 0.00347 1
4 0 9.999996e-06 1
4 0 0.00204 1
4 0 1e-05 1
4 0 0 1
4 0 0 1
4 0 9.999996e-06 1
4 0 0 0.82
4 0 1e-05 0.07
4 0 0.00035 0.06
5 0.001 0.0023 1
4 0 0.00356 1
4 0 0.00044 1
4 0 0.002 1
4 0 0.00048 1
4 0 0.001 1
4 0 0 1
4 0 0 0.82
4 0 0.00336 24
5 0.009 0.04226 1
2 -0.01 0.0085 1
4 0 0.00014 0.94
4 0 1e-05 1
4 0 0.00059 1
4 0 0.00648 2
4 0 0.01143 1
3 -0.01 3.12937 0.5
4 0 8.22196 0.2
4 0 1e-04 0.2
4 0 1e-04 0.6
4 0 1e-04 0.1
4 0 0.00187 0.1
4 0 0.02057 0.2
4 0 8e-05 0.1
4 0 0 0.3
4 0 9e-05 0.2
4 0 2e-04 0.5
4 0 0 0.2
4 0 3e-05 0.1
4 0 0.00018 0.1
4 0 0.00013 0.3
4 0 0.00023 0.3
4 0 1e-05 0.1
4 0 4e-05 0.9
4 0 0.00013 0.4
4 0 0.00012 0.6
4 0 0 1.4
4 0 4e-05 0.6
4 0 0 0.16
2 -0.01 0.00026 0.1
6 0.01 1e-04 0.84
2 -0.01 2e-04 0.1
4 0 0.00027 0.1
4 0 0.00023 0.01
4 0 1e-05 0.59
4 0 0.00122 0.1
4 0 2e-04 0.1
4 0 6.999999e-05 0.1
4 0 0.00104 0.1
4 0 0.00078 0.1
4 0 0.00084 0.01
4 0 9.999996e-06 0.09
4 0 0.00084 0.1
4 0 2.74761 0.55
4 0 3.82814 0.66
5 0.006 17.09157 7.06
3 -0.001 0.70224 1
3 -0.005 0.012 1.5
4 0 0.88367 1
4 0 9e-05 1
5 0.0037 2.80797 32.56
3 -0.0037 0.39213 0.39
4 0 0.19022 1
6 0.01 1.76031 0.7
4 0 9.999996e-06 0.3
3 -0.005 0.12145 1
3 -0.005 4.92522 1
5 1e-04 13.51125 0.08
4 0 0.00296 0.3
3 -1e-04 0.00139 0.08
4 0 0.00145 0.3
6 0.01 13.51977 0.1
2 -0.01 0.18813 2
4 0 0 0.01
4 0 4e-05 1
4 0 0 1
4 0 5e-05 0.65
4 0 0 1
4 0 1e-05 1
4 0 0 1
4 0 9.999996e-06 1
4 0 0 1
4 0 0 0.34
4 0 0.00026 0.1
4 0 6e-05 0.1
4 0 0.00049 1
4 0 0.00016 0.1
4 0 8e-05 0.36
4 0 0 0.64
4 0 0.00427 1
4 0 0.00859 1
4 0 0.08899 1
4 0 2.65852 2
4 0 9.999996e-06 1
4 0 0.00023 1
4 0 2e-05 1
4 0 2e-05 1
4 0 0 1
4 0 7e-05 2
4 0 0.00013 1
4 0 0.00011 2
4 0 0.00034 1
4 0 0.00116 1
4 0 0.04009 1
3 -0.005 0.22551 1
3 -0.005 0.00402 1
5 0.005 0.9719 4.43
3 -0.005 0.16464 0.03
5 0.0035 0.00351 0.03
5 0.0065 0.49896 1
4 0 0.11946 1
4 0 0.00015 1
4 0 9.999996e-06 1
4 0 8e-05 1
4 0 0.00057 1
6 0.01 3.08264 1
4 0 0 0.41
4 0 9.999996e-06 2.4
4 0 0 0.07
4 0 0.00034 1
4 0 1.06795 1
2 -0.01 1.592741 1
4 0 25.08909 1
6 0.01 8.414 1
4 0 3.09706 0.6
4 0 2.62672 50
5 0.01 0.01573 1
4 0 0.00011 0.42
4 0 1e-05 0.11
4 0 6e-05 1
4 0 0.00011 1
4 0 0.00053 1
3 -0.01 0.25878 1
4 0 0.01183 1
4 0 0.1032 1
4 0 0.06601 1
5 0.01 3.60071 1
4 0 5e-04 1
4 0 0.00011 1
4 0 1e-05 1
3 -0.01 1.06166 0.45
4 0 0.00904 1
5 0.01 4.19331 1
4 0 0.00012 1
4 0 33.80531 1
4 0 2.19904 1
4 0 1e-04 1
4 0 0.00056 2
4 0 0.00039 1
4 0 2.95858 1
6 0.01 4.69501 0.1
4 0 4e-05 0.32
4 0 0 0.01
4 0 9.999996e-06 1
4 0 0.00035 1
6 0.01 6.34989 1
4 0 0.00044 2
4 0 9.999996e-06 1
5 0.005 7.12767 1
5 0.005 1.44316 0.73
4 0 2e-05 1
4 0 9.999996e-06 0.46
4 0 9e-05 0.27
4 0 1e-05 0.54
6 0.01 0.19981 1
2 -0.01 0.49465 1
4 0 0 1
4 0 4e-05 1
4 0 1e-05 1
4 0 0.00022 1
4 0 0.00062 1
4 0 5e-05 1
3 -0.01 0.04427 0.05
4 0 0.00265 0.05
5 0.01 0.01913 1
3 -0.01 0.54508 0.05
4 0 0.00027 0.15
4 0 0.00022 0.05
4 0 0.00023 0.1
4 0 0.00148 0.05
4 0 0.0032 0.15
4 0 0.01137 0.11
4 0 5e-05 0.16
4 0 0.00018 0.08
4 0 0.48995 0.06
4 0 7e-05 0.05
4 0 0.00031 0.05
4 0 0.43098 0.25
5 0.0035 0.00425 0.25
5 0.004 4.92595 0.31
5 0.0025 1.9166 0.12
3 -0.01 6.404573 1.81
4 0 6.000002e-06 1
4 0 4.999994e-06 1
4 0 3.000001e-06 1
4 0 8.000003e-06 0.01
4 0 4.000001e-06 2
4 0 0 1
4 0 2.9e-05 0.82
5 0.005 9.3e-05 1
3 -0.005 5.000002e-06 0.18
4 0 1e-06 0.03
4 0 5.000002e-06 1
4 0 0.000152 0.1
4 0 7.000002e-06 0.1
4 0 0.000782 0.8
4 0 0.003331 0.75
4 0 0.131996 1
4 0 0.085371 1
4 0 2.942002 1
4 0 0.008322 2
4 0 3.201351 1
4 0 0.000371 1
4 0 3e-05 1
4 0 9.000003e-06 1
3 -0.0099 7.676484 0.22
5 0.0069 0.00838 0.22
5 0.003 0.48096 0.37
3 -0.0099 11.47755 0.14
5 0.0099 2.40419 1
2 -0.01 20.34323 1
4 0 6e-05 1
4 0 0.00043 1
4 0 1e-05 1
4 0 0 1
4 0 9.999996e-06 2
4 0 0 2
4 0 1e-05 1
4 0 9.999996e-06 1
6 0.01 9e-05 1
3 -0.005 6e-05 1
3 -0.005 0.00017 1
4 0 2e-05 1
4 0 2e-05 1
4 0 9.999996e-06 0.01
4 0 1e-05 0.49
4 0 4e-05 2.51
4 0 9.999996e-06 1
4 0 1e-05 1
4 0 2e-05 1
4 0 0.00021 1.83
4 0 0.00024 0.17
4 0 0 1
4 0 0 1
2 -0.01 0.00012 1
4 0 0.00011 1
6 0.0125 0.0136 1
3 -0.0025 0.08877 0.74
5 0.005 0.06301 1
2 -0.015 0.01098 1
6 0.01 1.95396 1
4 0 0.00018 3
4 0 0.14067 3
4 0 0.32728 0.03
4 0 0.00018 0.95
4 0 0.00092 3
4 0 0.00067 0.05
4 0 0.00228 0.01
5 0.007 4.34109 0.48
5 0.002 5.017707 2
3 -0.009 1.062387 0.78
4 0 4.248945 1
4 0 4.000001e-06 0.72
4 0 3.800001e-05 0.28
4 0 3.999994e-06 1
4 0 4.000001e-06 0.78
4 0 5.7e-05 2.41
4 0 3e-05 0.81
4 0 0.000375 0.01
4 0 0.000565 0.22
4 0 3.178344 2
4 0 9e-05 0.08
4 0 6.40588 1
4 0 7.09749 0.75
4 0 0 0.25
4 0 18.89033 0.1
5 0.0099 1.32733 1.5
5 1e-04 24.6459 0.35
3 -0.0056 0.26816 4
5 0.0056 5.22642 1
4 0 0 0.46
4 0 2e-05 0.65
4 0 0.00037 1
4 0 0 1
4 0 9.999996e-06 1
3 -0.005 0.00052 1
5 0.005 0 1
5 0.01 0.00671 1
4 0 0 0.45
4 0 9.999996e-06 1
4 0 0 1
4 0 1e-05 1
4 0 0 1
4 0 0 1
4 0 9.999996e-06 0.26
4 0 0 1
4 0 2.000001e-05 1
4 0 1e-04 1
4 0 0.00043 1
4 0 0.00011 1
4 0 0 1
4 0 0.00233 0.54
4 0 0.00187 0.65
4 0 0.00104 1
4 0 0.6366 1
1 -0.0265 2.65654 2
4 0 0.00059 2
4 0 0.00021 2
7 0.0265 8.999999e-05 1
4 0 1e-05 1
4 0 0.00011 1
4 0 0.00028 1
4 0 0 1
4 0 9.999996e-06 1
1 -0.0265 0.00053 1
7 0.0265 6e-05 1
1 -0.0265 0.00058 3
4 0 0.00326 1
6 0.0165 0.43319 1
4 0 0.18748 1
3 -0.0099 3.07853 0.01
3 -1e-04 0.00393 0.01
5 1e-04 0.00196 0.01
3 -1e-04 0.00311 0.01
6 0.01 4.38331 1
4 0 0.00018 1
4 0 0.00014 1
4 0 0 0.46
4 0 6.000001e-05 1
4 0 0.00463 1
4 0 0.10893 1
4 0 3.82759 1
5 0.01 7.06999 1
4 0 1e-05 1
3 -4e-04 11.30174 1.61
3 -0.0096 5.82315 1
4 0 0.00095 1
4 0 0.23782 1
4 0 2.16588 1
3 -0.005 0.56182 1
5 0.005 2.776958 0.09
4 0 0.529663 1
4 0 0.000532 1
4 0 4.000001e-06 1
4 0 0.000118 2
4 0 2.1e-05 0.91
5 0.01 6.791171 0.46
4 0 3.999994e-06 1
4 0 4.000001e-06 0.01
4 0 0.000341 4
4 0 0.000571 0.58
4 0 0 1
4 0 0 1
4 0 0 1
4 0 0.001458 1
6 0.01 8.069695 1
4 0 1e-04 2
4 0 0.00084 0.05
6 0.01 30.78475 1
4 0 12.23154 1
4 0 9.999996e-06 0.45
4 0 0 0.55
3 -0.005 6.123732 1
4 0 7.922498 1
5 0.005 6.30564 0.05
4 0 0 1
4 0 1e-05 1
4 0 0 1
4 0 3e-05 2
5 0.01 0.0607 1
4 0 3e-05 1
4 0 9.999996e-06 0.02
4 0 0 0.05
4 0 1e-05 0.02
4 0 0 0.45
4 0 0 0.01
4 0 9.999996e-06 1
4 0 0.00089 1
4 0 0.00068 5
5 0.0099 2.11081 1
3 -0.0099 4.33633 1
6 0.01 2.2633 1
4 0 0.39487 0.44
4 0 1e-05 0.02
4 0 0 0.54
4 0 2e-05 0.46
4 0 0.00032 3
5 1e-04 7.8119 0.03
3 -1e-04 0.00304 0.03
4 0 3.88673 2
5 0.01 6.89681 1
3 -0.005 1.5606 1
5 0.005 3.13181 1
4 0 0.34937 1
4 0 6.46348 1
4 0 1.648439 2
4 0 0.0044891 1
3 -0.0042 1.074641 2
3 -0.0058 0.766418 2
4 0 2.000001e-06 1
4 0 5.000002e-06 1
4 0 8.999996e-06 1
4 0 0 1.63
4 0 0.000182 1
4 0 0.00046 1
4 0 0.008185 0.78
5 0.01 0.319176 1
3 -0.01 9.780174 0.71
4 0 0.00018 1.29
4 0 9.999996e-06 2
4 0 0 1
4 0 1e-05 1
4 0 0 1
4 0 2e-05 1
4 0 0 1
4 0 9.999996e-06 0.01
4 0 0 1
4 0 0 1.99
4 0 9e-05 0.01
4 0 1e-05 0.22
2 -0.01 0.00037 0.01
4 0 5e-05 1
6 0.015 3e-05 1
3 -0.005 0.00012 1
2 -0.01 4e-05 0.96
6 0.01 0 1
4 0 0 1
4 0 0 1
2 -0.01 3e-05 0.03
6 0.01 9.999996e-06 1
4 0 0.05789 1
4 0 0.00606 1
2 -0.01 0.81897 1
4 0 1e-05 1
4 0 4e-04 1
4 0 3e-05 1
4 0 9.999996e-06 0.29
4 0 9e-05 0.5
4 0 0.00253 0.21
4 0 0.00635 0.79
4 0 2.46347 1
4 0 1e-05 1
4 0 9e-05 0.01
4 0 0.00011 0.01
4 0 0.14745 1
4 0 2.25928 1
3 -0.01 4.94161 1
4 0 2e-04 1
2 -0.01 0.02971 0.82
4 0 1e-05 1
4 0 0.00077 1
4 0 0.00323 0.18
4 0 0.0274 1
3 -0.0099 42.80361 0.5
5 0.0049 15.5017 1
5 0.0013 9.71373 1.55
5 0.0022 21.7637 0.22
3 -0.0085 3.74159 0.08
5 0.006 1.54902 5.3
5 0.004 0.00052 1
4 0 0 0.45
4 0 9.999996e-06 0.13
4 0 0 1
4 0 1e-05 1
4 0 0 1
4 0 9e-05 1
4 0 0 1
4 0 2e-05 1.42
4 0 1e-04 0.58
4 0 0.02222 1
4 0 14.77496 1
4 0 5.1435 1
4 0 0.00016 1
4 0 0.00044 1
4 0 3e-05 1
4 0 0.00516 0.01
4 0 1.99854 1
6 0.01 7.34923 0.19
4 0 1.44978 1.45
4 0 0 0.55
4 0 4.000001e-05 0.45
4 0 0.00031 0.47
4 0 1e-05 0.45
4 0 9.999996e-06 0.08
4 0 3e-05 0.92
4 0 0.00059 0.63
4 0 0 0.37
4 0 0.11709 1
5 0.01 9.49639 1
4 0 0.00202 2
4 0 0.00571 1
3 -0.001 2.91009 0.32
2 -0.019 9.64843 0.66
5 0.005 0.01112 0.66
6 0.015 23.86204 0.01
4 0 0.93254 1
3 -0.005 1.01317 1
5 0.005 2.06401 1
4 0 0.00016 2
3 -0.01 8.08918 0.01
4 0 0.36412 1
4 0 9.999996e-06 1
4 0 0 1
4 0 0.00036 0.01
4 0 0 1
4 0 1e-05 1
4 0 0 0.99
4 0 0.00011 3.84
4 0 0.00016 15.17
4 0 0.00023 1
4 0 0.00659 1
3 -0.005 0.0124 4
3 -0.005 0 1
4 0 1e-05 1
4 0 6.999999e-05 1
4 0 0 0.6
4 0 7e-05 1
4 0 0 0.4
4 0 1e-05 1
4 0 0 1
5 0.005 0.00012 2
4 0 2e-05 1
3 -0.005 1e-05 1
4 0 0.00013 0.92
4 0 4e-05 0.08
4 0 0.00861 2
2 -0.01 0.04702 1
4 0 0.01191 0.02
7 0.02 0.02396 1
1 -0.02 0.00148 1
6 0.01 5.25568 2
4 0 0 1
4 0 3e-05 2
4 0 2e-05 10
4 0 1e-04 2
4 0 3e-05 2
4 0 2e-04 2
4 0 0.00034 1
4 0 0 1
4 0 0.00012 1
4 0 0.00012 1
4 0 3e-05 1
4 0 9e-05 1
4 0 0.00048 5
4 0 0.00063 1
4 0 0.01774 1
3 -0.005 0.09957 1
5 0.005 0.1853 1
4 0 1.82144 1
4 0 0.34059 1
4 0 0.00167 1
4 0 4.8393 4
4 0 1e-05 2
4 0 0 1
4 0 0.00052 1
4 0 8.000001e-05 2
4 0 0.00037 1
6 0.01 0.77852 0.46
4 0 1e-05 0.8
4 0 0 0.74
4 0 0.00041 1
4 0 9.999996e-06 1.55
4 0 0.00014 1
1 -0.02 10.7467 0.1
5 0.0082 13.23385 4
3 -0.0082 0.716801 0.9
4 0 2.2e-05 0.1
4 0 1.181086 0.11
4 0 4.7e-05 0.1
4 0 7.5e-05 0.02
4 0 6.899999e-05 0.02
4 0 0.000601 0.1
4 0 0.000142 0.6
4 0 8.2e-05 0.1
4 0 0.001329 0.89
4 0 5.000002e-06 1
4 0 3.000001e-06 1
4 0 5.000002e-06 1
4 0 2.699999e-05 0.08
4 0 8.000003e-06 0.02
4 0 0.000112 0.96
3 -0.01 0.00017 0.1
4 0 0.000391 1
4 0 1e-06 1
4 0 5.999995e-06 1
4 0 2.000001e-06 1
4 0 1.8e-05 1
4 0 0.000194 1
4 0 0.000313 1
4 0 0.002591 1
4 0 0.000453 0.08
4 0 0.007596 1
2 -0.01 0.027683 1
6 0.02 0.03382 1
4 0 0.002886 1
2 -0.02 0.072782 1
4 0 8.000003e-06 1
4 0 0.000931 1
4 0 0.001707 1
4 0 0.000542 1
2 -0.01 0.107995 1
5 0.005 0.096577 1
4 0 21.35895 0.01
4 0 0.00362 0.02
4 0 3.44626 0.96
4 0 0.00156 0.01
4 0 0.01852 0.99
3 -0.005 23.60992 3.52
4 0 4e-05 0.01
4 0 9.999996e-06 1.47
4 0 0 1
4 0 1e-05 0.01
4 0 0 0.01
4 0 3e-05 0.91
4 0 0.00027 1
4 0 9.999996e-06 1
4 0 2e-05 1
4 0 0.00053 1
3 -0.01 0.00658 1
4 0 22.58205 1
4 0 0.00044 1
4 0 0 1
4 0 0.00011 1
4 0 0.00064 1
2 -0.01 0.09257 1
4 0 9.999996e-06 1
4 0 2e-05 0.01
4 0 0.9155 0.49
4 0 9.999996e-06 1
4 0 0 1
4 0 0 1
4 0 0.00019 1
2 -0.01 0.04501 1
6 0.01 13.52102 0.01
4 0 1e-05 0.99
4 0 0.00012 0.01
4 0 0.00038 0.07
4 0 0.01103 4
4 0 0.00039 2
4 0 7.92205 0.03
4 0 0 0.03
4 0 1e-05 1
4 0 0 0.11
4 0 3e-04 1.03
4 0 3e-05 1
4 0 1e-05 0.9
4 0 2e-05 2
4 0 0 1.03
4 0 2e-05 0.03
4 0 4e-05 1
4 0 1e-05 1
4 0 9.999996e-06 2.93
4 0 3e-05 0.99
4 0 3e-05 0.44
4 0 0 1
4 0 2e-05 1
4 0 1e-05 1.5
4 0 2e-05 2
4 0 2e-05 0.11
4 0 0.00023 1
4 0 3e-05 1
6 0.01 0.00097 1
2 -0.01 0.00015 2
4 0 0.11532 1
4 0 0.07548 1
2 -0.01 5.48924 1
4 0 4.49748 1
6 0.01 1.85676 0.11
4 0 0 1
4 0 0.00064 1
4 0 0.00018 1
4 0 0.00022 1
4 0 0.00033 0.56
4 0 0.00014 1.44
4 0 9.999996e-06 0.56
4 0 4e-04 2
4 0 0.00024 2
4 0 0.04027 1
4 0 0.05559 1
2 -0.01 3.51776 1.13
5 0.0028 15.2918 0.03
5 0.0038 21.44913 1.5
5 0.0077 0.72398 0.55
2 -0.0134 0.07641 0.4
5 1e-04 0.00287 0.5
3 -0.001 1.37153 1
4 0 1e-05 2
4 0 0 1
4 0 9.999996e-06 1
4 0 0.00032 1
4 0 1e-05 1
4 0 0.00053 1
4 0 0 0.01
3 -0.01 0.00021 1
5 0.01 0.00422 1
3 -0.005 0.00784 1
5 0.005 0.00262 1
3 -0.01 0.03244 0.8
4 0 3e-05 0.03
4 0 0.00012 0.96
4 0 0.00022 0.01
2 -0.01 6.50703 1
4 0 0 1
4 0 9.999996e-06 1
4 0 0 1
4 0 0.00035 0.41
3 -0.01 4.52776 0.18
5 0.005 0.00234 0.18
5 0.005 20.4587 1
4 0 5.2e-05 2
4 0 6.000002e-06 1.2
4 0 0.000138 1
4 0 0.000113 2
4 0 0.00011 2
4 0 0.000194 2
4 0 8e-05 0.8
5 6e-04 7.867901 0.25
7 0.0764 4.02138 2
4 0 0.00022 1
4 0 0.00132 1
1 -0.067 9e-05 1.5
4 0 0 0.5
7 0.067 1e-04 3
1 -0.067 0.00034 2
7 0.067 0.00136 1
1 -0.067 9e-05 0.5
4 0 9.999996e-06 1
4 0 0 0.01
4 0 0 0.06
4 0 1e-05 1
4 0 0 1
4 0 0.00032 1
4 0 0.00013 1
7 0.067 0.00013 1
1 -0.067 0.00048 1
4 0 1e-04 1
7 0.067 0.00048 1
1 -0.077 3.67244 0.6
6 0.01 6.16909 0.63
2 -0.01 0.3671 0.4
4 0 0.00014 1
4 0 5e-05 1
4 0 9.999996e-06 1
4 0 4e-04 1
3 -0.01 12.33455 0.69
4 0 0.00031 1
4 0 0.00019 0.31
4 0 5e-05 0.31
4 0 0.00025 1
4 0 0 1
4 0 1e-05 1
4 0 0 1
4 0 0 1
4 0 0 0.08
4 0 0.0015 0.92
4 0 0.00018 0.69
2 -0.01 0.50606 1
4 0 9.999996e-06 1.02
4 0 3e-05 0.48
4 0 0 1
4 0 1e-05 1
4 0 0 1
4 0 0.00037 1
2 -0.01 0.00037 1
6 0.01 0.00016 1
2 -0.01 6.999999e-05 1
4 0 0 0.5
4 0 1e-05 0.5
4 0 9.999996e-06 1
4 0 4.000001e-05 1
4 0 0 1
4 0 1e-04 1
3 -0.01 0.00305 1.5
4 0 0 0.5
4 0 6e-05 0.5
4 0 0.93637 0.1
4 0 0 0.05
4 0 9.999996e-06 0.85
4 0 0.00016 3
4 0 9.999996e-06 1
2 -0.01 9.04472 0.1
4 0 0.00044 0.1
4 0 0.95424 1
4 0 6.000001e-05 1
4 0 0 1
4 0 8e-05 1
4 0 0.00028 0.8
2 -0.01 0.48669 1
4 0 1e-05 1
4 0 0.00045 1
4 0 0.00094 1
3 -0.01 0.10664 0.01
4 0 0 1
4 0 0.00012 1
3 -1e-04 0.16783 1
2 -0.0115 0.82837 1
6 0.0116 14.4082 0.43
3 -0.0073 5.613488 0.01
5 0.0073 2.63295 0.31
4 0 0 1
4 0 1e-05 2
4 0 9.999996e-06 0.37
4 0 0.00014 1.63
4 0 0.00023 1
4 0 3e-05 1
4 0 2e-05 1
4 0 7e-05 1.63
4 0 0.00012 1
4 0 3e-05 1
4 0 2e-05 0.63
4 0 3e-05 0.37
4 0 0.00012 0.37
4 0 0.00241 1.26
4 0 9.999996e-06 0.74
4 0 0.00399 2
4 0 0.0818 1
7 0.0359 1.63203 1
4 0 0.00023 1
1 -0.0359 0.06192 1
4 0 0.00019 2
4 0 9.999996e-06 1
4 0 0.00034 2
4 0 0.00039 2
4 0 0.29503 0.21
4 0 7e-05 0.12
4 0 0.00023 0.11
5 0.01 1.67153 1
4 0 8.000001e-05 2
4 0 0.00061 1
6 0.01 5.60536 1
6 0.01 3.50062 1
4 0 2e-05 1
4 0 0.00011 1
2 -0.01 21.9085 0.1
4 0 0.00054 0.1
5 1e-04 2.58631 2.5
3 -1e-04 0.83302 1
4 0 9.999996e-06 0.01
4 0 0 3.04
4 0 0.00011 1
4 0 2e-05 0.8
2 -0.01 0.0051 1
4 0 9.999996e-06 1
4 0 0 1
4 0 0.00013 2
4 0 2.000001e-05 1
3 -0.01 0.00378 1
4 0 0 1
4 0 0.00012 1
5 0.01 0.00484 65.15
4 0 0.00061 2
4 0 1e-05 0.1
4 0 1e-05 1
4 0 8.999999e-05 0.1
4 0 0.00013 2
4 0 6.000001e-05 1
4 0 6.999999e-05 0.9
4 0 0.03746 1
2 -0.02 0.03844 1.5
4 0 9.999996e-06 1
4 0 0 0.5
4 0 0.02857 1
4 0 0.00036 1
4 0 0.06112 1
2 -0.01 0.01121 0.5
6 0.01 1.97452 2
4 0 0.99495 0.1
4 0 0.72324 0.01
2 -0.01 8.293988 1
6 0.01 12.30826 0.23
4 0 5e-05 0.77
4 0 0 0.06
4 0 0.00037 1
4 0 1e-05 0.17
4 0 2e-05 1
4 0 1e-05 1
4 0 6.999999e-05 1
4 0 2e-05 1
4 0 4.000001e-05 1
4 0 2e-05 0.1
4 0 9.999996e-06 0.1
4 0 0.00043 1
4 0 1e-05 0.17
4 0 0 0.83
4 0 4e-05 1
4 0 8e-05 0.9
4 0 3.44716 0.1
4 0 5.09974 0.2
4 0 0.23345 1
4 0 0.00077 1
3 -1e-04 1.3448 1
5 1e-04 0.00053 0.9
4 0 0 0.06
4 0 9.999996e-06 0.04
4 0 8e-05 2
4 0 0 0.96
4 0 1e-05 2
4 0 9.999996e-06 1
4 0 0.00014 1
4 0 2e-05 0.1
4 0 3e-05 1
4 0 9.999996e-06 1
4 0 3e-05 0.1
4 0 2.02132 2
4 0 9.999996e-06 3
4 0 0.00033 2
4 0 1e-05 1
4 0 0.00045 1.09
4 0 0.00014 0.91
6 0.01 0.90142 1
4 0 0.83752 1
4 0 0 2
4 0 0 0.82
4 0 0 1
4 0 9.999996e-06 1.31
4 0 0.00035 2
4 0 1e-04 0.18
4 0 0.00014 2
4 0 3.47651 1
4 0 0.00032 1
3 -0.0059 2.08191 2.14
5 0.0059 0.9432 0.66
2 -0.01 5.92722 9.09
6 0.01 2.51715 0.1
4 0 3e-05 0.9
4 0 1e-05 1
4 0 0.00035 2
2 -0.01 0.00096 1
6 0.01 0.00106 1
2 -0.01 0.00246 1
4 0 0.01073 2
4 0 0.20639 1
4 0 2.20557 1
5 0.0025 0.00045 1
3 -0.0025 0.00468 1
6 0.01 0.21407 1
4 0 3e-05 2
4 0 1e-05 1
4 0 0 10
4 0 0.00061 1
4 0 0.00017 2
4 0 1e-05 8
2 -0.01 0.00104 3
6 0.01 0.00021 2
2 -0.01 0.00225 1
6 0.01 0.02203 1
4 0 9.999996e-06 0.1
4 0 0 0.9
4 0 0.62645 1
4 0 0.5186 3
4 0 6.999999e-05 7
4 0 1e-05 1
4 0 0.00069 12
4 0 0.00024 1
2 -0.01 0.00012 2
4 0 0.00036 6.37
4 0 0.12011 1
5 0.005 3.08563 2
5 0.005 0.96601 1
4 0 1e-05 2
4 0 0.00018 0.1
4 0 3e-05 0.1
2 -0.01 0.00192 1
4 0 0.00295 1
4 0 0.83354 32.63
4 0 0 1
4 0 1e-05 1.95
4 0 2e-05 0.05
4 0 0 1.5
4 0 9.999996e-06 2
4 0 0 1
4 0 3e-04 1
4 0 0 0.77
4 0 1e-05 1
4 0 1e-05 2
4 0 9.999996e-06 3.2
4 0 1e-05 0.23
4 0 3e-05 0.8
4 0 0.00048 0.88
4 0 4e-05 0.12
2 -0.01 0.00158 1
4 0 9.999996e-06 1
4 0 0 1
4 0 0 1
4 0 1e-05 1.5
4 0 0 1
4 0 9.999996e-06 1
4 0 0 1
4 0 0 0.5
4 0 1e-05 0.5
4 0 0.00012 0.37
4 0 0.00011 0.17
4 0 9.999996e-06 0.83
4 0 0 0.63
4 0 1e-05 1
4 0 0 1
5 0.005 0.00066 1
2 -0.01 0.02013 1
5 0.005 0.02461 1
3 -0.01 0.02623 1.5
4 0 0 1
4 0 1e-05 1
4 0 0 1
4 0 4e-05 1
4 0 0.00012 1
2 -0.01 8.000001e-05 1
4 0 0.00038 1
6 0.01 9e-05 1
4 0 0 1
1 -0.02 6.999999e-05 1
4 0 0.00017 1
6 0.01 0.00154 1
4 0 8e-05 1
4 0 8.597332 0.23
3 -0.005 1.742034 1
5 0.005 2.799244 0.07
4 0 0 1
4 0 9.999996e-06 0.81
4 0 0 0.06
4 0 3e-05 0.73
4 0 0.00011 0.04
4 0 0 1
4 0 9.999996e-06 2
4 0 0.00011 1
4 0 3e-05 0.1
4 0 7e-05 1
4 0 1e-04 1
4 0 0.00014 1
4 0 0 2.04
4 0 0.00046 2
6 0.01 0.00179 0.1
2 -0.01 0.00012 1
5 0.005 0.19793 1
3 -0.005 2.42937 0.1
3 -0.005 15.57071 1
3 -0.005 10.96973 0.3
4 0 0.0063 1
4 0 2.64285 1
4 0 1.35413 0.47
4 0 10.03142 0.23
4 0 0.00014 1
4 0 1.5353 1
4 0 0.00128 22.72
4 0 0.004 2
4 0 0.0117 1
4 0 0.08794 1
4 0 0.05855 1
4 0 4.314588 1
4 0 2.500019e-07 0.19
4 0 6.03159 0.75
5 0.005 9.046412 0.6
5 0.0049 9.30215 0.05
5 1e-04 0.05884 0.9
4 0 0 0.9
4 0 9.999996e-06 1
4 0 0 0.2
4 0 1e-05 0.8
4 0 9.999996e-06 0.06
4 0 0.00013 0.15
4 0 1e-05 1
4 0 9.999996e-06 2
4 0 1e-05 0.86
4 0 8e-05 2
4 0 1e-05 1
4 0 8e-05 1
4 0 9e-05 1
4 0 0.00018 1
4 0 3e-05 1
4 0 1e-04 1
4 0 2e-05 1
2 -0.01 0.00075 1
4 0 0.00116 1
6 0.01 0.00372 1
6 0.01 8.86201 1
2 -0.01 9.999996e-06 1
6 0.01 0.00014 1
4 0 0 1
2 -0.01 0.00092 1
6 0.02 0.01231 0.1
4 0 0.00016 0.1
3 -0.01 0.00115 1
5 0.0025 0.1803 1
5 0.0025 2.40852 1
4 0 0.21678 2
3 -0.005 4.78434 1
5 0.01 0.0132 1
4 0 0.00019 1
4 0 2e-05 0.1
4 0 3e-05 0.1
4 0 1e-05 0.8
4 0 9.999996e-06 0.2
4 0 0.00141 1
6 0.01 0.01682 0.04
2 -0.01 0.0084 2
4 0 0.00336 1
4 0 0.00743 1
4 0 0.08326 2
4 0 0.09841 1
4 0 0.23252 1
4 0 6.44463 2
5 0.0025 0.00046 2
3 -0.0025 0.00546 1
5 0.005 6e-05 1
4 0 2.10924 1
4 0 0.00051 2.87
4 0 0.00052 4.15
3 -0.005 0.01201 1
4 0 0.02055 0.98
4 0 3.50135 0.66
5 1e-04 0.00159 0.66
3 -1e-04 4.2379 1
5 0.005 0.58944 4
5 0.005 0.0062 1
4 0 8.999999e-05 2
4 0 1e-04 2
2 -0.01 0.00256 1
4 0 0.00997 1
4 0 1.02499 1
5 0.009 1.280723 0.1
3 -0.009 3.818915 1
4 0 2.370723 1
4 0 5.758009 1
4 0 1e-05 1
4 0 0 1
4 0 9.999996e-06 8
4 0 0 2
4 0 0 2
4 0 1e-05 1
4 0 0.00011 1
4 0 2e-05 0.61
4 0 0 0.01
4 0 9.999996e-06 1
4 0 0.00035 1
4 0 0.00027 0.34
4 0 0 1
4 0 0 2
4 0 4e-05 2
3 -0.01 0.14866 9
4 0 0 0.55
4 0 3e-05 0.45
4 0 1e-05 1
4 0 0 1
4 0 0.00036 1
4 0 1e-05 1
4 0 9.999996e-06 1
4 0 1e-05 1
4 0 2e-05 1
4 0 0 1
2 -0.01 0.00016 1
6 0.01 0.00034 1
2 -0.01 2e-05 0.87
2 -0.01 13.38249 0.6
4 0 2e-04 1
4 0 9.999996e-06 1
4 0 1e-05 1
4 0 2e-05 1
4 0 6e-05 0.2
4 0 2e-05 0.2
4 0 0.00043 1
3 -0.01 0.00121 1
4 0 0.00014 0.1
4 0 0.0039 1
4 0 0.01028 1
4 0 0.04426 1
4 0 0.12069 1
4 0 1.86806 1
4 0 9.999996e-06 1
4 0 0 1
4 0 0 1
4 0 1e-05 1
4 0 0 1
4 0 0 1
4 0 0.00015 0.9
4 0 1e-05 1
4 0 6.999999e-05 0.1
4 0 0.00024 0.05
2 -0.01 0.00016 0.13
4 0 1.99525 0.81
5 1e-04 0.00164 0.81
3 -1e-04 4.45783 1
4 0 0.00031 0.87
4 0 0 1
4 0 0 1
4 0 1e-05 0.13
4 0 0.00024 0.87
4 0 0 0.94
4 0 0.00021 0.06
4 0 0.00044 0.01
4 0 2e-05 0.01
4 0 3e-05 0.19
4 0 0 1
4 0 0 1
4 0 0.00792 1
3 -0.01 0.3721 0.1
4 0 0.12692 1
4 0 0.00039 0.9
4 0 0.00048 1.1
4 0 0 0.9
1 -0.02 3.01519 0.42
4 0 6.1056 0.11
7 0.02 7.19334 0.01
1 -0.02 0.87189 0.15
4 0 8.784032 1
7 0.02 2.723172 2
4 0 5.000002e-06 1
4 0 2.7e-05 1
4 0 4.999994e-06 1
4 0 0.000173 2
4 0 9.000003e-06 1
2 -0.01 7.2e-05 1
6 0.01 1.6e-05 1
4 0 1.9e-05 1
4 0 4e-05 1
4 0 3.7e-05 1
4 0 3.800001e-05 1
4 0 0.000111 1
4 0 1.2e-05 1
4 0 3.2e-05 1
4 0 2.2e-05 0.1
4 0 1e-05 0.1
4 0 8.000003e-06 0.1
4 0 2.199999e-05 1
4 0 8.000003e-06 1
4 0 1.2e-05 0.65
4 0 0.000106 2
4 0 3.3e-05 0.8
4 0 2e-05 1
4 0 5.7e-05 1
4 0 3.800001e-05 2
4 0 5.5e-05 0.2
4 0 5e-05 1.8
4 0 8.999996e-06 0.2
4 0 0.000127 1.2
4 0 6.999995e-06 1
4 0 4e-05 0.8
4 0 7.000002e-06 2
4 0 0.000313 0.2
4 0 8.7e-05 1.8
5 0.01 0.015701 1
4 0 7.000002e-06 2
4 0 6.999995e-06 1
4 0 0.01491 1
3 -0.01 1.656251 1
5 0.01 5.478043 0.1
4 0 5.6518 2
4 0 0.22884 1
3 -7e-04 3.67375 0.03
3 -0.0093 3.41889 0.14
4 0 2e-05 1
4 0 0 1
4 0 0 0.89
4 0 0.00011 0.98
4 0 1e-05 0.02
4 0 0.00127 0.1
4 0 0.06302 0.75
2 -0.01 21.07175 1
4 0 0.0027 22.72
4 0 0.00027 1
4 0 0.00333 2
4 0 0.0121 1
4 0 0.09753 1
4 0 0.03421 1
4 0 2.49383 1
4 0 3.31137 1
4 0 3.53891 0.23
4 0 1.20841 1
4 0 3.598 1
6 0.01 0.702131 1
2 -0.01 8.545284 0.39
6 0.01 3.428785 0.01
3 -0.005 0.51246 1
3 -0.0025 0.10528 1
3 -0.0025 0.29384 1
4 0 1.26198 1
4 0 6.18844 1
6 0.01 0.021 0.1
4 0 2.522 1
4 0 2.81799 0.9
4 0 1e-05 1
4 0 0 0.06
4 0 1e-05 0.04
4 0 8.999999e-05 0.96
4 0 4e-05 2
2 -0.01 0.0023 1
4 0 0.00231 1
4 0 6.17616 0.01
4 0 9.999996e-06 0.99
4 0 12.42945 1
5 0.005 3.49185 0.05
3 -0.005 1.04171 0.1
4 0 4e-05 0.05
4 0 0.00014 0.1
5 0.0025 0.00166 1
3 -0.0025 0.00417 0.05
5 0.005 4.98176 0.75
3 -0.005 0.66228 0.01
4 0 0 0.04
5 0.0022 7.964561 1
3 -0.0022 1.437359 2
4 0 4.000001e-06 1
4 0 3.000001e-06 1
4 0 5.000002e-06 0.86
4 0 2.999994e-06 0.14
4 0 1.4e-05 0.86
4 0 3.000001e-06 2
4 0 3.000001e-06 0.55
4 0 1.999993e-06 1
4 0 9.000003e-06 0.45
4 0 0.000344 0.54
4 0 4.000001e-06 0.52
4 0 3.9e-05 0.44
4 0 1.1e-05 0.46
2 -0.01 0.00043 0.55
6 0.01 6.9e-05 0.54
4 0 3.5e-05 0.46
2 -0.01 6.999995e-06 0.45
4 0 0.015763 1
4 0 0.0028 1
4 0 0.005246 1
4 0 0.003223 1
4 0 0.000443 1
4 0 8.000003e-06 0.72
4 0 0.087115 1
4 0 0.114224 1
4 0 0.270463 0.02
4 0 0.010148 1
4 0 5.000002e-06 1
4 0 4.000001e-06 1
4 0 4.000001e-06 1
4 0 4.000001e-06 1
4 0 3.999994e-06 1
4 0 4.000001e-06 1
4 0 0.000131 1
4 0 3.9e-05 0.02
4 0 0.000181 0.26
4 0 9.999996e-06 0.74
4 0 1e-06 0.98
4 0 5e-05 0.26
3 -0.01 0.000203 1
5 0.01 0.000207 1
4 0 3.000001e-06 0.03
4 0 3.6e-05 0.97
3 -0.01 0.000721 0.75
4 0 3.000001e-06 0.25
4 0 0.958593 1
2 -0.01 0.307335 0.05
4 0 0.005559 0.07
4 0 0.056575 0.09
4 0 0.015539 0.01
4 0 2.303506 0.04
5 0.005 0.226671 1
3 -0.005 0.004675 1
5 0.005 0.022151 21.13
3 -0.005 0.007266 1
4 0 0.018078 1
4 0 0.08777 1
4 0 0.062264 1
4 0 0.040698 1
6 0.01 5.577202 1
4 0 9.999996e-06 1
4 0 0 1
4 0 1e-05 0.06
4 0 8e-05 1
4 0 0.00011 1
4 0 9.999996e-06 2
4 0 8.000001e-05 0.94
3 -0.005 6.999999e-05 1
5 0.005 1e-05 2
4 0 0.00011 0.06
4 0 0.00261 0.1
4 0 5e-05 0.9
2 -0.01 0.00017 1
4 0 0.00267 1
4 0 0.05533 0.1
4 0 0 0.42
5 0.005 5.65768 0.11
5 0.005 4.26552 1
4 0 0.00013 1
4 0 9.999996e-06 1
4 0 0 1
4 0 1e-05 0.35
4 0 8e-05 1
4 0 1e-05 1
4 0 9.999996e-06 2
4 0 0.00011 2
4 0 0.00012 2
4 0 1e-04 0.1
4 0 2e-05 0.15
4 0 2e-05 0.19
4 0 3e-05 1
4 0 9.999996e-06 0.5
4 0 8e-05 1.5
4 0 1e-05 0.5
4 0 5e-05 0.66
4 0 8.999999e-05 0.1
4 0 0.00024 1.24
4 0 0.00035 0.76
4 0 3e-05 1.24
4 0 0.00052 1
2 -0.01 0.00088 1
6 0.02 0.46841 1
4 0 1e-05 1
4 0 0.00033 1
4 0 0.00022 1
4 0 0.00034 1
4 0 0.00088 1
3 -0.01 0.0011 1
4 0 0.00331 1
5 0.01 0.009 1
4 0 0.005 1
4 0 0.00976 1
4 0 0.02645 1
4 0 0.21699 1
5 0.009 0.11241 0.05
3 -0.009 0.22211 2
4 0 0 0.16
4 0 1e-05 0.84
4 0 0.00178 1
4 0 0.04439 0.16
3 -0.005 0.00064 1
3 -0.0074 4.2542 51.09
3 -0.0076 0.11516 1
4 0 0.10565 1
4 0 0.60679 1
6 0.01 1.0589 0.01
4 0 2.93598 1
4 0 1e-05 1
4 0 5e-05 1
4 0 0 1
4 0 0.00047 0.5
4 0 8.999999e-05 0.5
4 0 0.00016 1
4 0 0.00029 1
4 0 0.00097 1
2 -0.01 0.00378 1
6 0.01 0.01 1
4 0 0.01038 1
5 0.0099 0.62021 0.04
3 -0.0099 1.66909 1
7 0.0652 1.1954 2
4 0 0.00064 1
1 -0.0552 0.00047 0.07
7 0.0552 0.00044 6
1 -0.0552 8e-05 1
4 0 0.00019 1
7 0.0552 0.00057 2
1 -0.0752 0.00049 1
6 0.01 0.01416 1
3 -0.005 0.01916 1
3 -0.005 0.19278 1
6 0.01 9.5783 0.01
4 0 0.05981 1
5 0.0029 14.49111 12.43
3 -0.0029 0.01438 1
4 0 6.759626 0.2
4 0 3.697786 1
4 0 1e-05 2
4 0 0 2
4 0 9.999996e-06 1
4 0 0 0.01
4 0 0 1
2 -0.01 4.42253 0.39
5 0.005 0.01448 1
3 -0.0049 0.10231 1
3 -1e-04 5.89779 0.59
4 0 16.75522 1
6 0.01 2.82318 1
2 -0.01 4.01169 1
4 0 1.13189 0.02
4 0 0.00088 0.23
4 0 0.01089 1
4 0 0.06313 1
4 0 0.16193 0.65
4 0 5.18467 0.01
5 0.005 1.10939 0.35
3 -0.005 0.92303 0.62
4 0 1.64403 1
4 0 1.72131 1
5 1e-04 0.42235 0.74
3 -1e-04 2.633002 0.01
4 0 4.043153 0.11
4 0 0.328453 1
4 0 1.015183 0.27
4 0 6.999995e-06 0.73
4 0 6.102432 1
4 0 0.00136 1
4 0 0 0.77
4 0 1e-05 1
4 0 0 0.23
4 0 3e-05 0.77
4 0 0.00036 1
4 0 2e-05 2
4 0 9.999996e-06 0.01
4 0 0.00051 0.25
4 0 4.000001e-05 0.35
4 0 0.00898 0.01
4 0 0.00091 2
4 0 0.02734 1
4 0 0.02227 1
4 0 0 1
2 -0.01 2.57408 0.1
5 0.005 0.00184 1
5 0.0022 1.23477 0.03
3 -0.0036 23.2829 0.09
3 -0.0036 1.88811 0.9
4 0 0 0.1
4 0 3.95725 0.66
4 0 1.11392 0.89
4 0 0 0.11
4 0 0.46268 0.25
4 0 2.44719 0.09
6 0.01 3.05766 1
3 -0.0066 2.65813 0.88
3 -0.0034 0.12693 1
6 0.01 12.58406 0.5
4 0 0.000378 1
4 0 6.196022 1
4 0 0 1
4 0 1e-05 1
4 0 0.00031 1
4 0 9.999996e-06 0.1
4 0 1e-05 2
4 0 5e-05 2
4 0 4e-05 0.9
4 0 1e-05 1.1
4 0 1e-05 0.9
4 0 6e-05 1.1
4 0 6e-05 2
4 0 4e-05 2
4 0 9e-05 0.1
4 0 5e-05 0.1
4 0 2e-05 0.1
4 0 6e-05 1.1
4 0 9.999996e-06 2
4 0 2e-05 0.9
4 0 2.000001e-05 0.9
4 0 3e-05 0.1
4 0 3e-05 1
4 0 0 1
4 0 9e-05 0.2
4 0 4e-05 1.7
4 0 9.999996e-06 0.2
4 0 1e-04 0.2
4 0 3e-05 0.9
4 0 4e-05 0.8
4 0 0.00015 0.1
4 0 0.00031 1
4 0 9e-05 0.1
4 0 5e-05 0.1
4 0 2e-05 0.1
4 0 1e-04 1.7
4 0 9.999996e-06 0.3
4 0 4.000001e-05 0.9
4 0 5e-05 1
4 0 0.00443 0.08
4 0 0.00038 0.01
5 0.005 1.53943 0.75
5 0.005 0.94858 1
4 0 2e-05 1
2 -0.01 0 1
6 0.01 1e-05 1
4 0 0.00022 2
4 0 0.00016 2
4 0 2e-04 2
2 -0.01 9e-04 1
4 0 0.00079 1
4 0 0.00388 1
6 0.01 3.45476 1
5 0.01 2.16865 1
4 0 4e-05 1
4 0 9.999996e-06 1
4 0 0.01031 1
4 0 0.00294 1
4 0 0.01228 1
5 0.005 7.47999 1
3 -0.0035 1.35692 0.19
3 -0.0015 0.40346 0.06
6 0.01 2.0487 1
4 0 0.00017 2
4 0 2e-04 2
4 0 4.000001e-05 2
2 -0.01 0.00154 0.94
6 0.01 0.11831 0.94
5 0.005 7.49337 0.15
4 0 1.28106 1
5 0.005 0.00194 0.05
5 0.01 10.33962 1
4 0 0.00041 0.68
4 0 0.00068 1.25
4 0 0.00184 0.44
4 0 3e-05 1
4 0 0 1
4 0 1.03924 1
4 0 0.97519 2
3 -0.01 0.00259 1
5 0.01 0.00522 1
4 0 0.02512 1
5 0.0025 0.06884 1
4 0 0.03348 1
4 0 0.0041 1
4 0 0.73503 1
5 0.0075 4.17184 1
4 0 1.310974 1
4 0 4.000001e-06 1
5 0.01 2.689762 1
4 0 2.8e-05 0.35
4 0 5.6e-05 0.65
1 -0.0572 2.433413 1
4 0 5.4e-05 2
7 0.0572 3.5e-05 1
4 0 4.000001e-06 1
4 0 0.000412 1
4 0 0.00038 2
4 0 0.000389 1
4 0 4.000001e-06 1
4 0 3.7e-05 1
1 -0.0572 5.800001e-05 1
7 0.0497 0.164651 1
4 0 0.399806 1
5 0.0025 1.986247 1
3 -0.005 1.640146 0.04
4 0 3.00388 1
4 0 0.39995 1
5 0.01 0.2437 0.01
3 -0.01 2.31533 1
6 0.02 0.00091 2
4 0 0.00064 1
2 -0.02 0.00167 1
6 0.02 0.00826 8.87
4 0 0.59892 1
2 -0.02 0.39591 1
4 0 1.04947 0.11
4 0 0.18401 1
4 0 2.91733 1
4 0 2.58487 1
4 0 5.04977 1
4 0 0.22215 1
4 0 9.999996e-06 2
4 0 0 1
4 0 0.00033 0.01
4 0 9.999996e-06 1
4 0 0 1
4 0 1e-05 1
4 0 0 1
2 -0.01 0.00041 0.05
6 0.01 0.00019 0.1
4 0 4e-05 0.86
4 0 0 1
2 -0.01 1e-05 0.74
4 0 9.999996e-06 0.1
4 0 2e-05 1
4 0 2e-05 0.11
4 0 4e-05 1
4 0 1e-05 1
4 0 3e-05 1
4 0 9.999996e-06 0.64
4 0 6e-05 0.29
4 0 0 0.1
4 0 1e-05 0.97
4 0 0.00024 1
4 0 6.999999e-05 1
4 0 0.00052 0.9
4 0 0.00011 1
4 0 0.00735 0.01
3 -0.01 0.03581 1
5 0.01 0.05643 2
4 0 0 1
3 -0.01 8e-04 1
5 0.01 1.34196 1.02
4 0 2.17486 0.98
4 0 9.999996e-06 1
4 0 0 1
4 0 0.00073 1
4 0 0 1
4 0 1e-05 0.01
3 -0.01 0.00577 1
5 0.01 0.096 0.01
4 0 9.999996e-06 1.99
4 0 0.00039 0.37
4 0 0.00012 2
3 -0.01 0.00083 1
4 0 0.00087 1
5 0.01 0.00958 1
5 0.0025 0.18123 1
3 -0.0025 27.85855 0.51
4 0 0.376986 0.1
5 0.0099 2.302078 0.25
3 -0.0049 0.011609 1.47
5 0.005 6.090391 1
4 0 0.00035 1
4 0 6e-05 1
2 -0.01 0.00183 1
4 0 0.01025 1
5 0.0035 12.13178 0.1
3 -0.0035 8.92286 1
5 0.003 6.42509 0.02
5 0.007 1.08543 1
4 0 9.999996e-06 1
4 0 0.00036 2
4 0 1e-05 1
4 0 3e-05 2
4 0 3e-05 1
4 0 1e-05 2
4 0 2e-05 1
4 0 3e-05 1.05
4 0 3e-05 1
4 0 3e-05 0.1
4 0 2e-05 0.1
4 0 4e-05 1
4 0 0 0.1
4 0 0.00019 0.95
4 0 0.00015 1
4 0 0 1
4 0 4e-05 1
4 0 0.00049 1.05
4 0 0.00013 1
4 0 1e-05 0.85
4 0 2e-05 0.1
4 0 7e-05 1.05
4 0 9.999996e-06 0.1
2 -0.01 0.00138 1
4 0 0.00114 1
6 0.01 0.23679 1
2 -0.01 1.23725 1
6 0.01 3.10373 1
4 0 0.99033 1
4 0 4e-05 1
4 0 1e-05 2
4 0 9e-05 2
4 0 0.00036 1.85
4 0 9e-05 2
4 0 6e-05 0.15
4 0 0.00055 1.85
4 0 0 0.15
4 0 0.00068 2
4 0 0 19
2 -0.01 0.00029 1
4 0 0.12213 1
6 0.015 2.16222 0.53
5 0.005 12.75323 1
3 -0.01 4e-04 1
5 0.01 0.03738847 0.31
4 0 0.5521588 0.69
3 -0.01 0.002836 0.64
6 0.019 1.339629 0.4
2 -0.019 1.267332 0.01
4 0 8.000003e-06 0.09
5 0.01 4.086753 0.01
3 -0.01 5.691495 0.15
4 0 9.6414 0.08
4 0 0.00023 0.1
4 0 1e-04 0.08
4 0 0.81026 1
4 0 1e-05 0.99
4 0 9e-05 1.01
4 0 0 1
4 0 0.00028 0.92
4 0 3e-05 1
4 0 2e-05 0.56
4 0 4e-05 0.44
4 0 0.00051 1.12
4 0 4e-05 0.88
4 0 0.00682 1
2 -0.01 0.00236 1
4 0 0.15228 1
5 0.0046 3.52222 0.68
5 0.0012 8.63165 2
5 0.0042 6.90519 1
4 0 1e-05 0.35
4 0 0.00035 1
4 0 0.00011 1
4 0 0.00125 0.92
4 0 2e-05 0.08
4 0 0.00036 0.92
4 0 3e-05 0.08
2 -0.01 0.00056 1
6 0.01 0.0032 1
5 0.01 6.08338 1
4 0 2.72754 1
4 0 0.00178 1
3 -0.01 5.00869 1
4 0 3.236 1.08
5 0.01 6.301508 0.01
3 -0.01 2.054227 1
6 0.0198 6.495545 0.25
2 -0.0198 8.53839 1
4 0 0.00941 1
4 0 0.002 1
4 0 0.09869 1
4 0 0.12629 1
4 0 4.65324 0.04
5 0.01 3.12361 1
6 0.01 0.90873 0.39
4 0 8.89411 0.01
2 -0.02 15.49579 0.45
4 0 3.06579 0.1
4 0 5.330549 0.29
4 0 9.1e-05 0.2
4 0 12.07826 0.72
4 0 0.00034 1
4 0 0.05259 0.99
4 0 0.00017 0.01
4 0 0 1
4 0 9.999996e-06 1
4 0 0 1
4 0 3e-05 1
4 0 1e-05 2
4 0 1e-04 1
4 0 2e-05 1
4 0 9.999996e-06 0.01
4 0 1e-05 1
4 0 1e-05 0.99
4 0 5e-05 0.01
2 -0.01 0.02238 0.51
4 0 1.2114 0.41
4 0 0.04497 1
5 0.005 0.93505 1
3 -0.005 0.26801 0.83
5 0.0035 0.00625 0.83
5 0.0065 0.77549 1
4 0 3.54031 1
2 -0.01 0.00041 1
4 0 0.00032 0.43
5 0.005 4.10106 0.26
3 -0.002 0.37395 0.34
5 0.007 0.53205 1
4 0 0 1
4 0 0.00017 0.51
4 0 9.999996e-06 0.49
4 0 0.00101 0.03
4 0 0 0.05
4 0 3e-05 1
4 0 0.00053 1
4 0 2e-05 1
4 0 0 1
2 -0.01 0.00077 2
6 0.01 0.00349 2
4 0 0.01566 2
4 0 0.02817 0.6
2 -0.01 0.0344 1
4 0 7.25158 0.36
4 0 0.7494 0.15
4 0 0.07404 0.38
4 0 9.22094 0.01
4 0 0.4235 0.23
4 0 5.96884 0.01
6 0.01 4.99664 1
2 -0.01 1.84932 0.01
4 0 3.328712 0.03
4 0 0.00126 0.03
4 0 3.829374 0.01
4 0 0.50784 0.23
4 0 2.000129 0.09
4 0 0.165471 0.57
4 0 3.000001e-06 0.43
4 0 5.800001e-05 0.57
4 0 3.999994e-06 1
4 0 4.000001e-06 1
4 0 3.000001e-06 2
4 0 5.000002e-06 0.43
4 0 0.000975 0.57
4 0 4.000001e-06 1
4 0 3.000001e-06 1
4 0 5.000002e-06 1
4 0 3.000001e-06 1.43
4 0 2e-05 0.57
4 0 0.000137 1.9
4 0 1.2e-05 1
4 0 5.000002e-06 1
4 0 1.9e-05 0.48
4 0 0.000183 0.97
4 0 1.2e-05 1.62
4 0 2.9e-05 1.9
4 0 1.1e-05 1
4 0 1.6e-05 1
4 0 7.2e-05 0.03
3 -0.01 0.000229 0.35
4 0 0.000122 0.65
5 0.01 8.8e-05 0.65
4 0 0 0.95
4 0 0.000361 0.05
3 -0.005 0.013724 1
4 0 0 1
3 -0.0025 0.097848 1
3 -0.0025 0.002783 1
5 0.01 0.056961 0.4
4 0 1.6e-05 1
4 0 0.000141 0.6
3 -0.01 0.01001 1
4 0 0.09387 1
5 0.01 0.178506 1.6
4 0 5.000002e-06 0.4
3 -0.01 3.685007 0.01
4 0 1.71967 0.08
6 0.0173 0.42611 1
4 0 0.00065 1
2 -0.0173 1.5506 0.1
4 0 4.49063 0.01
4 0 5.57185 0.31
4 0 2.41249 0.01
4 0 9.0186 0.01
4 0 9.00028 0.01
5 0.007 5.10034 0.13
5 0.003 1.36823 0.78
4 0 9e-05 0.82
4 0 0 0.03
4 0 1e-05 1
4 0 0 1
4 0 9.999996e-06 1
4 0 0 1
4 0 0.00034 1
4 0 0 0.97
4 0 1e-05 1
4 0 9.999996e-06 1
4 0 0.00056 1
6 0.01 0.00219 0.02
4 0 0 1
2 -0.02 3e-04 1
6 0.02 0.00068 1
2 -0.01 4e-05 1
4 0 0.00152 1
6 0.01 3.03622 0.01
4 0 2.97992 1
4 0 3.000001e-06 0.01
4 0 0.00209129 1
2 -0.01 0.01424184 2
4 0 1.05471 1
4 0 0.000408 1
4 0 6.5e-05 0.01
3 -0.01 0.00146 1
5 0.01 0.000608 1
3 -0.01 0.231929 0.1
4 0 0.276015 0.53
4 0 1.185642 1
5 0.001 2.471702 0.26
3 -0.001 2.267055 1
4 0 0.32108 1
4 0 0.001898 1
4 0 0.006332 0.9
5 0.005 0.000787 2.1
3 -0.005 0.814136 1
4 0 6.633547 0.02
5 0.01 2.25122 0.69
4 0 1e-05 0.01
4 0 0 0.13
4 0 0.00016 1
4 0 0 1
4 0 0.00049 1
3 -0.01 0.00211 1
5 0.01 0.00313 1
4 0 0.07437 1
5 0.0035 0.00313 1
5 0.0065 6.99559 1
2 -0.01 0.00279 1
4 0 0.61392 0.03
4 0 6.12754 0.25
4 0 8.05586 0.26
4 0 4.04624 0.32
4 0 6.03047 0.42
5 0.005 0.00599 1
4 0 0.00925 1
3 -0.005 0.00204 1
5 0.005 0.00966 1
4 0 0.00197 1
3 -0.0025 0.05965 1
3 -0.0025 0.374 1
4 0 0.91513 0.48
4 0 1e-05 0.21
4 0 8e-05 1.79
4 0 0 1
4 0 0 0.84
4 0 6e-05 0.25
4 0 1e-05 0.76
4 0 0.00023 0.16
4 0 9.999996e-06 0.01
4 0 0 1
4 0 1e-05 0.75
4 0 9.999996e-06 0.62
4 0 1e-05 0.24
4 0 0 3.86
4 0 0.00011 0.38
4 0 0.00017 0.08
4 0 6e-05 0.14
4 0 1e-05 1
4 0 0.00013 0.52
3 -0.01 0.00015 0.85
4 0 4e-05 0.15
5 0.01 0.00021 0.1
3 -0.01 0.01275 0.36
4 0 9.999996e-06 1
4 0 0 1
4 0 1e-05 1
4 0 0 1
4 0 0 2
4 0 9.999996e-06 2
4 0 0 1
4 0 1e-05 1
4 0 0 1
4 0 0 0.64
4 0 6e-05 0.36
4 0 0 1.99
4 0 1e-05 1.65
4 0 2e-05 0.36
4 0 9.999996e-06 1
4 0 0.00031 0.5
4 0 4e-05 1
4 0 0 1
4 0 1e-05 0.5
4 0 0 1
4 0 9.999996e-06 1
4 0 0.00054 1
3 -0.0075 11.66283 1
5 0.0075 4.45833 0.55
4 0 0.009167 5
4 0 2.518735 1
4 0 2.999994e-06 0.25
4 0 5.000002e-06 1
4 0 5.000002e-06 0.12
4 0 3.3e-05 1
4 0 1e-04 1
5 0.01 0.000705 1
2 -0.02 0.002036 1
6 0.01 0.002684 1
4 0 0.005047 1
2 -0.01 0.212671 1
6 0.01 7.833392 0.16
4 0 0.18416 0.49
4 0 15.90314 0.02
4 0 5e-05 0.01
4 0 3e-05 2.97
4 0 0.00037 0.01
4 0 1e-05 1
4 0 0 0.01
4 0 1e-05 1
2 -0.01 0.00046 1
4 0 0.00481 0.34
4 0 0 1.36
4 0 0 1
4 0 1e-05 2
4 0 3e-05 1
4 0 1e-04 1
4 0 9.999996e-06 1
4 0 0.00018 2
2 -0.01 5e-05 0.32
4 0 0 0.68
4 0 6e-05 0.01
6 0.01 3e-05 1
4 0 0.00211 3
2 -0.01 0.00283 1
4 0 0.011 0.06
4 0 0 1
4 0 0.00077 0.65
4 0 0.01251 1
4 0 0.08645 1
4 0 0.07203 1
4 0 6.28327 0.41
4 0 0.14457 0.39
5 1e-04 0.00167 0.39
7 0.0221 11.18655 1
4 0 0.00058 2
2 -0.0122 0.022 1
4 0 0 1
4 0 9.999996e-06 2
4 0 2e-05 1
4 0 1e-05 1
4 0 0 2
4 0 9.999996e-06 0.38
4 0 9e-05 1
4 0 1e-05 0.62
4 0 9.999996e-06 1.4
4 0 0 0.98
4 0 0.00017 1
4 0 3e-05 1
4 0 2e-05 1.02
4 0 9.999996e-06 1
4 0 0.00015 1
4 0 3e-05 0.75
4 0 0.00014 0.19
4 0 5e-05 1
4 0 0.00017 2
4 0 3e-05 1
2 -0.01 0.00039 1
6 0.01 0.00012 0.05
2 -0.01 0.00165 1
6 0.01 6e-04 1
2 -0.01 0.001 1
6 0.01 0.00561 5
4 0 0.01239 1
4 0 0.00388 1
4 0 0.00357 1
4 0 0.00143 1
4 0 0.10865 1
4 0 0.08616 1
2 -0.01 9.99792 0.05
4 0 4.011076 0.94
4 0 4.014643 0.08
6 0.01 13.11902 1
4 0 2e-05 1
4 0 7e-05 1
4 0 0 0.25
4 0 3e-05 0.75
4 0 9.999996e-06 1
4 0 3e-04 1
4 0 5e-05 1
4 0 1e-05 1
4 0 3e-05 1
4 0 2e-05 1.34
4 0 5e-05 0.66
4 0 5e-05 1.34
4 0 9.999996e-06 0.66
4 0 1e-05 2
4 0 3e-05 1
4 0 1e-05 1
4 0 2e-05 1
4 0 2e-05 1
4 0 1e-05 1
4 0 5e-05 0.66
4 0 6e-05 1.34
4 0 2e-05 0.66
2 -0.01 0.00096 1
6 0.01 8.93086 0.9
4 0 3.81288 0.57
4 0 4e-05 0.43
4 0 2.20212 0.11
6 0.01 18.02159 0.25
2 -0.01 3.05043 0.25
4 0 0.00015 0.46
4 0 0 0.01
4 0 0 0.01
5 0.0099 3.389928 1.25
3 -0.0099 13.94957 1
4 0 14.79043 0.1
4 0 0.24097 0.05
4 0 0.00012 0.05
4 0 7e-05 0.1
4 0 0.3542 0.01
4 0 0.00011 0.04
4 0 0.1115 0.1
4 0 9.05593 1.09
5 0.005 8.08237 1
5 0.005 0.00161 0.47
4 0 0 0.01
4 0 0 0.52
4 0 4e-04 1
2 -0.01 0.00127 2
5 0.005 0.00132 1
4 0 0.00589 1
4 0 0.00419 2
4 0 0.005 1
3 -0.0025 0.08583 1
3 -0.0025 0.00011 1
4 0 0 1
4 0 9.999996e-06 1
4 0 1e-05 1
4 0 0 1
4 0 0 1
4 0 0 0.01
4 0 9.999996e-06 1.89
4 0 0.00014 0.11
4 0 9.999996e-06 0.89
4 0 2e-05 0.11
4 0 1e-05 0.78
4 0 4e-05 0.22
4 0 0.00016 0.01
4 0 9.999996e-06 1
4 0 1e-05 0.99
4 0 3e-05 0.01
4 0 1e-05 1
4 0 4e-05 0.79
4 0 5e-05 0.07
4 0 2e-05 1
4 0 6e-05 1
2 -0.01 0.00044 0.09
6 0.01 1e-05 1.7
4 0 4e-05 0.08
4 0 0 0.22
4 0 4e-05 1
4 0 0 0.78
4 0 0 0.22
2 -0.01 0.00065 0.91
4 0 0 1
4 0 0 1
4 0 1e-05 1
4 0 0 1
4 0 9.999996e-06 0.47
4 0 6e-05 0.53
4 0 1e-05 1
4 0 9e-05 1
4 0 9.999996e-06 1
4 0 1e-05 1
4 0 0 1
4 0 8e-05 1
4 0 0.00059 1
4 0 4.000001e-05 1
4 0 0.00516 0.01
4 0 0.00256 2
4 0 0 1
3 -0.01 0.01799 1
6 0.02 0.19296 1
2 -0.02 5.96932 0.05
4 0 1.80064 0.95
4 0 4e-05 1.37
4 0 0.00011 1
4 0 0 0.01
4 0 9.999996e-06 1
4 0 0 0.01
4 0 9e-04 1
4 0 0.00039 1.98
4 0 0.00032 1.02
4 0 0 1
2 -0.01 0.00225 4
4 0 0.00043 1
4 0 0.00079 3.02
4 0 1e-04 1
4 0 1e-05 2
4 0 0.00013 0.5
6 0.015 0.00211 1
2 -0.015 0.00284 0.48
4 0 0 0.09
6 0.01 0.01118 1
4 0 0 1
4 0 0 1
4 0 0.00405 1
4 0 0.00745 0.1
2 -0.01 0.03932 1
4 0 0.00126 1
4 0 0.08185 1
4 0 0.04201 1
4 0 0.01733 1
4 0 0.00164 1
4 0 0 1
4 0 0.29818 2
4 0 0.1628 0.02
4 0 0 1
4 0 9.999996e-06 1
4 0 0.00026 1
4 0 0 1
2 -0.01 0.70847 0.02
4 0 1.654659 0.2
6 0.01 0.8626306 1
2 -0.01 9.41668 2
4 0 9e-05 0.8
4 0 2e-05 0.01
3 -0.01 0.00042 0.31
5 0.01 4e-05 0.01
3 -0.01 13.18391 1
4 0 1e-05 0.07
4 0 0 1
4 0 1e-05 0.93
4 0 9.999996e-06 0.07
4 0 0.00014 1
4 0 3e-05 1
4 0 1e-05 2
4 0 6.999999e-05 2
4 0 6.000001e-05 2
4 0 2e-05 1.99
4 0 3e-05 2
4 0 1e-04 2
4 0 6e-05 2
4 0 2e-05 0.01
4 0 0 0.01
4 0 3e-05 0.01
4 0 3e-05 1.75
4 0 0 1
4 0 1e-05 1
4 0 8e-05 1.5
4 0 3e-05 1
4 0 0 1
4 0 9.999996e-06 1
4 0 7e-05 0.07
4 0 9.999996e-06 1.93
4 0 1e-05 0.07
4 0 9.999996e-06 0.22
4 0 1e-05 0.75
4 0 0.00025 1
4 0 8.000001e-05 0.03
4 0 0.01927 0.15
2 -0.01 4.62484 0.86
4 0 1.40605 1
4 0 0.00586 1
4 0 0.00271 0.31
4 0 1e-05 0.01
4 0 0 2
4 0 0 0.11
4 0 0.00013 1
4 0 0.00063 2.57
2 -0.01 0.08064 0.1
4 0 0.50945 0.8
4 0 16.41649 1
4 0 3.95739 0.1
4 0 0 0.97
4 0 9.999996e-06 0.31
4 0 0 1.87
4 0 1e-04 0.13
4 0 1e-05 1
4 0 0.00034 0.01
4 0 3e-04 0.74
4 0 0.00029 0.26
3 -0.005 2.02857 0.18
3 -0.005 2.51927 0.1
4 0 9.068478 0.1
4 0 0.086011 0.05
5 0.0053 4.3216 2.5
5 0.0047 12.00231 1
4 0 4.43164 1
4 0 0 1
4 0 0 1
4 0 1e-05 0.2
4 0 0.00016 2
4 0 0.00023 1.65
4 0 3e-05 0.25
4 0 5e-05 0.1
4 0 3e-05 0.75
4 0 0.00014 0.9
4 0 0.00192 1
4 0 0.26643 1
3 -0.01 2.53105 0.31
4 0 0 0.09
4 0 0 1
4 0 0.00015 0.3
4 0 9.999996e-06 0.91
4 0 2e-04 1
4 0 0 0.7
4 0 0.00011 0.09
4 0 9.999996e-06 1
4 0 0.00029 1.21
4 0 0.00016 1
2 -0.01 1e-04 0.09
6 0.01 6e-05 0.25
4 0 4e-05 0.54
4 0 0 1
4 0 0 0.01
2 -0.01 1e-05 0.22
4 0 0 1
4 0 9.999996e-06 1.53
4 0 0 0.17
6 0.01 0.00056 7.75
4 0 0.00043 1
2 -0.01 0.00464 1
4 0 0.01363 1
3 -0.0099 15.24609 1.1
3 -1e-04 0.00327 1.1
4 0 0.9267 0.03
5 0.003 16.51461 0.75
3 -0.003 1.426594 0.05
4 0 0.000214 0.15
4 0 3.6e-05 0.1
4 0 1.800001e-05 0.15
4 0 8e-05 0.05
4 0 5.000002e-06 0.14
4 0 0.000161 0.06
4 0 4.6e-05 0.08
4 0 4.000001e-06 0.15
4 0 0.000425 0.15
4 0 0.00032 0.02
4 0 0.000359 0.02
4 0 0.287547 0.85
4 0 0.000415 1
4 0 0.000572 2.23
4 0 1e-06 0.58
4 0 0 0.01
4 0 9.5e-05 1
4 0 0.052323 1
2 -0.01 0.778377 0.1
4 0 0.002261 0.05
4 0 0.002382 0.05
4 0 0.000931 0.1
4 0 0.00021 0.1
4 0 0.001377 0.2
4 0 1.075384 0.12
4 0 8.899999e-05 0.07
4 0 0.000675 0.08
6 0.01 0.636227 0.04
4 0 1.5e-05 1
4 0 0.000351 2
4 0 7.999995e-06 1
4 0 8.7e-05 2
4 0 8.000003e-06 1
4 0 0.000561 2
4 0 0.000388 1
4 0 0.101071 1
4 0 0.000345 0.1
2 -0.01 6.373038 1
5 0.0019 3.23594 1.4
5 0.0031 0.05038 2.27
3 -0.005 3.42181 1
4 0 0.45219 2.21
4 0 0 1
4 0 1e-05 0.02
4 0 0 3
4 0 9.999996e-06 2.15
4 0 0 1
4 0 0.00013 1
4 0 1e-05 1
4 0 0 0.01
4 0 3e-05 1
2 -0.01 0.00049 0.31
4 0 1e-05 1
4 0 0 1
4 0 0 0.69
4 0 9.999996e-06 0.31
6 0.01 8.000001e-05 4.92
4 0 0 1.67
4 0 3e-05 1
2 -0.01 0.00023 1
4 0 0 1
6 0.01 0.00014 1
4 0 0.00396 2
5 0.0025 0.10913 1
1 -0.0225 0.89036 0.32
4 0 0.39163 0.31
4 0 0 0.69
4 0 4e-05 0.31
4 0 4e-05 1
4 0 8e-05 0.73
4 0 3e-05 0.95
3 -0.0034 1.0525 0.48
3 -0.0016 3.22087 1
5 0.005 8.59258 1
2 -0.01 4.20566 0.79
5 0.0049 0.10744 0.56
3 -0.0049 1.89501 0.55
4 0 2e-04 0.21
4 0 8.01129 0.73
4 0 4.01626 0.7
6 0.01 15.084 1
4 0 3.000001e-06 1
4 0 5.000002e-06 1
4 0 4.000001e-06 1
4 0 2e-05 4
4 0 9.999996e-06 2
4 0 8.000003e-06 0.32
4 0 7.000002e-06 4
4 0 8e-05 1
3 -0.005 7.000002e-06 1
5 0.005 2.000001e-06 0.68
4 0 4.999994e-06 1
4 0 2.000001e-06 0.32
4 0 3e-05 1
4 0 5.000002e-06 1
4 0 1.3e-05 1
4 0 4.9e-05 1
4 0 2.4e-05 1
4 0 7.999995e-06 0.1
4 0 2.5e-05 0.1
4 0 2e-05 1.68
4 0 2e-05 1.68
4 0 0.000126 0.1
4 0 3.1e-05 1
4 0 0.000158 1.9
4 0 5.999995e-06 0.78
4 0 6.8e-05 1
4 0 0 1
4 0 0.000143 1.9
4 0 2.3e-05 1
4 0 6.000001e-05 1
4 0 6.6e-05 1
4 0 7.999995e-06 1
2 -0.01 0.000631 1.72
4 0 6.000002e-06 2
4 0 2.999994e-06 1
4 0 4.000001e-06 0.51
4 0 3.000001e-06 1
4 0 4.000001e-06 1.77
4 0 0.000157 1
4 0 6.999995e-06 0.39
5 0.0025 0.902584 1
5 0.0025 1.102274 1
3 -0.005 9.000003e-06 1
4 0 1.8e-05 0.61
4 0 8.7e-05 1
4 0 0.000445 1
4 0 0 0.01
4 0 0.000271 1
4 0 2.499999e-05 1
4 0 0.00436 1
2 -0.01 1.995354 1
4 0 4.000001e-06 1.74
4 0 3.999994e-06 0.3
4 0 5.000002e-06 1
4 0 3.000001e-06 2
4 0 0.000192 1
4 0 0.000503 4
4 0 9.7e-05 1
4 0 0.005397 1
4 0 0.107933 1
3 -0.01 1.36643 1
4 0 6.93862 1
4 0 0.08558 1
4 0 9.999996e-06 2
2 -0.01 0.43877 0.03
5 0.005 0.05777 0.01
3 -0.005 0.00487 0.3
4 0 0 0.24
4 0 3.94374 2.2
5 0.001 8.54503 2
3 -0.001 0.25805 1
4 0 0 1
4 0 0.00017 2
4 0 0.00065 0.05
4 0 0.00587 1
4 0 0 1
3 -0.0081 2.14635 1
3 -0.0019 0.44538 1
4 0 8.27921 0.01
4 0 0.43299 0.31
4 0 3.60296 0.18
4 0 0.46669 0.1
4 0 1.95305 0.65
4 0 3e-05 0.17
4 0 0.00037 0.9
4 0 3e-05 1
4 0 6e-05 1
4 0 4e-05 1
4 0 4e-04 1
4 0 9.999996e-06 1
3 -0.009 0.30185 0.24
5 0.004 1.28555 1.2
5 0.005 0.01386 1
4 0 4e-04 1
4 0 0 2
4 0 4e-05 2
4 0 0 0.6
4 0 2.000001e-05 0.5
4 0 2e-05 0.5
4 0 9.999996e-06 1.5
4 0 1e-05 1.5
4 0 2e-05 2
4 0 8e-05 1
4 0 7e-05 0.4
5 0.005 0.00889 1
3 -0.005 0.38897 0.63
4 0 0.00015 1
4 0 1.46082 1
4 0 3e-05 0.37
4 0 9e-05 1
4 0 0.00017 0.37
4 0 0.30982 0.1
4 0 0.00011 0.05
4 0 0.24241 0.48
4 0 1e-05 0.12
4 0 0.4474 1
4 0 3e-05 0.88
4 0 1e-04 1
4 0 0.00015 0.88
5 0.005 0.36386 1
4 0 0.05782 1
4 0 0.9876 1.16
3 -0.005 0.23767 0.57
6 0.01 2.69415 1
4 0 4e-05 1
4 0 9.999996e-06 1
4 0 0.00033 1
4 0 0 1
4 0 2e-05 2
4 0 4e-05 2
4 0 0.00056 2
4 0 0.6905 0.3
4 0 0.31288 1
4 0 4e-05 2
4 0 1.704262 2
6 0.01 0.0022893 2
5 0.01 0.7767424 1
2 -0.02 6.628856 0.1
6 0.02 1.606095 1
4 0 0.009 2
2 -0.0199 0.191189 0.02
6 0.0149 3.332796 1.81
4 0 0 4
4 0 0.00012 1.81
4 0 4e-05 1
3 -0.005 3e-04 1
5 0.005 5e-05 1.27
4 0 0 1.19
4 0 0.00031 0.92
4 0 0 1.81
3 -0.005 0.00077 1.72
5 0.01 0.00087 1
4 0 0.00012 1.47
3 -0.01 0.00404 1
4 0 0.00031 0.19
4 0 0.00059 0.81
6 0.015 0.00071 40
4 0 0.00118 1.64
3 -0.005 0.09857 1
4 0 2.29185 1
4 0 3e-04 1
4 0 1e-05 1.12
4 0 1e-04 1
4 0 0.00011 2
4 0 0 1
4 0 0.00037 1
4 0 9.999996e-06 2
4 0 0.00407 1
4 0 9e-05 1
4 0 0.0014 1
3 -0.01 0.00982 0.62
5 0.01 0.04168 0.94
4 0 4.7436 1
4 0 3e-05 2
4 0 0.00027 1
7 0.0591 2.23018 1
4 0 0.00017 1
4 0 0.00048 1
1 -0.0491 0.00044 0.01
4 0 9.999996e-06 1
4 0 0 1
4 0 1e-05 1
4 0 0 2
4 0 2e-05 1
4 0 0 1
4 0 0.00013 2
4 0 9.999996e-06 1
4 0 2.000001e-05 1
4 0 5e-05 1
4 0 0.00014 1
4 0 0.00263 3
2 -0.02 0.39007 0.05
4 0 0.00019 0.1
6 0.0196 9.40121 0.09
2 -0.0196 20.3768 0.05
6 0.02 2.1445 1
4 0 0.30336 0.06
2 -0.02 9.54624 0.05
6 0.02 0.650105 0.36
2 -0.0199 4.332441 0.01
6 0.0199 10.52717 1
4 0 4e-05 1
4 0 0 1
4 0 0.00014 2
4 0 0.00019 0.5
4 0 0 2
4 0 1e-05 1
4 0 0.00014 1
4 0 0.00013 2
4 0 0.00024 2
4 0 5e-05 2
4 0 6e-05 1
3 -0.005 1.94655 1
5 0.0049 8.14846 0.2
5 1e-04 0.00042 1
4 0 0.00077 1
3 -0.005 3.75898 1
5 0.005 0.00061 1
4 0 3e-05 2
4 0 1.32636 1
4 0 4.9797 1
4 0 0.00054 1
4 0 0.00058 1
4 0 0.00731 1
4 0 9.999996e-06 2
5 0.005 6.88891 1.19
3 -0.005 0 1
4 0 1e-05 1
4 0 0.00031 1.4
5 0.005 6e-05 1
4 0 0 1
3 -0.005 0 0.01
4 0 0.00058 1
5 0.0024 0.5022 1
3 -0.0024 0.65628 0.4
6 0.01 6.4187 1
3 -0.005 7.307987 1
3 -0.005 0.000158 0.6
4 0 4.000001e-06 0.4
5 0.005 7.999995e-06 1
4 0 6.000002e-06 1
3 -0.005 1e-06 2
4 0 5.000002e-06 0.61
4 0 6.000002e-06 0.6
4 0 9.6e-05 0.39
4 0 1e-06 1
5 0.005 0.000106 1
3 -0.005 0.00013 0.05
4 0 5.7e-05 0.95
5 0.005 5.800001e-05 1
3 -0.005 7.5e-05 1
4 0 4.1e-05 1
4 0 0.000199 1
4 0 4.1e-05 0.01
4 0 0.016261 1
4 0 0.000604 1
3 -0.005 4.477847 2
3 -0.0049 12.07355 0.13
6 0.0102 33.69938 1
4 0 6.000001e-05 1
3 -3e-04 3.7204 0.93
4 0 1e-04 0.91
4 0 0 0.58
4 0 0 1
4 0 0 1
4 0 1e-05 0.63
4 0 0 0.62
4 0 9.999996e-06 0.07
4 0 8e-05 0.38
4 0 0 0.09
4 0 0.00026 2
4 0 1e-05 0.72
4 0 7e-05 0.18
4 0 3e-05 0.1
4 0 2e-05 0.9
4 0 0 1
4 0 8.000001e-05 2
4 0 4e-05 1
4 0 3e-05 1
4 0 2e-05 2
4 0 2e-05 1
4 0 0 1
4 0 1e-05 2
4 0 5e-05 0.2
4 0 0.00016 1.27
4 0 7e-05 1
4 0 9e-05 0.13
4 0 0.00059 0.28
4 0 0.00363 0.8
4 0 0 1
4 0 0 1
2 -0.01 0.00103 0.79
4 0 0.00019 1
6 0.01 3e-05 2
4 0 0.01944 0.1
4 0 0 0.1
4 0 0.00263 0.8
4 0 0.91945 1
4 0 0.00081 1
4 0 0.0015 1
3 -0.0029 0.77987 0.2
5 0.0029 1.97822 0.1
2 -0.01 12.96508 0.3
5 0.005 2.94182 1
3 -0.005 0.91848 0.06
6 0.01 0.26111 0.01
4 0 1e-05 1
4 0 0.0024 2
4 0 1e-05 1
4 0 9.999996e-06 2
4 0 0 1
4 0 3e-05 2
4 0 9.999996e-06 1
4 0 1e-05 1
4 0 0 1
4 0 9.999996e-06 1
4 0 0.00112 1
4 0 1e-05 2
4 0 9.999996e-06 2
4 0 0 1
4 0 1e-05 2
4 0 0.00063 1
4 0 0.00094 1
4 0 0.00128 2
4 0 7e-04 0.1
4 0 6e-05 0.1
4 0 0.00066 1.8
4 0 0 1.2
4 0 0.00431 2
4 0 9.999996e-06 1
4 0 0.00039 1
4 0 0.00086 1
4 0 3e-05 1
4 0 0.00719 2
4 0 0.00443 0.1
4 0 0.00807 1.9
4 0 1e-05 23.1
6 0.01 0.05196 1
4 0 0.00066 1
4 0 0.01773 0.02
4 0 0 0.08
2 -0.01 0.16061 1
6 0.01 0.19397 0.4
4 0 4.58956 1
4 0 0.0152 0.04
4 0 0.0081 0.03
4 0 11.59644 2
3 -0.009 4.62057 0.02
6 0.0186 3.61918 1.19
2 -0.0196 9.85274 1.22
4 0 0.00035 0.56
4 0 3e-05 0.22
4 0 1e-05 1
4 0 0.00163 1
5 0.005 2.58466 5
5 0.005 4.52364 1
4 0 0.00049 1
4 0 0 1
4 0 1e-05 1
4 0 0.01405 0.1
4 0 1e-05 0.9
4 0 0.00028 0.1
4 0 4e-04 1
2 -0.01 2.813628 2
4 0 3.999994e-06 2
4 0 4.000001e-06 2.49
4 0 2.3e-05 0.51
4 0 5.000002e-06 0.01
4 0 4.000001e-06 0.01
4 0 4.999994e-06 0.36
4 0 2.000001e-06 0.02
4 0 0.000178 0.82
4 0 9.2e-05 0.18
4 0 0.000103 1
4 0 6.000002e-06 1
4 0 0.000143 0.82
4 0 2e-04 0.18
4 0 0.001074 0.5
3 -0.005 2.236512 0.9
5 0.005 0.996829 1
3 -0.005 9.873368 1
5 0.005 2e-05 1
4 0 0.00036 1
4 0 0.00099 1
4 0 6e-05 1
4 0 0.08411 0.4
4 0 0.11272 1
5 0.004 24.17238 0.02
2 -0.0139 0.17391 0.02
3 -1e-04 0.00394 0.02
7 0.02 10.23224 1
2 -0.01 0.00284 1
5 0.0099 2.01826 0.07
5 1e-04 2.75667 0.88
4 0 0.00045 0.11
2 -0.0116 0.27485 5
3 -0.0034 0.83586 2.85
5 0.005 1.25017 1
4 0 0.00051 0.1
4 0 4.226003 1
4 0 0.0007796 1
4 0 0.0015117 1
4 0 0.0124823 1
4 0 3.876657 1
4 0 0.001697 1
4 0 0.001321 1
4 0 9.999996e-06 2
4 0 0.000104 2
4 0 0.000226 2
4 0 3.4e-05 2
4 0 0.000373 1
4 0 0 1
4 0 1.102074 1
4 0 1.745347 0.76
4 0 0.030433 0.06
4 0 0.306691 1
4 0 0.000133 0.94
4 0 3.079874 1
4 0 0.00013 0.06
4 0 0.00352 1
4 0 5e-05 2
4 0 0 2
4 0 2.01778 1
4 0 9.999996e-06 1
4 0 0.00062 2
4 0 0.00063 1
4 0 0.00084 2
4 0 0.00056 2
4 0 5.02186 2
3 -0.002 1.88474 0.6
5 0.002 1.02538 1
4 0 0.00053 1
4 0 2.09913 2
4 0 2.04386 2
3 -0.0076 1.9403 3.5
5 0.0076 1.06921 2
4 0 0.0059 2
4 0 18.77932 1
3 -0.0064 0.48012 0.06
3 -0.0026 3.02444 0.33
5 0.009 1.54856 1
4 0 5.86677 1
4 0 0 1
4 0 2e-04 1
4 0 0.00129 2
4 0 2.173765 0.1
4 0 2.882561 2
4 0 0.105769 1.4
4 0 0.000127 0.6
4 0 1.02819 1
4 0 0.000123 0.4
4 0 0.061505 1
4 0 3.807286 2
6 0.01 0.166466 0.01
5 0.006 0.789731 1
2 -0.0159 18.32885 0.06
3 -1e-04 2.77106 0.13
4 0 7.79165 2
4 0 5e-04 13
4 0 0.16599 1.87
4 0 0 0.01
4 0 0 0.13
4 0 9.999996e-06 1
4 0 1e-05 0.06
4 0 0 0.15
4 0 5e-05 0.85
4 0 0.00069 1
4 0 0 1
6 0.01 4.09889 1
4 0 2.25258 0.54
4 0 0.00134 0.45
4 0 3.72362 0.1
4 0 1e-05 1
4 0 0.01119 1
4 0 4e-04 1
4 0 9.999996e-06 2
3 -0.005 0.00034 2
4 0 0.00379 2
5 0.005 9.999996e-06 0.9
4 0 3e-05 0.1
4 0 0.00036 0.67
4 0 0.00055 0.33
3 -1e-04 0.01063 4
5 1e-04 0.00061 1.33
4 0 0.00064 0.67
4 0 0.00985 1
4 0 0.54106 1
4 0 0 1
4 0 0.00013 2
4 0 7e-04 0.33
4 0 0 0.17
4 0 1e-04 0.5
4 0 0.00595 1
4 0 0.00013 0.5
4 0 4.85071 1
4 0 0.02927 1
4 0 0.00061 2
4 0 8.587101 2
4 0 2.914279 1
4 0 0.000465 2
4 0 0.010599 0.2
4 0 2.522664 2
5 0.01 0.000507 1
4 0 4.000001e-06 1
4 0 2e-05 0.2
4 0 5.3e-05 0.2
3 -0.01 0.000932 1
5 0.01 0.000356 1
4 0 0.000176 1
4 0 0.006186 1
5 0.0061 15.00309 0.15
5 0.0039 1.29034 1
2 -0.01 20.53625 2
4 0 0.00253 1
4 0 0 1
4 0 4.000001e-05 1.39
4 0 0.01075 2
4 0 0 1
4 0 1e-05 1
4 0 9.999996e-06 0.87
4 0 0 1
4 0 0 0.01
4 0 0.00034 0.7
4 0 7e-04 1
4 0 4e-05 2.3
4 0 4e-05 0.31
4 0 0 0.99
4 0 3e-05 1.29
4 0 5e-05 3.72
4 0 0 0.01
4 0 0.00052 0.1
4 0 0.00012 1
4 0 2e-04 1
4 0 0.00027 1
4 0 0.00829 1.65
4 0 2e-05 0.41
4 0 0.00012 0.41
4 0 2e-05 0.82
4 0 9.999996e-06 0.27
4 0 3e-05 3.73
4 0 0 2
4 0 0 4
4 0 3e-05 1.18
4 0 9.999996e-06 0.82
4 0 0.00074 6
4 0 5e-04 1
4 0 9e-05 1.18
4 0 2e-05 0.32
4 0 1e-05 1
4 0 0.0024 1
4 0 4e-05 1
4 0 0 1
4 0 0 0.01
4 0 0.00416 1
4 0 0.00716 0.01
4 0 0.02623 1
3 -0.01 17.98107 2
5 0.005 0.001473 2
3 -0.005 0.037011 1.65
5 0.01 17.89106 0.99
4 0 0 0.01
3 -0.01 3.95526 1
4 0 9.999996e-06 2
4 0 0 0.7
4 0 0 2
4 0 1e-05 0.48
4 0 0 1
4 0 0 1
4 0 2e-05 0.3
4 0 1e-04 1
4 0 0 10
4 0 0.00011 1
4 0 1e-05 1
4 0 3e-05 0.01
2 -0.01 3e-05 0.99
4 0 0.00012 0.13
4 0 4.000001e-05 0.68
4 0 0.00021 0.19
6 0.01 1e-04 0.01
2 -0.01 1e-05 0.12
6 0.015 6.999999e-05 1
2 -0.015 9e-05 0.08
4 0 7e-05 0.01
4 0 6e-05 0.4
4 0 1e-05 0.41
4 0 0 1
4 0 9.999996e-06 1
4 0 0.00012 0.99
4 0 0.00027 0.52
4 0 4e-05 0.47
4 0 0.00697 0.01
2 -0.01 2.74908 0.1
6 0.01 0.88896 1
2 -0.01 5.74653 0.1
5 0.0099 4.31595 0.89
3 -0.0099 6.67904 0.09
5 1e-04 22.68605 0.25
5 0.0034 0.007863 0.25
3 -0.0035 5.437115 12
6 0.01 9.00481 0.22
2 -0.01 2.15545 0.8
4 0 0 1
5 0.005 0.42818 1
4 0 2.52253 0.05
3 -0.005 0.68473 1
4 0 0 1
4 0 9.999996e-06 1
4 0 0 0.71
4 0 4.000001e-05 3
4 0 9.999996e-06 0.01
4 0 6e-05 0.29
4 0 0 1
4 0 1e-05 1
4 0 3e-05 4.96
4 0 0.00029 1.04
4 0 3e-05 1.68
4 0 6.999999e-05 0.32
4 0 0.00017 2.46
4 0 0 0.3
4 0 0.00029 0.7
4 0 0 1
4 0 9e-05 1
3 -0.01 0.00131 0.02
4 0 0.00032 0.98
4 0 0.00023 0.01
4 0 4e-05 0.99
4 0 3e-05 1
4 0 0.00511 2
2 -0.01 0.02341 0.1
4 0 1e-05 0.1
4 0 0 0.1
4 0 9.999996e-06 0.1
4 0 0.00807 1
4 0 0.00641 0.5
4 0 2e-04 1
4 0 0.00027 1
4 0 0.00114 0.8
4 0 0 1
4 0 1e-05 1
4 0 0 1
4 0 0 0.2
4 0 0.00186 0.8
4 0 0 1
4 0 0 0.2
4 0 6.000001e-05 0.8
4 0 0.11861 1
2 -0.01 0.39252 1
4 0 5e-05 0.53
4 0 0 0.47
3 -0.01 0.93048 1
4 0 0.00193 1
4 0 1e-05 1
4 0 1.96097 0.81
4 0 0.11359 1
4 0 0.00033 1
4 0 1.35165 0.62
4 0 3e-05 0.38
4 0 8.000001e-05 0.24
4 0 0.00677 0.62
2 -0.01 6.35861 1
4 0 0 1
4 0 1e-05 1
4 0 0 1
4 0 3e-05 1
4 0 0 0.22
4 0 8.000001e-05 0.16
4 0 0.00016 1.38
4 0 0.00386 3
4 0 5e-05 0.62
2 -0.01 0.00043 0.02
4 0 1e-05 0.08
4 0 8.19117 2
3 -0.0099 2.06543 0.2
6 0.0199 1.48842 1
4 0 9.999996e-06 2
4 0 1e-05 1
4 0 9.999996e-06 1
4 0 0.00034 1
4 0 1e-05 1
4 0 6e-05 1
4 0 0 0.52
4 0 1e-05 1
4 0 9.999996e-06 1
4 0 8e-05 1
4 0 2e-05 1
4 0 1e-05 1.5
4 0 3e-05 0.01
4 0 2e-05 1.52
4 0 3e-05 1
4 0 2e-05 1
4 0 0 0.52
4 0 2e-05 2
4 0 1e-05 1.52
4 0 0.00024 1
4 0 0 1
4 0 6e-05 1
4 0 0.00018 2
4 0 0.00066 2
2 -0.01 0.00429 1
6 0.01 0.0927 1
3 -0.0064 1.79929 0.61
5 0.0049 1.56663 70
5 0.0015 0.00051 1
4 0 0 1
4 0 0.00011 1
4 0 0 1
4 0 9.999996e-06 1
5 0.005 15.81864 3
3 -9e-04 2.210591 2.25
5 0.0014 1.74927 0.11
3 -0.0055 5.61445 0.17
6 0.01 1.07535 1
4 0 0.00104 1
3 -0.005 0.01921 1
5 0.005 0 0.05
4 0 1e-05 0.03
3 -0.005 0.00037 1
5 0.005 0 1
3 -0.005 9e-05 1
5 0.005 3e-05 2
4 0 3e-05 2
4 0 3e-05 0.1
4 0 3e-05 0.74
4 0 0 0.1
4 0 9.999996e-06 0.1
4 0 9e-05 0.26
4 0 3e-05 1.7
4 0 9.999996e-06 0.3
4 0 0.00035 1
4 0 3e-05 1
4 0 5e-05 1.9
4 0 0.00012 0.1
4 0 4e-05 0.1
4 0 9.999996e-06 0.1
4 0 9e-05 1
4 0 0.04573 2
4 0 1e-05 7.92
4 0 0.32791 0.1
4 0 0.11658 0.02
4 0 0.02401 0.1
4 0 0.09035 1
2 -0.01 2.32174 0.73
5 0.0016 3.06036 0.28
5 0.0084 4.0627 0.08
2 -0.01 4.52349 1
6 0.01 2.81885 1
4 0 0.00131 1
4 0 5.47675 1
4 0 0.00038 0.92
4 0 0 1
4 0 0.00011 1
4 0 9.999996e-06 0.97
4 0 3e-05 0.03
4 0 9.999996e-06 1.97
4 0 1e-04 0.03
4 0 0.00038 1.58
4 0 0.00078 2
4 0 0 22
4 0 1e-04 1
4 0 0.91036 0.14
4 0 6.89692 1
4 0 5.76938 1
4 0 1.53472 1
2 -0.01 4.337722 9
6 0.01 0.225116 3.42
4 0 2.038951 2
4 0 0.000195 0.86
4 0 0.000598 1
4 0 0.000524 1
3 -1e-04 4.5e-05 2
5 1e-04 0.000569 1
3 -1e-04 0.002345 1
5 1e-04 0.000278 1
3 -1e-04 0.000882 1
4 0 0.000541 1
5 1e-04 3.556055 0.01
4 0 0.472618 1
4 0 0.000874 1
4 0 6.226657 0.01
4 0 0.02514 0.01
4 0 0.2383 1
4 0 0.00013 0.99
4 0 0.00042 1
4 0 0.00309 2
4 0 0.00055 1
4 0 0.007 1
4 0 0.00056 1
4 0 0.00057 1
4 0 0 1
4 0 0.00059 1
5 0.01 0.00062 1
4 0 1e-05 0.08
4 0 2e-05 0.15
4 0 0.00094 1
5 0.005 0.00587 23
5 0.005 0.00051 1
4 0 0.01004 1
2 -0.01 0.16319 1
6 0.01 0.01823 1
4 0 0.04411 1
2 -0.01 13.87927 1
6 0.0124 17.04212 2
2 -0.0124 3.53693 0.23
6 0.01 6.89127 0.34
3 -0.0099 5.674697 0.47
3 -1e-04 0.003307 0.47
6 0.01 6.978376 1
2 -0.01 2.81399 0.75
4 0 0.00012 0.02
6 0.01 3.93992 2
5 0.0015 7.23131 2
2 -0.0114 8.64017 1
5 0.0099 9.52535 2
2 -0.01 2.59449 0.02
6 0.01 13.92955 1
4 0 0.00142 1
4 0 8.966234 3
5 0.0098 2.13409 1
2 -0.0133 9.358396 1.95
6 0.0135 12.7543 1
4 0 0.00014 0.05
4 0 3.38166 1
4 0 3e-05 0.2
4 0 0 0.05
4 0 9.999996e-06 1
4 0 0 1
4 0 1e-05 0.01
4 0 0 1
4 0 6e-05 1
4 0 1e-04 1.2
4 0 0 1
4 0 2e-05 1
4 0 1e-05 1
4 0 9.999996e-06 1
4 0 7e-05 1
4 0 0 1.04
4 0 0.00036 1
4 0 1e-05 1.96
4 0 0.00012 0.01
4 0 0 1
4 0 1e-05 1
4 0 3e-05 1
4 0 4e-05 0.5
4 0 0.00016 2
4 0 0.00017 1
4 0 0.00018 1
4 0 0.0046 1
4 0 0.0475 1
4 0 11.52932 1
4 0 0.50616 1
5 0.01 4.57457 3
6 0.01 1.2269 1
2 -0.01 0.00602 1
4 0 0.00086 1
4 0 0.00013 1
6 0.01 0.00806 1
2 -0.01 2.20899 1
5 0.0028 5.142741 0.5
5 0.0072 3.567742 0.02
3 -4e-04 8.723967 1
2 -0.0196 1.2165 0.05
6 0.0199 2.79622 1
2 -0.0123 3.37018 0.39
5 0.0024 6.07771 0.38
6 0.01 0.00389 0.62
4 0 0.30115 1
4 0 6e-05 0.5
4 0 4e-04 0.98
4 0 9.999996e-06 0.52
4 0 3e-05 1
4 0 0 1
4 0 2e-05 1
4 0 2e-05 0.98
4 0 0.00013 0.5
4 0 0.00033 1
6 0.01 1.5519 1
4 0 5.1972 1
4 0 0.00016 1
4 0 0.08074 1
4 0 0.04247 1
4 0 1e-05 1
4 0 0.00058 1
4 0 0.16384 1
4 0 0.00014 1
4 0 0.00073 1
4 0 0.13013 1
4 0 0.00082 1
4 0 0.10767 1
4 0 0.68928 1
4 0 0 2
4 0 0.98939 1
4 0 0.12189 1
5 0.01 17.19384 1
3 -0.01 2.42257 1
4 0 5e-05 1
4 0 0.00011 1
2 -0.01 0.00034 1
4 0 1e-05 2
4 0 0 0.74
4 0 4e-05 1
4 0 1e-05 0.9
4 0 5e-05 0.26
4 0 1e-05 1.02
4 0 0 2
4 0 9.999996e-06 0.68
4 0 1e-05 1
4 0 2e-05 0.01
4 0 0 0.82
4 0 0 1.82
4 0 1e-05 1.32
4 0 9.999996e-06 1
4 0 0 1
4 0 4e-05 0.28
4 0 1e-05 2
4 0 6e-05 0.1
4 0 9e-05 0.08
4 0 0 0.92
4 0 9e-05 0.68
4 0 2e-05 0.4
4 0 9.999996e-06 1.28
4 0 0.00019 0.72
4 0 0.00042 2
4 0 0 0.01
4 0 0 0.01
4 0 0 1
4 0 3e-05 1.49
4 0 9e-05 0.51
4 0 0 0.2
4 0 7e-05 0.5
5 0.005 0.00012 1
3 -0.005 2e-05 1
4 0 6.000001e-05 4.3
2 -0.01 0.01152 0.72
6 0.01 1.44832 1
4 0 0.01003 2
3 -0.005 0.25582 1
5 0.005 0.48098 1
3 -0.005 1.48027 1
4 0 0.05509 1
5 0.005 0 0.01
4 0 2e-05 1
3 -0.005 0.83023 1
5 0.005 6.196072 1
4 0 3e-04 0.01
4 0 4.000001e-06 1
3 -0.005 0.000382 1
5 0.005 0.000142 1
4 0 8.5e-05 1
4 0 2e-05 0.38
4 0 0.000134 0.62
3 -0.005 2.4e-05 1
5 0.005 4.583967 5
4 0 0.00061 0.04
2 -0.01 1.95252 0.1
4 0 0.16455 1
4 0 9.999996e-06 0.01
4 0 0 0.01
4 0 1e-05 1
4 0 9.999996e-06 1
4 0 0 1
4 0 0 0.02
4 0 1e-05 1
4 0 0 2
4 0 0 1
4 0 9.999996e-06 1
4 0 0 1
4 0 8.000001e-05 2
4 0 0.00022 4.9
4 0 0 2
4 0 4e-04 3
4 0 2e-04 1
4 0 0 1
4 0 4e-05 1
3 -0.01 0.0215 1
4 0 0.47973 0.1
4 0 0.18529 0.9
4 0 0.00017 1
4 0 2.000001e-05 0.01
4 0 0 1
4 0 9.999996e-06 1
4 0 0.00058 1
4 0 0.00669 1
4 0 0 1
4 0 0 1
2 -0.01 12.6729 0.05
4 0 0.00031 0.05
4 0 6.18905 1
4 0 0.00043 0.9
4 0 9.999996e-06 0.1
4 0 3e-05 0.9
2 -0.01 0.00417 1
4 0 9.999996e-06 1
4 0 5.83797 0.5
4 0 3e-05 0.5
4 0 9.999996e-06 0.1
4 0 0 1
4 0 0.00087 0.99
4 0 0.00068 0.01
4 0 0.10894 1
5 0.0025 0.06222 1
2 -0.0125 9.12593 0.05
5 0.0035 0.00189 0.05
3 -0.0035 10.54465 1.06
5 0.005 3.26053 1
4 0 0.095471 1
3 -0.005 4.552192 0.01
4 0 2.000001e-06 1
4 0 5.000002e-06 1
4 0 2.000001e-06 1
4 0 6.000002e-06 1
4 0 0.000219 0.41
4 0 4.3e-05 1
2 -0.01 0.000773 1
2 -0.01 14.1919 0.1
4 0 9.999996e-06 1
4 0 0 1
4 0 0 0.02
4 0 1e-05 0.01
3 -0.01 0.01014 2
4 0 9e-05 1
3 -0.0099 0.02599 0.51
3 -1e-04 0.01827 0.61
5 0.0099 3.62271 0.02
5 1e-04 3.49668 1
3 -0.005 0.16494 1
5 0.005 0 1
4 0 3e-05 1
4 0 0.00012 1
4 0 1e-05 1
4 0 9.999996e-06 1
4 0 1e-04 1
4 0 9.999996e-06 1
4 0 1e-05 1
4 0 0.00032 0.11
4 0 3e-05 1
4 0 0 1
4 0 5e-05 1
4 0 0.00018 1
4 0 2e-05 1
4 0 0.00014 1
4 0 0.00039 1
4 0 0.00081 1
2 -0.01 5.25861 1
4 0 0.00283 1
5 0.0036 4.78337 0.36
5 0.0064 5.02942 1
4 0 0 1
4 0 2e-04 0.4
4 0 0.00016 1
4 0 0.64694 1
4 0 2.00827 1
4 0 3.27654 1
4 0 0.00102 1
4 0 0 1
6 0.02 10.10023 0.05
2 -0.02 24.91843 1
4 0 0.00183 0.21
4 0 9.999996e-06 1
4 0 3e-05 1
4 0 0.00076 0.47
4 0 9.999996e-06 0.52
4 0 0.00022 0.48
4 0 0 0.01
4 0 6e-05 1
4 0 1e-05 1
4 0 0.01109 1
4 0 0.03155 11
4 0 0.00168 1
4 0 9e-05 13
2 -0.01 1.06782 0.36
5 0.005 3.58081 1
5 0.005 0.79463 0.01
4 0 1e-05 1
4 0 0.00024 1
4 0 9.999996e-06 3
5 0.01 0.00083 1
3 -0.01 0.18854 1
5 0.005 6.30161 10
5 0.005 0.00052 1
4 0 3e-05 0.07
4 0 2e-05 0.07
4 0 6.000001e-05 2
4 0 0 0.07
4 0 3e-05 0.93
4 0 1e-05 1
4 0 0.00018 1
4 0 0.00075 1
4 0 0 1
4 0 7e-05 1
4 0 0.00095 1
3 -0.01 0.07776 1
4 0 9.999996e-06 1
4 0 2.000001e-05 1
4 0 0.00049 1
4 0 7e-05 1
4 0 9.999996e-06 1
4 0 0.00062 2
4 0 0.00441 1
4 0 0.00323 0.44
4 0 0.14918 0.55
2 -0.01 0.31433 3.5
4 0 0 0.02
4 0 0 0.03
4 0 9.999996e-06 0.58
4 0 6.66752 0.43
6 0.01 8.14683 1
4 0 1.45564 1
4 0 0 1
4 0 9.999996e-06 1
4 0 0 1
4 0 4.000001e-05 1
4 0 6.999999e-05 1
4 0 5e-05 2
4 0 0.00022 2
4 0 9e-05 1
4 0 9.999996e-06 1
4 0 4e-05 3
3 -0.005 0.00284 2
4 0 0.00082 1
4 0 0.00419 1
5 0.005 0.00695 1
3 -0.0064 0.9441 0.25
3 -0.0036 3.87073 0.42
4 0 0 0.58
6 0.01 8.157163 1
4 0 9.3e-05 1
4 0 7.000002e-06 1
4 0 3.000001e-06 1
4 0 0.000256 1
4 0 1.4e-05 1
4 0 4.8e-05 1
4 0 2.000001e-06 1
4 0 0 1
4 0 6.000002e-06 1
4 0 9.4e-05 1
4 0 1.800001e-05 1
4 0 8.4e-05 1
4 0 3.9e-05 1
4 0 7e-05 1
4 0 0.000253 1
5 0.005 0.006675 4
3 -0.005 0.057188 1
5 0.01 0.037693 1
4 0 0.000552 1
4 0 1.5e-05 1
4 0 6.697287 1
4 0 3e-05 0.1
4 0 8.999999e-05 0.1
4 0 3e-04 1
4 0 0.00099 0.9
4 0 0 0.1
4 0 7e-05 0.9
4 0 0.95374 1
4 0 0.51649 1
4 0 0.00051 1
4 0 5.54574 1
5 0.0099 5.89492 1
5 1e-04 0.00054 1
4 0 0 0.1
4 0 0 1
4 0 1e-04 1
4 0 2e-05 1
4 0 3e-05 0.9
4 0 0.00038 0.1
4 0 0.00029 1
4 0 0.00027 0.5
6 0.01 22.01334 0.02
4 0 0 0.02
4 0 9.999996e-06 0.01
4 0 0.00036 1
5 0.01 0.98522 0.95
3 -0.0077 6.06937 1
5 0.0047 1.82046 3.37
3 -0.007 4.515419 0.23
5 0.01 3.000528 0.09
3 -0.0099 11.84558 0.02
3 -1e-04 10.35544 0.4
5 0.005 16.53593 1
3 -0.005 5.94141 1
4 0 0.00398 0.39
5 0.01 0.01771 1
3 -0.0064 1.94205 0.25
5 0.0064 3.58782 1.81
4 0 0 1
4 0 9.999996e-06 0.02
4 0 2e-05 1
4 0 5e-05 1
4 0 0.00032 1
4 0 9e-05 1
4 0 4e-05 1
4 0 0.00032 1
4 0 0.29635 1
6 0.01 6.756573 1
4 0 0.1179385 1
4 0 0.0019023 1
4 0 0.0009391 1
4 0 0.0008465 2.35
2 -0.01 3.98386 0.05
4 0 3.887878 1
4 0 0.003435 1
4 0 0.000455 0.5
6 0.01 8.000902 1
4 0 0 0.2
6 0.01 3e-05 1
4 0 0.00096 0.2
4 0 1e-05 0.8
3 -0.0072 0.67629 1.24
3 -0.0028 0.07652 1
4 0 0.00085 1
2 -0.01 2.17909 1
4 0 0.0021 1
6 0.01 27.41756 1
4 0 0.20069 1
5 0.0026 5.62556 0.02
3 -0.0026 0.16927 1
3 -0.0099 0.10052 0.14
5 0.0099 1.67478 1
4 0 0.6436 2
4 0 8.50428 1
6 0.01 0.197856 0.26
3 -0.005 0.786696 1
5 0.005 1.64501 1
4 0 9.7e-05 0.7
4 0 4.000001e-06 0.01
4 0 5.3e-05 0.2
4 0 0.000472 1
4 0 7.000002e-06 1
4 0 0.000145 1
2 -0.01 0.712785 1
4 0 0.000927 1
5 0.0067 4.856148 2.4
3 -0.0067 2.02 1
6 0.01 3.11098 1
4 0 0.00066 1
4 0 0.00012 1
4 0 1.26479 1
4 0 3.08646 1
3 -0.006 5.04527 0.6
5 0.006 1.25914 1
4 0 0.00019 1
4 0 0.00014 1
4 0 0.00043 1
4 0 3.8886 2.25
4 0 0.01184 0.01
4 0 0.35864 0.01
4 0 0.73876 0.03
4 0 0.32841 0.01
4 0 6.8156 1
4 0 9e-04 0.96
4 0 0.01524 1
3 -1e-04 5.29541 1
5 1e-04 0.73465 1
4 0 0.00079 1
3 -0.005 10.52676 2
3 -0.005 0 1
4 0 9.999996e-06 2
4 0 0 1
4 0 0 1.4
4 0 2e-05 0.6
4 0 0 0.01
4 0 0 0.01
4 0 0 1
4 0 1e-05 1
4 0 0 1
4 0 0 0.01
4 0 9.999996e-06 1
4 0 0 0.03
5 0.005 0.00032 2
4 0 2e-05 2
3 -0.005 9.999996e-06 1
4 0 2e-05 0.18
4 0 3e-05 1
4 0 9.999996e-06 0.82
4 0 2e-05 1
4 0 5e-04 1
4 0 0 1
4 0 0 2
4 0 3e-05 1
2 -0.01 0.00051 2
4 0 0 1
4 0 1e-05 1
4 0 0.00015 1.4
4 0 3e-05 1
4 0 1e-05 1
4 0 9.999996e-06 1
4 0 1e-05 1
4 0 0.00016 0.6
4 0 1e-05 0.4
4 0 2e-05 0.6
4 0 0.00039 2
4 0 0.00014 2
4 0 0 2
4 0 0.00041 2
5 0.005 0.00049 1
3 -0.005 0.00037 1
4 0 4e-04 1
4 0 0.00395 0.5
4 0 0.00025 1
6 0.015 0.00087 2
2 -0.015 0.113 1
4 0 0.00227 1
5 0.005 0.13659 0.38
4 0 0.88072 0.01
5 0.0052 5.316558 3.4
5 0.0051 2.744374 0.5
2 -0.0103 1.256837 3
6 0.015 11.74856 1
2 -0.0108 6.57379 1.07
2 -0.0192 8.70385 1
4 0 0.00079 0.52
5 0.001 4.14157 0.29
3 -0.001 7.88103 1
4 0 0.00036 0.38
4 0 9.999996e-06 0.01
4 0 0 0.74
4 0 3e-05 0.38
4 0 0.00066 0.26
4 0 2e-04 0.01
4 0 7e-05 8
4 0 0 4
4 0 0 1
4 0 0.00219 1
4 0 0.11149 1
3 -0.0099 14.50344 0.04
5 0.0099 4.669864 1
4 0 2.460565 1
5 0.0098 1.911349 1
3 -0.0098 4.973611 0.08
4 0 6e-05 0.01
4 0 4.000001e-05 0.08
4 0 9.999996e-06 0.92
4 0 0 2
4 0 1e-05 0.08
4 0 5e-05 0.92
4 0 0 0.92
4 0 1e-05 1
4 0 0 1.08
4 0 9.999996e-06 0.58
4 0 0.00023 0.92
4 0 9.999996e-06 0.08
4 0 2e-05 1
4 0 1e-05 2.26
4 0 0 2
4 0 9.999996e-06 0.92
4 0 7e-05 0.58
4 0 0.00021 0.01
2 -0.01 0.00068 0.07
4 0 0.00107 1
4 0 9.999996e-06 1
4 0 0 0.04
4 0 0.00013 0.68
4 0 1e-04 0.85
4 0 0.00098 0.32
4 0 0.00135 0.93
4 0 9e-05 0.33
4 0 0.00426 0.63
4 0 9.999996e-06 1.37
4 0 6.000001e-05 0.63
4 0 0 0.01
2 -0.01 6.81677 0.04
4 0 0.00174 1
5 0.005 0.00086 1
3 -0.005 0.10831 1
4 0 0.214 1.64
4 0 0.00201 1
4 0 0.00085 1
3 -0.0053 0.94846 0.4
5 0.0053 4.19396 0.08
3 -0.01 1.36518 1
4 0 14.29695 1
5 0.01 13.91094 0.01
3 -0.0075 3.76698 0.41
5 0.0075 4.018191 1
4 0 6.000002e-06 2
4 0 3.999994e-06 0.12
4 0 3.2e-05 1
4 0 0.000114 0.83
4 0 0 1
4 0 5.999995e-06 1
4 0 0 1
4 0 0.00014 1
4 0 0.000404 0.04
4 0 4.8e-05 1
4 0 3.9e-05 1
4 0 0.000366 1
4 0 0.000398 1
4 0 0.006848 1
4 0 0.000107 1
4 0 0.000375 1
4 0 0.195719 1
3 -1e-04 0.04637 1
3 -0.0099 7.427453 0.05
4 0 0 0.95
4 0 1.15292 0.01
4 0 0 1
4 0 0 1
4 0 0.11755 1
4 0 0.01223 1
4 0 0.14049 0.05
4 0 0 0.95
4 0 8.999999e-05 0.05
4 0 0 1
2 -0.01 4.32321 1.71
4 0 0.00029 0.83
2 -0.02 0.0137 0.24
4 0 0.27921 0.22
6 0.01 0.27072 1
4 0 0.10214 1
5 0.01 0.81631 1
4 0 3e-04 1
4 0 0.00012 0.1
4 0 5e-05 0.1
4 0 3e-05 1
4 0 6e-05 0.9
4 0 0.00012 1
4 0 0.00705 1
4 0 1.30962 1
4 0 9.999996e-06 4
4 0 0.00058 1
4 0 9e-05 1
4 0 0.00062 1
4 0 0.0101 1
4 0 1e-05 3
4 0 0.01981 1
4 0 2.79113 1
4 0 0.00011 1
4 0 0.00047 1
3 -0.01 3.71764 1
5 0.01 13.16395 1
6 0.01 1.35268 3
2 -0.011 8.28467 0.18
5 0.001 1.25986 1
3 -0.005 8.928521 1
5 0.005 0.2140975 0.48
3 -0.01 4.365763 0.06
4 0 3.631159 1.01
4 0 8.1e-05 0.99
4 0 8.6e-05 1
4 0 5.000002e-06 1
4 0 0.000264 0.01
4 0 0.000515 2
4 0 0 1
4 0 1e-06 1
4 0 0.009823 2
2 -0.01 0.001633 1
4 0 4.999994e-06 0.34
4 0 3.000001e-06 0.66
4 0 3.9e-05 0.5
4 0 0.000175 0.5
4 0 6.4e-05 0.34
4 0 2.851515 1
4 0 0.10037 1
4 0 2e-04 1
4 0 0.00017 1
4 0 0.0012 0.5
3 -0.0025 0.11331 1
5 0.0025 2.86501 2
4 0 0 1
4 0 2.48631 1
4 0 14.96898 1
4 0 4e-05 1
4 0 7e-05 1
4 0 0.02054 1
3 -0.0025 0.09886 1
5 0.0025 2.28512 1
4 0 3.12776 1
2 -0.01 0.12725 0.08
4 0 0.15932 1
4 0 1e-05 1
4 0 0 1
4 0 0.00055 0.01
4 0 0.00037 1.31
4 0 0 1
3 -0.01 0.00022 1.07
5 0.01 0.0221 1
4 0 0.07006 1
4 0 2.9306 1
4 0 0.00016 1
4 0 3e-05 1
4 0 8e-05 1
4 0 4e-05 1
4 0 3e-05 1
4 0 4e-05 1
4 0 8e-05 1
4 0 2.000001e-05 1
4 0 3e-04 1
4 0 0.00959 1
3 -0.0025 0.10679 1
5 0.0025 0.00055 1
3 -0.005 0.03936 1
5 0.005 6.74041 0.45
3 -0.01 5.62336 0.5
5 0.0058 2.35267 1
3 -0.0057 0.51511 0.3
5 0.0099 9.414695 1
3 -0.008 1.385115 0.51
5 0.003 2.848007 5
4 0 2.533983 1
5 0.005 1.42942 0.55
4 0 1e-05 1
4 0 0.00035 1
4 0 2e-05 1
4 0 9.999996e-06 0.95
4 0 7e-05 0.05
4 0 0.00015 0.95
4 0 8e-05 1
4 0 3e-05 1
4 0 0.00094 1
4 0 0.00033 1
3 -0.0085 0.03315 5
6 0.0185 0.20296 1
2 -0.01 0.3207 1
6 0.0119 1.39063 1.37
5 0.0081 19.87828 0.06
4 0 9.999996e-06 0.9
4 0 3e-05 1
4 0 6e-05 1
4 0 3e-05 0.1
4 0 1e-04 1
4 0 0.00039 1
4 0 1e-04 0.1
4 0 0.00014 1
5 0.01 0.00306 1
3 -0.0025 0.04832 1
3 -0.0075 0.06058 1
2 -0.01 0.0015 1
6 0.01 0.00594 1
5 0.01 0.10545 1
2 -0.02 6.52261 0.07
4 0 2e-05 1
5 0.0081 3.20061 1
3 -0.0081 0.2113 1
4 0 0 1
4 0 9.999996e-06 1
4 0 0 1
4 0 1e-05 1
4 0 0.00037 1
4 0 0.00053 0.01
4 0 0 0.01
4 0 4e-05 0.98
4 0 2e-04 0.02
4 0 0 0.03
4 0 8e-05 0.97
2 -0.01 0.00467 1
6 0.01 0.11265 1
4 0 4.66407 2.08
2 -0.01 1.2015 1
4 0 1.29893 1
4 0 1e-05 2
4 0 0.00038 1
4 0 0.00055 2
4 0 0 1
4 0 6e-05 1
3 -0.01 0.00045 1
4 0 4e-04 1
4 0 0.00187 0.62
4 0 0 0.1
4 0 0 1
4 0 1e-05 0.28
4 0 8e-05 0.72
4 0 0 1
4 0 0 0.23
4 0 4e-05 0.47
4 0 1e-05 1
4 0 9.999996e-06 1
4 0 2e-05 0.3
4 0 0.00077 0.27
4 0 0.00017 0.17
4 0 3e-05 0.56
4 0 0.00344 1
4 0 0.10712 1
4 0 1.45896 1
2 -0.01 1.98497 1
4 0 9.999996e-06 0.07
4 0 0 0.03
4 0 1e-05 1
4 0 0 1
4 0 0 0.9
4 0 0.00051 1
4 0 1e-05 1
4 0 0.00069 2
4 0 0.00048 0.1
4 0 8.605159 0.31
3 -1e-04 0.001384 0.31
3 -0.0024 8.160587 1
3 -0.0074 0.44795 1.87
5 0.0099 2.68127 1
4 0 5e-05 1
4 0 0.00011 1
4 0 0.00011 1
4 0 3e-05 1
4 0 7e-05 1
4 0 0.00024 1
4 0 0.00011 1
3 -0.0025 0.11892 1
3 -0.0075 2.2098 0.29
6 0.01 3.56442 1
4 0 0.00025 1
4 0 9.999996e-06 1
4 0 0.00033 1
4 0 1e-05 1
4 0 0.00073 1
4 0 9.999996e-06 1
4 0 0.08428 1
4 0 9.999996e-06 1
4 0 0.00563 1
4 0 0.14433 1
3 -0.0025 0.37808 1
3 -0.0025 3.24276 1
4 0 0.00932 1
4 0 0.00793 1
4 0 3.01223 1
3 -0.0049 3.49362 0.5
5 0.0099 9.35566 1
4 0 0.00022 1
4 0 0.00016 1
4 0 3e-05 1
4 0 0.00066 1
4 0 0.00038 1
4 0 0.11675 1
4 0 0.23396 1
4 0 0.03567 1
3 -0.005 4.73124 1
4 0 0.02092 1
5 0.005 0.00064 1
4 0 0.00123 1
4 0 0.00117 1
4 0 9.999996e-06 10
3 -0.005 0.00517 1
5 0.005 0.37302 1
4 0 0.00436 1
4 0 0.00131 1
3 -0.005 0.07485 1
5 0.005 0.77464 2
4 0 0 0.5
4 0 0.01506 1
4 0 0.60544 0.5
4 0 1e-05 0.5
4 0 0.11134 1
4 0 1.49457 0.5
4 0 9.999996e-06 0.5
4 0 0.00073 1
6 0.01 7.80318 0.3
2 -0.0126 14.72539 0.34
4 0 4.37082 1.5
5 7e-04 0.11021 2.52
3 -8e-04 59.77774 0.02
6 0.0126 1.99648 0.32
2 -0.0199 4.21744 2
4 0 4.13496 0.05
4 0 1e-05 0.32
4 0 0 0.06
4 0 1e-05 0.05
4 0 0 0.21
4 0 2e-05 0.79
4 0 0 0.99
4 0 0.00036 1.15
4 0 0 0.52
4 0 2e-05 0.52
4 0 9.999996e-06 0.19
4 0 0 0.31
4 0 1e-05 0.19
4 0 0 0.34
4 0 0 1
4 0 0 0.29
4 0 2e-05 1.38
4 0 0.00033 0.01
4 0 0 1
4 0 0.00016 0.39
4 0 0.00012 0.61
4 0 0 0.43
4 0 5e-05 0.29
4 0 0.00019 0.62
4 0 9.999996e-06 0.01
4 0 0 0.07
4 0 1e-05 0.93
4 0 9.999996e-06 0.01
4 0 0.00037 0.57
2 -0.02 0.00075 0.04
4 0 9e-05 0.05
6 0.01 0.84871 1
4 0 0.77964 1
4 0 0.00014 0.17
4 0 0.23668 1
4 0 0.00022 1
4 0 0.00042 1
4 0 0.00075 1
4 0 9.999996e-06 0.83
4 0 9e-04 0.17
4 0 0.01072 1
4 0 3e-05 1
4 0 0.00014 1
4 0 0.00051 1
4 0 0.00024 1
4 0 0.20989 1
2 -0.01 1.63536 0.2
4 0 0.00056 0.1
4 0 0.63918 0.2
4 0 0.00032 0.1
4 0 1.22759 0.1
4 0 0.00032 0.1
4 0 3.33615 1
4 0 9.999996e-06 0.29
4 0 0 1
4 0 0 1
4 0 1e-05 1
4 0 0 1
4 0 9.999996e-06 1
4 0 0 1
4 0 1e-05 1
4 0 0 1.71
4 0 0.00033 1
5 0.005 0.00168 1
3 -0.005 0.03494 0.55
4 0 0 1
4 0 1e-05 0.45
4 0 1e-04 0.4
4 0 1e-05 0.55
4 0 9.999996e-06 0.01
4 0 1e-05 1
5 0.0025 0.08691 1
3 -0.0025 0.00281 1
2 -0.01 1.76035 0.1
4 0 0.00141 0.1
4 0 0.00054 0.1
6 0.01 1.88643 1
4 0 0.00047 1
4 0 0.00108 1
4 0 0.01763 1
2 -0.01 3.15075 0.09
4 0 0 0.51
4 0 0 0.01
4 0 9.999996e-06 0.7
4 0 0 0.01
4 0 1e-05 1
4 0 0 1
4 0 0.00037 1
4 0 0 1
4 0 0.00202 1
4 0 0 1
4 0 9.999996e-06 0.38
4 0 0.00746 1
4 0 0.02534 1
4 0 0.10181 2
3 -0.005 3.46465 1
5 0.005 2.72255 1
4 0 3e-05 1
4 0 4e-05 1
4 0 0 1
4 0 0.00014 1
4 0 0 1
4 0 0.00017 1
4 0 3e-05 1
4 0 3e-05 1
4 0 0.00053 1
4 0 0.00029 1
4 0 0.00436 2
4 0 3.4514 1
4 0 4e-05 1
4 0 0 1
4 0 9e-05 0.1
4 0 9.999996e-06 0.1
4 0 3e-05 0.1
4 0 0.00027 1
4 0 2e-04 1
4 0 0.53362 0.41
3 -0.005 0.78588 2
5 0.005 5.314619 0.7
4 0 4.789996e-06 1
4 0 6.170005e-06 1
4 0 2.889996e-06 2.3
4 0 0.00014496 1
4 0 2.083e-05 1
4 0 6.710005e-06 1
4 0 3.659e-05 1
4 0 7.75e-05 1
4 0 9.949996e-06 1
4 0 6.466e-05 1
4 0 2.915e-05 1
4 0 0.0001123 1
4 0 3.131e-05 1
4 0 5.265e-05 0.57
4 0 1.853e-05 1
4 0 2.733e-05 1
4 0 4.740003e-06 1
4 0 2.499946e-07 1
4 0 7.933001e-05 0.43
4 0 0.00027641 1
4 0 0.00010409 1
4 0 0.00107304 1
3 -0.005 0.1072314 2
5 0.004 1.353467 1
4 0 7.999995e-06 1
5 0.001 0.00827 2
4 0 3.999994e-06 1
4 0 4.7e-05 0.7
4 0 7.2e-05 1
4 0 0.000718 1
4 0 7.000002e-06 0.3
4 0 0.000111 0.6
4 0 0.000108 1
6 0.01 0.00015 1
6 0.01 0.000479 1
4 0 4.999994e-06 1
4 0 0.000115 1
4 0 0.004086 1
4 0 0.003609 10
4 0 0.274371 1
4 0 0.109724 1
5 0.0099 4.65688 2
5 1e-04 3.047785 1
4 0 0.00037 1
4 0 5.9e-05 1
4 0 3.6e-05 1
4 0 2.699999e-05 0.5
4 0 2.9e-05 1
4 0 2.3e-05 1
4 0 3.9e-05 1
4 0 6.4e-05 0.5
3 -0.005 1.725203 0.2
3 -0.005 0.00601 1
5 0.01 0.2201 1
4 0 0.00041 1
4 0 0.00093 1
3 -0.005 0.00137 0.8
5 0.005 4.36472 1
4 0 0.00014 0.8
4 0 0.00059 1
6 0.01 2.60587 0.2
3 -0.0099 4.80909 0.14
6 0.0106 0.03533 1.49
3 -0.0057 11.075 1
4 0 0.00544 1
5 0.005 0.01947 1
3 -0.005 0.0837 1
5 0.005 8.2271 0.05
4 0 0 0.1
4 0 1e-05 0.85
5 0.0086 4.05886 0.17
3 -0.0086 6.09675 1
4 0 0.22963 1
4 0 4.87193 5
4 0 9e-05 1
6 0.01 0.00036 1
4 0 0 1
4 0 0 1
4 0 1e-05 1
2 -0.01 0 1
4 0 9.999996e-06 1
6 0.01 0 1
4 0 1e-05 1
4 0 0 1
2 -0.01 0.00018 1.98
6 0.01 0 0.02
4 0 0.00043 1
4 0 0 1
1 -0.02 1.06138 1
4 0 0.01764 1
4 0 0.00052 1
5 0.005 3.172004 1
5 0.005 0.71515 1
4 0 0.000168 1
6 0.01 0.000314 1
2 -0.015 0.001478 1
5 0.005 0.002868 0.51
4 0 0.11324 1
4 0 0.204732 0.09
4 0 0.003145 1
4 0 0.044459 0.05
4 0 0.537816 1
4 0 0.312342 1
4 0 0.001847 1
4 0 1e-06 1
4 0 0.001705 1
4 0 0.000493 1
4 0 0.048396 1
4 0 0.000929 1
4 0 0.014764 1
3 -0.005 1.294628 1
4 0 0.006678 1
5 0.005 1.173988 1
4 0 0.00017 1
4 0 3.9e-05 1
3 -0.005 0.917883 1
4 0 4.084593 2
5 0.005 0.00043 1
3 -0.005 0.00168 1
3 -0.005 8.53125 1
6 0.01 5.40408 1
4 0 9.999996e-06 1
4 0 0 1
4 0 0.00039 1
4 0 1e-05 1
4 0 5e-05 1
4 0 0 1
4 0 5e-05 0.17
4 0 1e-05 1
4 0 2e-05 1
4 0 1e-04 0.83
4 0 5e-04 1
3 -0.005 0.00105 1
4 0 0.00036 1
3 -0.005 0.00993 1
4 0 0 1
4 0 1e-05 1
5 0.005 0.10201 1
4 0 1.74577 2
3 -0.005 0.01247 1
4 0 8.32018 1
6 0.01 2.17039 1
4 0 9.999996e-06 1
4 0 2e-05 1
4 0 0.00021 1
4 0 9.999996e-06 1
4 0 0.00044 1
3 -0.005 0.00142 1
4 0 0.1096 1
5 0.005 0.59592 1
3 -0.0065 5.15713 3.93
5 0.0065 3.89235 1
4 0 1e-05 1
4 0 0 1
4 0 0.00026 1
4 0 0.00037 1
4 0 7e-05 1
4 0 0 1
3 -0.005 0.00161 1
4 0 0.02008 1
5 0.005 0.01084 1
2 -0.01 2.06315 1
5 0.005 7.20564 1
5 0.005 0.12266 0.08
4 0 0.56582 1
4 0 6e-05 0.22
4 0 0.00322 2
4 0 0 1
4 0 0 1
4 0 0.00013 1
4 0 9.999996e-06 1
4 0 0.05384 1
4 0 0.00118 1
4 0 0.00156 1
4 0 0.00159 0.96
3 -0.005 0.04489 1
5 0.005 0.3021 1
4 0 6e-05 1
3 -0.005 0.00417 1
4 0 0.51452 1
3 -0.005 1.23918 1
5 0.005 2.795667 1
5 0.005 0.883568 1
3 -0.005 0.002495 1
4 0 6.8775 2
5 0.0025 0.00968 4
5 0.0025 0.003 1
4 0 9e-05 1
4 0 0 1
4 0 0 0.47
4 0 1e-05 1
4 0 0 1
4 0 0 1
4 0 7e-04 1
4 0 0.00037 1
4 0 0.00343 1
4 0 7e-05 1
4 0 1e-05 0.53
6 0.01 0.00199 0.98
4 0 0 0.55
4 0 8e-05 1
4 0 1e-05 1
2 -0.01 7e-05 0.47
6 0.01 9.999996e-06 1
3 -0.0074 0.55461 0.37
5 0.0016 0.4234 1.18
5 0.0058 0.75391 1
4 0 0.06407 1
4 0 1.56613 1
4 0 5.11426 1
4 0 8.12172 0.5
3 -0.0049 0.01093 0.5
3 -0.0051 18.9728 1
4 0 0.00198 1
4 0 0 2
4 0 0 0.4
4 0 9.999996e-06 0.01
4 0 2e-05 3
4 0 1e-05 1
4 0 0 1
4 0 9.999996e-06 0.01
4 0 1e-05 0.99
4 0 8e-05 0.01
4 0 0.00058 1
3 -0.005 0.00893 1
5 0.005 0.71489 1
4 0 0.8867 1
4 0 0.30178 1
4 0 0.00038 1
4 0 2e-05 1
4 0 0 1
3 -0.005 0.0022 2
5 0.005 0.00141 1
4 0 0 1
4 0 9e-05 1
4 0 0 1
4 0 9.999996e-06 1
4 0 9e-05 1
4 0 0.01957 1
4 0 0.81199 1
4 0 0.00059 1
4 0 4.51902 0.13
4 0 0.58298 2
4 0 0 1
4 0 0.00363 1
4 0 0.00155 1
4 0 6e-05 0.3
4 0 1.00649 1
4 0 2.83507 1
4 0 0.15436 1
4 0 0.08434 1
4 0 0.90178 1
2 -0.01 0.10196 0.05
6 0.01 0.70419 1
4 0 0.00047 1
2 -0.01 3.083333 1
4 0 2.1e-05 1
4 0 6.000002e-06 1
4 0 1e-06 1
4 0 4.000001e-06 1
4 0 3.999994e-06 0.01
4 0 1e-06 0.31
4 0 2.000001e-06 0.03
4 0 3.000001e-06 1
4 0 1e-06 3
4 0 4.000001e-06 1
4 0 3.000001e-06 1
4 0 6.2e-05 0.37
4 0 6.000002e-06 1.95
4 0 2.699999e-05 1
4 0 0.000573 1
4 0 0 1
4 0 0 1
3 -0.01 0.00015 1
5 0.01 0.008392 1
4 0 7.000002e-06 1
4 0 0.017801 1
3 -0.01 0.032869 1
4 0 7.000002e-06 1
4 0 1e-06 1
4 0 6.000002e-06 0.27
4 0 5.999995e-06 1
4 0 2.000001e-06 0.73
4 0 0.000488 1
4 0 5.999995e-06 1
4 0 2e-05 1
4 0 7.000002e-06 1
4 0 0.000653 1
4 0 1e-06 2
5 0.0067 1.02792 3.28
5 0.0033 4.097025 2
4 0 0.977998 1
4 0 0.000133 1
4 0 0.000427 1
4 0 0.000122 1
4 0 0.022357 1
6 0.0159 0.800102 1
4 0 0.000485 1
1 -0.0259 3.678164 0.09
4 0 1.14131 0.05
4 0 0.00013 0.1
4 0 0.00027 0.15
4 0 0.00024 0.1
4 0 0.00025 0.1
4 0 0.00043 0.2
4 0 0.0103 0.05
5 0.01 3.46676 0.38
4 0 0.00024 0.19
4 0 5e-05 0.08
3 -0.01 8.6866 0.52
5 1e-04 2.37131 0.21
5 0.0061 1.03362 1.5
3 -0.0052 26.25769 1
5 0.004 0.00308 1
3 -0.005 0.0015 1
4 0 0.00081 1
5 0.005 0.00099 1
3 -0.005 0.00095 0.92
4 0 3.41988 0.1
5 0.01 0.00852 1
4 0 4.68775 1
4 0 2.6e-05 1
4 0 0.000311 1
4 0 5.8e-05 1
4 0 1.7e-05 1
4 0 6.000002e-06 0.49
4 0 3.1e-05 1
4 0 0.000507 1
4 0 0.000265 1
3 -0.005 0.001794 2
5 0.005 0.020184 2
4 0 4.000001e-06 1
4 0 3.000001e-06 1
4 0 4.799999e-05 1
3 -0.0025 0.089339 2
5 0.0025 4.164622 0.29
3 -0.0016 2.407495 0.12
5 0.0016 0.04444 2.45
4 0 0.99841 1
4 0 26.26538 2
6 0.01 0.00683 1
3 -1e-04 0.59375 4
5 1e-04 0.00597 1
4 0 1e-05 1
4 0 4e-05 1
4 0 0.00012 1
4 0 1e-05 1
4 0 1e-05 1
4 0 2e-05 1
4 0 1e-04 1
4 0 3e-05 1
4 0 3e-05 1
4 0 5e-05 1
4 0 0.00029 1
4 0 0.00012 1
3 -0.0025 0.1191 2
6 0.0125 0.39233 1
4 0 0.01036 1
4 0 2e-04 1
4 0 0.00062 1
4 0 0.00934 1
2 -0.01 1.38229 0.1
6 0.01 10.90376 1
1 -0.02 0.88362 1
4 0 0.75096 1
6 0.01 26.68061 1
4 0 0.00176 1
4 0 0.1103 1
2 -0.01 4.12744 2
4 0 0 1
4 0 1e-05 1
4 0 0.00068 1
4 0 1e-05 5
4 0 3.16804 1
4 0 0 0.01
4 0 1e-05 0.99
4 0 5e-05 1
4 0 0 1
4 0 0.00057 0.01
4 0 7e-05 1
4 0 0 2
4 0 0.00017 0.35
4 0 1e-04 0.01
4 0 1e-05 0.01
3 -0.01 0.00014 1
4 0 0.00043 1.49
4 0 3e-05 1
4 0 9.999996e-06 1
4 0 0 1
4 0 1e-05 1
4 0 0 1
4 0 0.00031 1
4 0 1e-05 2
4 0 2e-05 0.25
4 0 0 0.26
4 0 9.999996e-06 0.51
4 0 2e-05 0.74
4 0 0.00101 1
4 0 0.00633 2
4 0 0.00024 1
4 0 0 0.01
4 0 0.00562 1
2 -0.01 5.79405 1
4 0 9.999996e-06 0.1
4 0 1e-05 0.9
4 0 0 0.1
4 0 9.999996e-06 1
4 0 0 1
4 0 1e-05 0.9
4 0 0 0.1
4 0 9.999996e-06 0.9
4 0 3e-05 0.1
4 0 0.00032 1.5
4 0 6e-05 0.5
4 0 0 1
4 0 0.00056 1.42
4 0 0 0.58
4 0 0 0.42
3 -0.0087 3.44571 0.9
3 -0.0013 0.27179 0.2
4 0 3.42156 2
4 0 0.00038 1
4 0 0 1
4 0 0.00018 1
4 0 0.00037 1
3 -0.0062 2.42701 1
5 0.0052 0.04291 0.25
5 0.001 3.29165 1
4 0 0.00042 1
4 0 0.00053 1
4 0 0.00015 1
3 -0.01 0.95834 1
5 0.01 0.01132 1
4 0 5e-05 1
3 -0.0067 0.05337 1
5 0.0067 0.86547 1
4 0 2.78586 1
4 0 5e-05 1
4 0 1e-05 0.07
4 0 3e-04 1
4 0 4.37466 1
4 0 0.00043 1
4 0 4.000001e-05 1
4 0 0.00028 1
4 0 0.00394 1
4 0 1e-05 1
4 0 0.0029 1.93
4 0 0.00427 0.4
4 0 0.00016 0.4
6 0.01 0.00017 1
2 -0.01 0.10927 1
4 0 1.35468 1
5 1e-04 2.59531 1.72
5 0.0099 0.3851778 1
4 0 0.000149368 1
4 0 0.000197638 1
4 0 0.3994844 1
4 0 0.0002185 1
4 0 2.529293 1
4 0 0.022157 1
4 0 0.770568 1
4 0 0.00434 1
4 0 3.999994e-06 1
4 0 10.39499 1
4 0 0.00148 1
4 0 1.42812 1
4 0 0.62801 1
4 0 6.81425 1
3 -0.0068 1.49345 1
3 -0.0032 4.30789 0.01
4 0 1e-04 1
4 0 0 1
4 0 0 1
4 0 1e-05 1
4 0 9.999996e-06 1
4 0 0 1
4 0 0 0.01
4 0 1e-05 0.89
4 0 9.999996e-06 0.11
4 0 1e-05 1
4 0 0.00093 1
3 -0.01 0.00066 1
4 0 2e-04 1
4 0 0 0.28
4 0 0.00022 1
4 0 0.00584 1
4 0 0.00413 2
4 0 0.03506 2
4 0 1e-05 1
5 0.0019 1.91888 10
2 -0.0119 2.57502 1
6 0.02 0.53464 0.03
4 0 2.43756 1
4 0 7e-05 0.97
4 0 0 0.01
4 0 5e-05 1
4 0 0.00031 1
4 0 0.00148 1
4 0 0.01549 1
4 0 0.00114 1
4 0 0.00743 1
4 0 0.00115 1
3 -0.0025 0.06575 2
3 -0.0025 0.01124 2
5 0.008 13.22989 1
5 0.001 9.9259 1
2 -0.014 0.4688222 0.1
5 0.01 5.159306 1
6 0.01 3.507331 0.01
4 0 0.000502 0.49
4 0 0.000337 1
4 0 3.999994e-06 1
4 0 1e-05 1
4 0 0.000378 1
4 0 6.000002e-06 1
4 0 1.9e-05 1
4 0 2.8e-05 1
4 0 0.000137 1
4 0 2.199999e-05 1
4 0 8.6e-05 1
4 0 7.000002e-06 1
4 0 7.000002e-06 1
3 -0.006 0.000198 0.01
5 0.006 5e-05 1
4 0 1e-06 1
6 0.01 0.017868 1
4 0 0.00037 1
4 0 1.8e-05 1
4 0 3.2e-05 1
2 -0.01 2.670791 1
4 0 0.00036 2
4 0 5e-04 2
4 0 9.999996e-06 1
2 -0.01 0.00311 0.06
4 0 0.00383 2
4 0 17.53208 0.02
7 0.02 0.10656 1
1 -0.02 0.53729 1
4 0 18.58984 1
4 0 0 0.88
4 0 0 2
4 0 9.999996e-06 1
4 0 3e-05 1.14
4 0 3e-04 1
4 0 2e-05 0.7
4 0 9.999996e-06 1
4 0 1e-05 1
4 0 0.00051 2
4 0 0 0.01
4 0 9.66839 0.01
4 0 0.00037 0.99
4 0 4e-05 0.3
4 0 9e-05 0.7
4 0 1e-05 0.39
4 0 0 1
4 0 9.999996e-06 1
4 0 3e-05 1
4 0 9.999996e-06 0.1
4 0 7e-05 1
4 0 1e-05 0.61
4 0 2e-05 1
4 0 9.999996e-06 1
4 0 6e-05 0.31
4 0 3e-05 1
4 0 1e-05 0.75
4 0 6.999999e-05 0.31
4 0 0.00011 0.02
4 0 2e-05 1
4 0 2e-05 1
4 0 1e-05 1
4 0 1e-04 0.98
7 0.02 11.97216 0.45
4 0 4.000001e-06 0.1
4 0 4.000001e-06 0.45
5 0.0099 2.436777 0.6
3 -0.0073 19.1306 0.87
2 -0.0125 3.49288 0.01
6 0.0199 0.41035 1
4 0 0.00048 0.37
4 0 3e-05 1
4 0 9.999996e-06 1
4 0 0.00011 0.23
4 0 0.00017 0.05
4 0 7e-05 1
4 0 0 1
4 0 8.23976 0.63
4 0 9.999996e-06 0.04
4 0 0 1
4 0 1e-05 0.33
3 -0.0099 6.76933 0.29
5 0.0099 7.98342 0.28
4 0 1e-04 0.72
4 0 1e-05 1
4 0 2e-05 1
4 0 8.999999e-05 0.25
4 0 1e-05 1
4 0 0.00052 1
3 -0.0035 0.00861 0.72
4 0 0.00024 1
4 0 0.00024 0.78
5 0.0035 0.0175 1
4 0 0.00072 1
4 0 0.01733 1
4 0 0.61621 1
3 -0.01 1.972702 0.01
5 0.01 11.14655 0.26
3 -0.01 1.08211 2
5 0.001 6.5999 2
5 0.009 3.07878 1
3 -0.004 6.12609 0.25
5 0.004 0.05218 1
3 -0.01 0.35697 0.25
5 0.01 3.77395 0.72
4 0 1e-05 1
4 0 0 1
4 0 9.999996e-06 0.28
4 0 0.00015 1
4 0 0 1
4 0 2e-05 0.05
4 0 0 0.05
4 0 0 0.05
4 0 1e-05 0.05
4 0 0.00048 0.8
4 0 0.00168 0.2
6 0.01 1.35279 1
4 0 2e-05 1
4 0 9.999996e-06 0.05
4 0 0 0.02
4 0 1e-05 0.03
4 0 0 0.01
4 0 0 0.5
4 0 9.999996e-06 0.1
4 0 9e-04 1
4 0 9.999996e-06 1
4 0 0.00025 1
4 0 5.54456 1
3 -0.009 3.43815 1
4 0 0.00052 3
3 -0.001 2.05635 1
4 0 9.999996e-06 2
4 0 0 1
4 0 1e-05 1
4 0 0.00035 1
4 0 0 1
4 0 9.999996e-06 2
4 0 1e-05 1
4 0 2e-05 1
4 0 0.00011 0.07
4 0 0.00045 1
4 0 0 1
4 0 0 1
4 0 5e-05 0.52
4 0 1e-05 0.01
4 0 6e-05 1
4 0 4e-05 2
4 0 0 0.01
3 -0.01 0.00036 0.02
4 0 10.9623 0.4
5 0.01 4.668157 2
3 -0.005 0.625294 1
5 0.005 2.223209 0.02
4 0 0.000387 0.26
4 0 3.999994e-06 0.72
3 -0.01 7.823469 1
4 0 0.05952 1
4 0 0.46058 0.2
5 0.001 1.55805 3
5 6e-04 2.97676 0.36
5 0.0046 1.26575 0.16
5 0.0038 0.64685 1
4 0 0.00013 0.01
4 0 0 1
4 0 9.999996e-06 1
4 0 0.00032 1
4 0 6e-05 1
4 0 0.00031 1
4 0 4e-05 1
4 0 6e-05 1
4 0 0.00023 0.05
4 0 3.81886 1
4 0 0.00033 1
4 0 5e-05 1
4 0 5e-05 1
4 0 0.00022 1
4 0 0.00039 1
4 0 0.16521 1
4 0 1.83244 1
4 0 0.00216 1
6 0.01 0.3541 1
2 -0.01 4.87181 1
4 0 0 1
4 0 0 1
4 0 0.00762 7
4 0 0.00209 1
4 0 1e-05 1
4 0 8e-05 0.06
4 0 2.09401 1
5 0.001 13.4065 3
3 -0.001 0.00653 1
4 0 0 2
3 -0.01 0.00128 1
4 0 0 2
4 0 1e-05 1
4 0 0 0.51
4 0 9.999996e-06 0.75
4 0 1e-05 0.49
4 0 9.999996e-06 0.25
4 0 0 1
4 0 0.00014 1.5
4 0 2e-05 0.76
4 0 9.999996e-06 1.34
4 0 0.00021 0.44
4 0 7e-05 0.76
4 0 0.00045 0.24
4 0 3e-05 0.01
4 0 0.00061 0.5
4 0 9.999996e-06 0.24
4 0 1e-05 0.01
4 0 0.00039 2
2 -0.01 0.00285 1
4 0 6e-05 0.5
4 0 5e-05 1
6 0.02 0.10187 1
2 -0.017 3.09447 0.53
3 -0.003 27.76507 0.28
4 0 0 1
4 0 0 0.06
4 0 1e-05 0.94
4 0 0 1
4 0 9.999996e-06 0.06
4 0 0 0.94
4 0 0.00034 0.06
4 0 1e-05 0.75
4 0 2e-05 0.56
4 0 1e-05 0.44
4 0 9.999996e-06 0.56
4 0 6e-05 0.22
4 0 2e-05 0.97
4 0 2e-05 0.44
4 0 0.00045 1
4 0 3e-05 0.01
3 -0.005 0.46152 1
5 0.0045 2.6132 1
3 -0.002 3.31221 1
5 0.0025 5.26719 1
4 0 0.00025 1
4 0 0 1
4 0 0.00014 1
4 0 1e-05 1
4 0 0.00022 1
4 0 4.000001e-05 1
4 0 0.00042 1
4 0 0.00339 1
4 0 0.00019 1
4 0 1e-05 1
3 -0.0025 0.10953 1
5 0.0025 3.1572 1
4 0 0 0.07
4 0 0.00261 1
4 0 0.00016 1
4 0 4e-05 1
5 1e-04 0.86456 3
5 0.0099 9.5102 0.29
4 0 0.00029 0.71
3 -0.0062 7.66365 0.11
5 0.0062 0.2312 1
2 -0.01 0.40659 1
4 0 2e-05 1
4 0 2e-05 0.79
4 0 2e-05 2
4 0 0 1
4 0 1e-05 1
4 0 0 1
4 0 0.00024 0.21
4 0 2e-04 0.01
4 0 0 1
4 0 0.01843 1
4 0 2.62383 1
4 0 0.00095 2
3 -0.005 0.05761 1
3 -0.005 7.146 1
4 0 9.999996e-06 1
4 0 0 1
4 0 0 1
4 0 0.00037 1
4 0 0 1
4 0 9.999996e-06 1
4 0 0.00054 1
3 -0.01 2.625708 0.28
4 0 3.000001e-06 0.1
4 0 5.000002e-06 1
4 0 9.000003e-06 1
4 0 0 1
4 0 3.999994e-06 0.49
5 0.005 0.004845 1
5 0.005 2.679768 1
4 0 8.216878 1
4 0 0 1
4 0 4e-04 1
4 0 0.00022 1
4 0 0 0.46
4 0 4e-05 1
4 0 0.00012 0.78
4 0 0.00024 1
3 -0.005 0.00077 1
5 0.005 0.00029 1
4 0 1.63522 1
4 0 2.06305 1
4 0 0.01429 0.54
4 0 0 0.46
4 0 2.01963 1
4 0 0.92437 0.54
4 0 0 0.01
4 0 9.999996e-06 0.45
4 0 2.99512 0.55
4 0 0 0.45
4 0 1.12127 0.55
4 0 9.999996e-06 1
4 0 0 1
4 0 0.00011 1
4 0 5e-05 1
4 0 0.00034 1
4 0 0.00025 1
4 0 1e-05 1
4 0 0.00035 1
4 0 0.00013 1
6 0.01 1.43754 0.31
4 0 2.61717 1
4 0 0.00052 1
4 0 9e-05 1
4 0 4e-05 1
4 0 9e-05 1
4 0 9.999996e-06 0.4
4 0 0.00016 1
4 0 5e-05 1
4 0 6.000001e-05 1
4 0 2e-05 1
4 0 9.999996e-06 1
4 0 5e-05 1
4 0 0.00018 0.5
4 0 1e-05 1
4 0 9e-05 1
4 0 9e-05 1
4 0 9.999996e-06 1
4 0 0.01688 1
4 0 1.73842 1
4 0 0.45111 1
4 0 0.00053 1
4 0 0.52529 1
4 0 0 1
4 0 0.94218 1
6 0.0199 0.2872 0.13
5 1e-04 8.94348 0.5
4 0 0 1
4 0 0.96302 1
4 0 0 1
6 0.01 0.01318 0.7
4 0 0 1
4 0 0.00075 0.15
4 0 0.05272 2
4 0 0.01599 1
4 0 0.0027 1
2 -0.01 0.00072 1
6 0.01 0.51452 0.01
4 0 4.55133 0.1
4 0 0.2922 1
4 0 0 1
4 0 0.00735 1
4 0 0.49367 1
4 0 2.75067 1
4 0 4.39306 1.25
4 0 0.00307 1
4 0 2.10156 1
4 0 2.25083 1
4 0 0.00019 1
4 0 1.872033 1
4 0 0.000481 1
4 0 0.000331 1
4 0 7.719689 1
1 -0.0234 0.840289 1
6 0.0134 0.213677 0.07
5 0.0025 0.00205 1
3 -6e-04 3.15366 3
5 0.0081 5.7972 1
3 -1e-04 7.51634 0.07
3 -0.0099 7.34048 0.01
4 0 1e-05 0.99
4 0 0.00243 0.3
6 0.01 1.03758 0.06
3 -1e-04 27.28956 0.16
5 1e-04 3.141876 2
4 0 4.000001e-06 1
4 0 4.000001e-06 1
4 0 1.3e-05 1
4 0 0.000218 1
4 0 1.1e-05 1
4 0 1e-06 1
4 0 8.000003e-06 1
4 0 0.000209 1
4 0 7.000002e-06 1
4 0 1.3e-05 1
4 0 0.000445 1
4 0 0.000122 1
4 0 8.143157 1
4 0 0 1
4 0 1e-05 1
4 0 0 1
4 0 0.00049 1
4 0 9.999996e-06 1
4 0 0.00126 0.01
4 0 3.52675 2
4 0 1e-05 1
4 0 0.00014 1
4 0 0.00022 1
4 0 0.00039 1
3 -0.005 0.00146 1
5 0.005 8.95158 1
4 0 0.41383 1
4 0 0 1
4 0 1e-04 1
4 0 0.00034 1
4 0 9.999996e-06 1
4 0 5e-05 0.34
4 0 0.00098 1
4 0 0.00714 1
4 0 0.00021 1
4 0 1e-05 1
4 0 5.33066 2
4 0 0 1
4 0 9.999996e-06 1
4 0 2e-05 1
4 0 0.00065 1
3 -0.006 1.76558 0.3
5 0.006 0.87006 1
4 0 0.00039 1
3 -1e-04 2.06883 0.25
5 1e-04 0.21688 1
2 -0.01 7.64087 1
4 0 0 1
4 0 1e-05 1
4 0 0 0.28
4 0 9.999996e-06 1
4 0 0 1
4 0 0 0.72
4 0 0.00049 0.28
4 0 3e-05 1
4 0 7e-05 0.9
4 0 9.999996e-06 0.1
4 0 3e-05 0.9
4 0 0.00059 1
4 0 0 1
4 0 0 1
4 0 0 0.01
4 0 4.000001e-05 1
3 -0.005 0.51908 1
3 -0.0049 0.11782 0.1
3 -1e-04 0.00151 0.1
4 0 0.00111 0.1
5 1e-04 0.00047 0.1
3 -1e-04 2.05567 0.04
4 0 0 0.08
5 0.0039 1.93958 2.75
5 0.0061 1.76601 0.02
3 -0.0025 1.90369 0.2
3 -0.0075 0.35742 0.92
4 0 0 1
4 0 1e-05 1
4 0 0 1
4 0 0 0.01
4 0 9.999996e-06 1
4 0 0 0.07
4 0 0.00054 1
4 0 6e-05 1
4 0 0 1
4 0 0.00061 1
4 0 1e-05 1
4 0 0.05752 1
4 0 0.00071 0.9
4 0 0.00137 1
3 -0.005 13.09073 3
5 0.005 10.33303 1
4 0 0.01247 1
4 0 14.10891 1
4 0 4e-05 1
4 0 0.00033 1
4 0 0.00032 1
4 0 6e-05 1
4 0 0.00039 1
4 0 0.00025 1
4 0 0.00406 1
4 0 6.24366 1
4 0 0.00113 1
4 0 0.00713 1
4 0 0.56359 0.01
4 0 5.09082 0.04
4 0 1.40482 0.18
4 0 0.00053 1
4 0 0.08547 1
5 0.005 0.08996 2
3 -0.004 12.73458 1.06
4 0 0.1521 0.01
5 0.009 3.319488 0.48
4 0 2.599998e-06 1
4 0 0.0003904 1
4 0 4.900001e-06 0.48
4 0 5.04e-05 0.52
4 0 3.8e-06 1
4 0 4.499998e-06 0.8
4 0 2.63e-05 0.2
4 0 4.599999e-06 1
4 0 4.86e-05 1
4 0 6.900002e-06 1
4 0 1.22e-05 0.46
4 0 8.28e-05 0.06
4 0 0.0001064 1
4 0 2.14e-05 1
4 0 1.11e-05 1
4 0 2.000015e-07 1
4 0 2.000015e-07 0.12
4 0 9.769999e-05 1
4 0 3e-04 0.88
4 0 2.000015e-07 1
4 0 3.98e-05 0.5
4 0 0.0536342 0.13
4 0 5.82e-05 0.48
4 0 0.0667026 2
5 0.0099 2.777982 0.14
5 1e-04 7.30783 1
4 0 2e-05 0.29
4 0 9.999996e-06 0.71
4 0 3e-05 0.71
4 0 7e-05 0.71
4 0 0.00042 0.29
4 0 4e-05 0.71
4 0 0 0.29
4 0 4.000001e-05 0.29
4 0 0.26237 1
4 0 2.08187 0.58
4 0 4e-04 0.42
4 0 0.00573 1
3 -0.005 1.60202 5
4 0 0.31491 5
3 -0.0011 3.04288 1.16
5 0.0061 3.07935 1
4 0 6.999999e-05 1
4 0 5e-05 1
4 0 0.00013 1
4 0 0.00048 1
6 0.01 6.78181 0.45
4 0 0 0.55
4 0 0.00047 1
4 0 0.00265 1
4 0 0.00014 1
3 -0.0099 0.24931 0.35
5 0.0049 5.05388 2.1
4 0 0.55363 1
4 0 0.00381 1
4 0 0.01717 1
5 0.005 1.1943 1
3 -0.005 0.46406 1
5 0.005 0.01191 1
4 0 8.58683 1
4 0 0.00079 1
4 0 0.00088 1
3 -0.0099 0.55965 0.01
5 0.0099 1.85476 1
4 0 0 1
4 0 7e-05 0.01
4 0 0 0.1
4 0 9.999996e-06 1
4 0 0 1
4 0 4e-04 1
3 -1e-04 12.13752 0.49
5 1e-04 2.959722 0.6
4 0 2.097068 1
4 0 2.156165 1
4 0 4.565605 1
4 0 8e-05 1
4 0 1e-05 1
4 0 3e-05 1
4 0 0 0.87
4 0 9.999996e-06 1
4 0 0.00029 0.58
4 0 4e-05 1
4 0 9.999996e-06 1
4 0 5e-05 1
4 0 7e-05 1
4 0 5e-05 1
4 0 2e-05 1
4 0 0.00037 1
4 0 0.00012 1
4 0 6e-04 1
4 0 0.00086 1
5 0.0081 0.25814 2.5
5 0.0019 0.63938 1
3 -0.01 0.49904 0.15
4 0 3e-05 0.05
5 0.01 2.4348 1
4 0 0.01532 1
4 0 0.01157 1
4 0 0.17969 1
4 0 0.67892 0.22
4 0 0.14137 0.7
6 0.01 1.4077 1
4 0 0.00668 1
4 0 4.26582 1
4 0 0.00048 1
4 0 0 1
4 0 0.00059 1
4 0 9.92596 0.01
4 0 1e-05 0.2
4 0 0 0.79
2 -0.01 8.57023 2.5
6 0.01 0.06178 1
4 0 1.60886 0.21
4 0 0 1
4 0 6.999999e-05 1
4 0 5e-05 1
4 0 0 1
4 0 3e-05 1
4 0 0.00027 1
4 0 0.00011 1
4 0 0.00031 1
6 0.01 0.18367 1
4 0 5.01103 1
4 0 9.23867 0.05
4 0 0 0.95
4 0 3.47615 1
4 0 1e-05 0.05
4 0 0 0.2
4 0 1e-05 1
4 0 0 1
4 0 0.00011 1
4 0 3e-05 1
4 0 2e-05 1
4 0 0.00034 1
4 0 4e-05 1
4 0 6.000001e-05 1
4 0 8.999999e-05 1
4 0 6.000001e-05 1
4 0 4e-05 0.76
4 0 0.00012 1
4 0 0.00108 1
4 0 0.00161 1
4 0 0.04802 1
2 -0.01 0.95953 0.44
4 0 0.00922 0.05
4 0 5e-05 0.08
6 0.01 0.5071429 1
3 -1e-04 3.627076 0.49
5 1e-04 3.417622 1
4 0 3.785469 1
3 -0.005 10.19095 2
4 0 0.11037 2
4 0 0.00706 3
4 0 0.08507 13
5 0.005 0.24567 1
4 0 0.47963 1
4 0 9.999996e-06 0.5
4 0 0 0.5
4 0 0.71024 1
4 0 1.07529 0.5
4 0 0 1
4 0 0 0.5
4 0 0.00044 1
4 0 0.00062 1
4 0 0.02954 1
4 0 0.00101 1
4 0 0.01058 1
4 0 6.68083 0.5
4 0 9.999996e-06 1
4 0 0 2
4 0 0.00011 1
4 0 3e-05 1
4 0 0 6.55
4 0 0.00042 1
4 0 0 0.45
4 0 0.00022 1
4 0 0.00065 1
5 0.01 0.00634 1
4 0 9.999996e-06 0.01
4 0 0 0.01
4 0 0 0.01
4 0 1e-05 1
4 0 0 3.31
4 0 8.999999e-05 1
4 0 2.000001e-05 1
4 0 9.999996e-06 1
4 0 1e-05 2
4 0 0.00031 1
4 0 0.00016 1
4 0 9.999996e-06 1.89
4 0 0.00014 1
4 0 0 0.5
6 0.01 0.00033 1
2 -0.01 0.00285 1
3 -0.01 0.00338 1
4 0 0.00055 1
4 0 0.00111 1
4 0 0.00092 2
4 0 0.00128 1
4 0 0.00054 0.01
4 0 0.00071 0.01
4 0 9e-04 0.01
5 0.01 2e-05 0.77
3 -0.01 0.00064 1
4 0 0.00048 3.31
4 0 0.00076 1
4 0 0.00069 0.5
4 0 0.00097 1
4 0 0.00108 1.89
4 0 0.00029 1
4 0 0.00074 1
4 0 0.00043 1
4 0 0.00106 0.77
5 0.006 0.0015 26
5 0.004 0.03991 1
4 0 0.00097 1
4 0 0 1
4 0 0.00012 1
4 0 1e-05 1
4 0 0.0731 1
4 0 0.00643 1
4 0 0.00366 1
4 0 0 6
4 0 2.58442 1
4 0 3.58775 1
4 0 4.06148 0.2
4 0 0.05514 1
4 0 3.95033 0.6
4 0 1e-05 0.2
4 0 0 0.01
4 0 0.00016 1
4 0 0 1
4 0 9.999996e-06 1
4 0 1e-05 1
4 0 0.00049 0.19
4 0 0.01965 1
3 -0.01 1.25063 0.1
4 0 0.13975 0.1
5 0.01 0.27336 1
3 -0.007 4.14307 0.4
5 0.0045 3.01204 0.53
5 0.0025 0.05143 0.2
4 0 0 0.8
4 0 2.0991 1
4 0 1.0047 1
4 0 0.00063 0.01
4 0 6e-05 0.81
4 0 0 0.19
4 0 0.00402 0.99
4 0 0.07187 1
4 0 0.01536 0.99
4 0 0.00014 0.01
3 -0.0065 1.51406 0.35
5 0.0065 0.30853 0.01
4 0 0 0.99
4 0 3e-05 0.01
4 0 0.9812961 1
3 -0.01 7.350367 0.03
4 0 4.000001e-06 1
5 0.005 0.001994 1
3 -0.005 8.999996e-06 0.07
4 0 0.000629 1.93
4 0 9.1e-05 2
4 0 6.000002e-06 0.11
4 0 3.8e-05 0.89
4 0 5.000002e-06 1
4 0 5.999995e-06 1
4 0 2.000001e-06 0.11
4 0 2e-05 0.89
4 0 5.000002e-06 2
4 0 4.000001e-06 0.09
4 0 0.00031 0.93
4 0 7.000002e-06 0.07
4 0 4.4e-05 1
4 0 1.9e-05 1
5 0.005 0.000546 1
3 -0.005 0 1
4 0 0 0.37
4 0 4.4e-05 2
5 0.01 7.6e-05 0.9
4 0 0.000188 0.1
3 -0.01 0.000179 0.91
4 0 3.000001e-06 1
4 0 3.000001e-06 1
4 0 2.2e-05 1
4 0 7.999995e-06 1
4 0 5.000002e-06 1
4 0 2.000001e-06 1
4 0 9.7e-05 1
4 0 9.999996e-06 1
4 0 0.000271 1
4 0 6.999995e-06 2
4 0 1.9e-05 1
4 0 1e-05 0.01
4 0 4.000001e-06 1
4 0 7.999995e-06 0.99
4 0 0.000241 1
4 0 0.000205 0.63
4 0 0 1
4 0 3.8e-05 0.01
4 0 1e-06 1
4 0 0 1
4 0 0.000357 0.09
4 0 0.000145 1
4 0 4.000001e-06 1
4 0 7.000002e-06 0.91
4 0 3.000001e-06 2
4 0 0.000138 0.01
4 0 6.000002e-06 0.99
4 0 0.000205 1
4 0 4.4e-05 1
4 0 6.000002e-06 0.01
4 0 4.1e-05 1
4 0 4.1e-05 0.93
4 0 9e-05 0.09
4 0 0.000292 1
4 0 0.000371 1
5 0.01 0.016964 0.03
3 -0.0075 0.095835 2
4 0 0.109087 1
3 -0.0025 2.172559 1
4 0 0.004285 2
4 0 4.170607 1
4 0 0 0.01
4 0 0.00041 1
4 0 0.00424 1
5 0.005 3e-05 1
3 -0.005 1e-05 2.01
4 0 0.00015 0.99
4 0 1e-05 0.01
4 0 0.00076 1
5 0.005 0.00283 1
3 -0.005 0.00469 2
4 0 0.06052 1
3 -0.005 1.25618 3
3 -0.005 5.56134 0.36
4 0 2.6012 0.1
6 0.0125 6.85375 0.43
5 0.0025 3.11187 3
5 0.005 2.08662 1
4 0 9.999996e-06 1
4 0 0 1.5
4 0 0 0.2
4 0 1e-05 0.3
4 0 6e-05 0.2
4 0 9.999996e-06 1
4 0 1e-05 2.2
4 0 0 0.01
4 0 2e-05 1
4 0 0.01169 0.79
4 0 0.12038 1
4 0 1.73046 1
4 0 1e-05 1
4 0 0.00048 1
3 -0.01 0.00159 1.75
5 0.005 4.88136 1
4 0 0.08395 1
4 0 0.48156 1
3 -0.0012 17.54672 0.51
5 0.0062 7.765001 1
4 0 0.000168 1
4 0 1.3e-05 1
4 0 1.2e-05 1
4 0 9.5e-05 1
4 0 2e-05 1
4 0 2.4e-05 0.5
4 0 1.4e-05 0.4
4 0 4.5e-05 1
4 0 7.999995e-06 1
4 0 0.000116 1
4 0 2.9e-05 1
4 0 0.000352 1
4 0 0.000437 1
4 0 0.000467 1
4 0 0.000549 1
4 0 0.012583 0.03
4 0 0.078902 0.05
4 0 2.716626 0.01
4 0 0.00026 2
4 0 6.63549 1
4 0 0.00195 1
4 0 2.45696 1
4 0 0.0015 1
5 0.005 0.22434 1
5 0.005 4.6819 1
3 -0.005 2.70612 1
4 0 0.15472 1
4 0 0.34588 1
3 -0.005 0.01458 1
4 0 3e-05 1
4 0 0.00013 1
4 0 2e-05 1
4 0 0.00021 1
4 0 1e-05 1
4 0 0 1
4 0 9.999996e-06 0.01
4 0 1e-05 1
4 0 0.00038 2
4 0 1e-05 2
4 0 9.999996e-06 1
4 0 1e-05 1
4 0 0 2
3 -0.01 0.20573 0.7
5 0.01 2.50745 1
4 0 2.6395 1
4 0 0 1
4 0 1e-05 1
4 0 0.00012 1
4 0 2e-05 1
4 0 0.01656 1
4 0 9.999996e-06 0.1
4 0 1e-05 0.1
4 0 0.00013 0.2
4 0 0.00041 1
4 0 9.999996e-06 0.2
4 0 0.00161 1
3 -0.005 2.36999 1
4 0 0.09305 1
3 -0.005 7.08993 0.3
5 0.01 4.16959 1
4 0 1e-05 1
4 0 0.00047 1
4 0 0 1
5 0.001 1.53987 2
3 -0.001 17.81265 0.1
4 0 0.000503 0.01
4 0 7.000002e-06 0.99
4 0 1.9e-05 0.7
4 0 5.000002e-06 0.3
4 0 4.000001e-06 1
4 0 3.999994e-06 1
4 0 4.000001e-06 1
4 0 4.000001e-06 1.7
4 0 1.6e-05 0.3
4 0 0.000313 0.01
4 0 6.999995e-06 1
4 0 4.7e-05 0.9
4 0 5.000002e-06 0.64
4 0 0.000498 0.36
4 0 8.9e-05 1
4 0 0 0.69
4 0 0.000278 0.31
4 0 0 1
4 0 0.022655 1
4 0 0.007265 1
3 -0.005 1.600938 1
3 -0.005 0.006341 0.97
5 0.005 0.191059 1
5 0.005 12.1483 1
4 0 0 1
4 0 4e-05 1
4 0 0.00011 1
4 0 2e-05 1
4 0 8.999999e-05 1
4 0 0.00014 1
4 0 0.00045 1
4 0 0.00037 1
4 0 4e-04 1
4 0 0.00447 1
4 0 0 1
4 0 0.01298 0.61
4 0 0 0.39
4 0 0.09444 1
4 0 0.00132 1
4 0 0.01143 1
3 -0.005 1.08804 1
4 0 0.01845 1
5 0.005 9.09752 1
4 0 0.33751 1
4 0 2.44729 1
4 0 28.53077 1
4 0 0.001744 0.1
6 0.01 3.396315 1
4 0 0.011462 1
4 0 7.27601 1
4 0 0.00012 0.02
4 0 0 0.03
4 0 9.999996e-06 1.5
4 0 0 1
4 0 0 1
4 0 1e-05 1
4 0 0 1
4 0 1e-05 1
4 0 0 0.45
4 0 3e-05 0.55
4 0 2e-05 0.55
4 0 2e-05 0.47
4 0 0.00029 1
4 0 9.999996e-06 1
4 0 0 1
4 0 2e-05 1
4 0 0 1
4 0 0 1
4 0 2e-05 1
4 0 3e-05 1
4 0 1e-05 1
4 0 9.999996e-06 2
4 0 0 1
4 0 1e-05 0.52
4 0 6e-05 1
4 0 3e-05 0.78
4 0 5e-05 0.1
4 0 1e-05 0.1
4 0 0.00061 1
4 0 0 1
4 0 0 0.52
4 0 4e-05 0.48
4 0 4.000001e-05 1
4 0 0 0.5
4 0 0.00023 0.1
4 0 9.999996e-06 0.1
4 0 1e-05 0.1
4 0 3e-05 0.1
4 0 0.00039 1
4 0 0.00024 0.6
4 0 1e-05 0.31
4 0 0 0.3
4 0 0.00648 1
4 0 0.00583 0.7
4 0 0 1
4 0 0 1.3
4 0 0.00043 0.27
4 0 0.00892 1
4 0 3e-05 1
4 0 9.999996e-06 1
4 0 4e-04 1
4 0 2e-04 1
4 0 5e-05 1
4 0 0.00103 0.68
4 0 0.0038 1
4 0 0.00045 1
4 0 0.01236 1
4 0 0.09301 1
4 0 0.00272 1
3 -0.005 0.07286 1
5 0.005 7.45712 0.4
5 0.01 0.00096 1
3 -0.01 0.00213 3
4 0 0.00011 1
5 0.01 0.00244 1
4 0 2e-05 1
3 -0.01 0.00013 3.86
4 0 3e-05 1
4 0 0.00166 1
4 0 0.12559 1
4 0 5.09751 1
5 0.0099 2.64159 0.22
3 -0.0099 0.35483 1
4 0 1.70029 1
4 0 0.05358 1
4 0 3.37868 1
3 -0.005 0.14738 1
5 0.005 0.64189 1
3 -0.005 0.01118 1
4 0 0.00414 1
5 0.005 3.99059 1
4 0 0.00033 1
4 0 2.000001e-05 1
4 0 0.00065 1
4 0 8.7683 1
4 0 0.00013 1
4 0 4e-05 0.95
4 0 3e-04 1
4 0 0.00042 1
4 0 0.00695 1
4 0 0.00576 1
4 0 0.0346 1
4 0 0.58525 1
4 0 1.10267 1
4 0 0.68354 1
4 0 0.20727 1
4 0 0.22636 1
5 0.0099 0.62551 2
3 -0.0099 0.95036 1
4 0 2.19207 1
4 0 2.00997 1
5 0.01 1.83577 1
3 -0.01 0.25527 3
4 0 2.530852 2
4 0 2.016415 1
5 0.0099 3.625391 0.03
3 -0.0099 0.422437 0.04
4 0 0.002283 0.96
4 0 4.999994e-06 0.04
4 0 8.5e-05 1
4 0 0.002263 1
4 0 0.013438 1
4 0 0.093845 1
5 0.01 0.29045 1
3 -1e-04 0.72114 0.02
1 -0.0368 1.966898 1
7 0.0269 0.002059 0.96
4 0 5.999995e-06 0.04
4 0 0.000209 1
4 0 4.999994e-06 1
4 0 0.002254 0.96
4 0 3.999994e-06 0.04
4 0 0.114211 1
5 1e-04 2.74036 0.03
5 0.0049 0.01285 1
4 0 0.35887 1
5 0.005 3.21938 1
4 0 0.3996 0.01
4 0 9.999996e-06 0.04
4 0 1e-05 1
4 0 0 0.24
4 0 3e-05 1
4 0 0.00012 0.69
4 0 0.00058 0.69
4 0 0.00038 0.57
4 0 0 1
4 0 1e-05 0.43
4 0 0.00034 1
4 0 0.00028 0.85
4 0 0.00035 0.31
4 0 4.000001e-05 0.69
4 0 0.23889 0.57
4 0 1e-05 0.43
4 0 5.13888 0.46
4 0 1e-05 0.54
4 0 2.03276 0.57
4 0 0 1
4 0 0 0.43
4 0 0.00045 1
4 0 0.02527 1
4 0 2.83928 1
4 0 5.74275 0.46
4 0 0 0.54
4 0 0.02027 1
4 0 9e-05 0.46
4 0 0.00236 0.54
4 0 0.37255 1
4 0 2.96721 1
4 0 0.51641 2
3 -0.0025 0.00468 1
5 0.0025 0.00966 1
4 0 3e-05 1
4 0 2.95333 1
4 0 0 1
4 0 0.00043 1
4 0 0.00035 0.31
4 0 1.12731 1
4 0 0.00142 1
4 0 1.22893 1
4 0 0.00024 1
4 0 1e-05 1
3 -0.005 2.26934 1
4 0 0.80233 1
5 0.005 3.33943 1
4 0 0.00014 0.28
4 0 0.76594 1
4 0 0.30344 1
4 0 9.999996e-06 1
4 0 0 1
4 0 2e-04 1
4 0 2e-05 1
4 0 3e-05 1
4 0 0.00018 1
4 0 0.00063 1
4 0 0 1
4 0 0.03095 1
4 0 0.48257 1
4 0 0.02648 1
4 0 0.10036 1
4 0 9e-05 1
4 0 0.50562 1
4 0 2.41998 1
4 0 9.999996e-06 1
4 0 1.78158 1
4 0 1.44504 1
4 0 0.00141 1
3 -0.005 3.66533 1
5 0.005 5.113654 1
4 0 1.415385 2
4 0 0.012855 1
4 0 3.6e-05 1
4 0 4.1e-05 1
4 0 3.000001e-06 0.99
4 0 0.00077 1
4 0 0.001172 1
4 0 0.000424 0.01
4 0 4.000001e-06 0.99
4 0 0.02724 1
4 0 0.008396 1
4 0 0.797974 0.01
4 0 1.600001e-05 1
4 0 0.000373 1
4 0 1.475123 1
6 0.01 0.000386 0.22
4 0 2.3e-05 0.05
4 0 1.5e-05 1
4 0 0.000766 0.02
4 0 1.465574 0.73
4 0 1e-05 0.06
4 0 0 0.2
4 0 0.00013 1
4 0 0.91531 1
3 -0.0099 2.13389 0.26
5 0.0099 1.86393 1
4 0 0.40131 1
4 0 0.00045 0.01
4 0 2.000001e-05 0.99
4 0 0.00501 2
4 0 0 1
3 -0.0036 1.88397 1.94
5 0.0036 5.80621 1
4 0 0.01835 1
4 0 0.9236 1
4 0 2.83835 0.01
4 0 0.00037 1
4 0 6e-05 1
4 0 0.00067 1
4 0 0 1
4 0 0 1
2 -0.01 1.48306 0.02
5 0.0034 2.234 1.45
5 0.0016 0.02516 1
4 0 0.12068 1
5 0.005 3.18616 1
4 0 3.36812 1
4 0 2.5766 1
3 -0.005 0.10414 1
5 0.005 0.00034 1
3 -0.006 0.0694 4.22
5 0.006 0.01781 0.99
4 0 1e-05 1
3 -0.005 0.00385 0.99
4 0 0.00031 1
5 0.005 0.04709 1
4 0 0 1
4 0 0 1
4 0 0.00077 0.5
4 0 0 0.29
4 0 4e-05 0.71
4 0 0 0.29
4 0 0 0.5
3 -0.005 0.00121 1
5 0.005 1e-04 1
3 -0.005 2e-04 1
4 0 0.00025 1
5 0.005 0.00493 1
3 -0.005 0.10754 1
6 0.015 0.6298 1
4 0 0.00043 1
2 -0.01 0.55479 0.21
6 0.01 2.12655 1
4 0 7.60455 1
4 0 1.07388 0.01
4 0 0 0.99
4 0 0.00023 1
4 0 1e-05 0.01
4 0 9.999996e-06 1
4 0 1e-05 1
4 0 0.00022 1
4 0 0.00038 1
4 0 0.00015 1
4 0 9.999996e-06 1
5 0.01 2.11468 1.5
4 0 0 1
4 0 0 0.6
4 0 0.00036 1
4 0 0.00141 1
4 0 0.49894 0.9
4 0 1.3526 1
4 0 0.00019 1
5 0.0043 1.74422 4
4 0 0.00054 13.29
5 0.0057 0.1043 1
2 -0.01 0.20504 1
4 0 0.00754 0.01
3 -0.01 0.00073 0.06
5 0.005 0.00592 0.05
5 0.005 0.0019 0.01
4 0 0.2987 1
4 0 0.50524 1
4 0 1.364776 2
4 0 4.400004e-06 0.4
4 0 2.62e-05 0.6
4 0 0.0003665 1
4 0 2.59e-05 0.13
4 0 0.0001456 0.87
4 0 0.0055377 1
4 0 0.0053748 2
4 0 4.000001e-06 2
4 0 0.1088919 1
3 -0.01 1.308026 0.01
4 0 1.168158 1
4 0 8.9e-05 0.03
5 0.01 1.637509 1
4 0 0.29026 1
4 0 0.037905 1
4 0 5.000002e-06 0.5
4 0 4.8e-05 1
4 0 1e-04 1
4 0 8.000003e-06 1
4 0 0.00066 0.5
4 0 5.619899 1
4 0 0.00045 1
6 0.01 8.60281 1
4 0 1e-04 0.1
4 0 0.12707 1
4 0 2.10048 1
2 -0.01 1.55816 0.21
4 0 0.00022 0.13
4 0 6.999999e-05 0.08
6 0.01 5.73876 1
3 -0.005 4.17215 3
3 -0.005 1.13278 0.58
4 0 0.00012 0.11
4 0 0.00029 2
4 0 1e-04 0.89
4 0 9.999996e-06 1
4 0 0 1
4 0 1e-05 2
4 0 0 1
4 0 9.999996e-06 0.01
4 0 1e-05 1
4 0 0 1
4 0 9.999996e-06 1
4 0 1e-05 1
4 0 0.00024 2
4 0 9.999996e-06 0.5
4 0 0.00016 1
4 0 9.999996e-06 0.02
4 0 0 1.98
4 0 0.00052 0.5
4 0 0 2
4 0 1e-05 0.01
4 0 0 1
4 0 9.999996e-06 1
4 0 0.00016 0.02
4 0 3e-05 1
4 0 0 1
4 0 0 7
3 -0.01 0.01068 0.97
5 0.01 0.00318 2
4 0 0.00741 0.01
4 0 0.03252 4.49
4 0 0.07833 1
3 -0.01 5.36638 0.1
4 0 0.00065 0.1
4 0 0.51027 0.69
4 0 0.00044 0.05
4 0 0.00083 0.11
4 0 0.00013 1.89
4 0 0.00056 0.11
4 0 4e-05 1
4 0 1e-05 0.44
4 0 0.00154 1
4 0 0 1
5 5e-04 0.52693 3.02
3 -5e-04 0.4245 0.06
4 0 0.00185 0.95
4 0 8e-05 2
4 0 1e-05 0.07
4 0 0 0.93
4 0 0.00014 1.07
4 0 1e-05 2
4 0 0 1
4 0 0 2
4 0 9.999996e-06 3
4 0 0.00011 0.48
4 0 0.00028 0.02
2 -0.01 1.42474 0.07
4 0 0.00202 2
4 0 9e-05 0.5
4 0 3e-05 1.43
5 0.005 0.00136 1
3 -0.005 0.05731 1
4 0 0.00399 1
4 0 3.26853 1
4 0 0.39506 1
4 0 1e-05 1
4 0 0.00011 1
4 0 6e-05 1
4 0 9.999996e-06 2
4 0 0 1
4 0 0 1
4 0 1e-05 1
4 0 0.00029 0.1
4 0 3e-05 0.9
4 0 1e-05 0.34
4 0 0 1
4 0 0 0.48
4 0 4e-05 0.52
4 0 1e-04 0.09
4 0 4.32357 1
4 0 0.00019 0.09
4 0 1e-05 1
4 0 0 0.91
4 0 0.00018 1
4 0 3e-05 1
4 0 2e-05 0.09
4 0 0.00011 1
4 0 3e-05 1
4 0 0.00591 1
4 0 0.10887 1
4 0 0.0959 1
3 -0.0059 4.12136 2
3 -0.0041 14.37225 0.12
4 0 7.2e-05 0.15
4 0 0.000685 0.1
4 0 4.661492 0.88
4 0 0 2
4 0 1e-05 1
4 0 0 0.12
4 0 0.00016 0.01
4 0 1e-05 0.99
4 0 9.999996e-06 0.85
4 0 0 0.15
4 0 0.38948 1
5 0.005 0.48339 1
4 0 0.02224 1
3 -0.005 0.18846 0.88
4 0 0 1
4 0 9.999996e-06 0.12
4 0 7e-05 0.88
4 0 0.00037 0.01
4 0 0 0.85
4 0 0.00024 0.9
4 0 0 1
4 0 9.999996e-06 0.1
4 0 0.00031 0.9
3 -0.005 20.43824 1
4 0 0.15548 2
3 -0.005 1.64797 1
4 0 0.00206 1
4 0 0.01496 1
4 0 1.64693 1
4 0 1e-05 0.1
4 0 0 2
4 0 9.999996e-06 1
4 0 0 0.01
4 0 0.05821 1
4 0 9.999996e-06 0.02
4 0 9e-05 1
4 0 0.00372 0.01
4 0 0.0019 0.99
4 0 1.73852 1
4 0 0.80964 0.02
4 0 9e-05 0.98
4 0 0.00031 0.07
4 0 0.00013 0.91
2 -0.01 0.4182 1
4 0 1e-05 2
4 0 0 0.29
4 0 0.00045 1
4 0 9.999996e-06 1
4 0 0 1
4 0 0 0.83
4 0 1e-05 1
4 0 0 0.71
4 0 1e-05 0.05
4 0 0 1
4 0 0 1
4 0 9.999996e-06 1
4 0 0 1
4 0 1e-05 1
4 0 0.00049 2
3 -0.01 0.00101 0.4
5 0.01 0.00107 2
4 0 0.00045 1
3 -0.01 0.00038 1
4 0 0 2
4 0 0 0.35
4 0 1e-05 0.65
4 0 0.00471 0.09
4 0 0.04358 0.26
4 0 0 0.74
4 0 0.03661 0.98
4 0 3e-05 0.01
4 0 1e-05 0.01
2 -0.01 0.00045 1
4 0 0 1
4 0 0.00092 0.1
4 0 0 0.9
4 0 5e-05 0.1
4 0 9.999996e-06 0.36
2 -0.01 1.59015 1
4 0 0.40659 1
3 -0.01 0.50104 0.06
4 0 0 0.04
4 0 9.999996e-06 1.5
4 0 0 0.35
4 0 0.00076 1
4 0 0.00145 1
3 -0.005 0.65698 2
4 0 0.01322 0.11
4 0 0.10426 6
4 0 4.00185 1
4 0 0.48174 1
5 0.005 0.12918 0.15
4 0 2e-05 1
4 0 6.000001e-05 1
4 0 9.999996e-06 1
4 0 3e-05 1
4 0 9.999996e-06 1
4 0 0.00014 1
4 0 0 1
4 0 4e-05 1
4 0 3e-05 1
4 0 8.000001e-05 1
4 0 9.999996e-06 1
4 0 0.00012 1
4 0 3e-05 1
4 0 0.00011 1
4 0 0.00014 1
4 0 9.999996e-06 1
3 -0.005 0.00021 1
4 0 2e-05 2
5 0.005 0.00017 1
4 0 0.00015 1
4 0 8.999999e-05 1
3 -0.005 0.00229 1
4 0 0.00027 2
4 0 0.00017 1
5 0.005 0.11325 1
3 -0.005 0.0014 1
5 0.005 0.12497 1
4 0 1.61423 1
3 -0.005 0.00291 1
5 0.005 2.27276 1
2 -0.01 2.38003 1
4 0 1e-05 1
4 0 0 1
4 0 9.999996e-06 1
4 0 0 1
4 0 0 1
4 0 0.00038 3
2 -0.01 0.00027 0.1
4 0 0 1.5
4 0 9.999996e-06 0.35
3 -0.01 1.81778 5
4 0 1.31232 1
4 0 3e-05 0.5
4 0 0 0.35
4 0 0.00035 3
2 -0.01 0.00022 1.5
4 0 0 0.1
4 0 1e-05 0.35
4 0 0.00073 0.55
4 0 0.00029 0.45
4 0 1.681565 0.1
2 -0.01 6.838209 0.09
4 0 4.000001e-06 0.35
4 0 5.000002e-06 3
4 0 4.000001e-06 0.1
4 0 2.999994e-06 0.46
4 0 0.000457 0.54
4 0 1.7e-05 1
4 0 1.2e-05 1
3 -0.01 0.00037 1
4 0 2.069024 0.35
4 0 1e-05 1
4 0 7e-04 1
4 0 0.00025 1
4 0 1e-05 0.99
4 0 7e-05 0.01
4 0 0.00131 1
4 0 0.00015 2
4 0 0.00415 1
2 -0.01 0.47978 0.02
4 0 0.51916 0.1
3 -0.005 0.0051 1
5 0.005 2.62617 1
4 0 0.00036 1.98
4 0 2e-05 1
4 0 0 1
4 0 5e-05 1
4 0 1e-05 1
4 0 3e-05 1
4 0 1e-05 1
4 0 9.999996e-06 1
4 0 5e-05 1
4 0 0 0.99
4 0 0.00015 1
4 0 9e-05 1
4 0 1e-04 1
4 0 3e-05 1
4 0 9.999996e-06 1
3 -0.005 1e-05 2
4 0 0.00244 1
4 0 2e-04 2
5 0.005 0.04952 1
6 0.01 5.42199 0.1
4 0 9.999996e-06 0.1
4 0 6.000001e-05 0.8
4 0 3e-05 1
2 -0.01 0.00036 2.43
6 0.01 3e-05 0.81
4 0 0 0.81
4 0 2e-05 0.19
2 -0.01 1e-05 0.57
6 0.01 9.999996e-06 1
4 0 0.00021 0.87
4 0 0.00029 0.81
4 0 3e-05 0.19
4 0 1e-05 0.5
3 -0.005 0.11626 1
5 0.005 1.55909 1
4 0 8e-04 1
3 -0.005 0.01644 1
5 0.005 6e-04 1
3 -0.005 1.12122 1
4 0 0.00186 1
5 0.005 3.22249 1
3 -0.005 0.00202 1
5 0.0025 4.63441 0.27
5 0.0024 2.71171 0.52
3 -0.0099 2.09501 0.05
4 0 0.00015 1
4 0 9.999996e-06 1
4 0 0 0.14
4 0 0.00011 0.86
4 0 0 0.14
4 0 0.00038 0.86
4 0 0 0.14
4 0 0 0.86
4 0 1e-05 0.69
4 0 0.00032 0.95
4 0 0 1
4 0 9e-05 0.31
4 0 9.999996e-06 0.35
4 0 0 1
4 0 0 1
4 0 1e-05 1
4 0 0 1
4 0 0 1
4 0 9.999996e-06 1
4 0 0 0.21
4 0 0.00058 2
4 0 0.00048 1
4 0 0 0.34
3 -0.01 0.00122 0.5
4 0 2e-05 1
4 0 4.000001e-05 1
4 0 0.00041 0.35
4 0 9.999996e-06 0.65
5 0.01 0.00494 1
4 0 0.00578 1
4 0 1e-05 1
4 0 0.40732 1
4 0 0.00094 1
4 0 10.03403 0.16
4 0 4e-05 1
4 0 4e-05 1
4 0 6e-05 1
4 0 0.00013 1
4 0 2e-05 1
4 0 0.00018 0.1
4 0 4e-05 0.1
4 0 0 0.1
3 -0.005 0.00024 1
4 0 0.00177 1
4 0 0.00018 1
5 0.005 0.00634 1
4 0 0.11369 1
4 0 1.293 1
3 -0.005 0.00017 2
5 0.005 6e-04 0.8
4 0 1e-05 1
4 0 9.999996e-06 0.2
4 0 0.00012 1
4 0 9.999996e-06 1
4 0 4e-05 1
4 0 7e-05 0.83
4 0 4e-05 1
4 0 0.00016 1
4 0 0.00011 1
4 0 6e-05 1
3 -0.005 0.00209 1
4 0 0.00286 1
5 0.005 0.00592 1
3 -0.005 0.00534 2
5 0.005 0.09346 1
5 0.005 1.3025 1
3 -0.005 2.1918 0.89
4 0 0.0051 0.11
4 0 0.00103 0.3
4 0 0 0.59
4 0 4.56153 1
4 0 0.00327 1
4 0 0.01532 1
4 0 0.08952 1
6 0.01 18.26012 1
3 -1e-04 3.31571 0.73
3 -0.0099 0.30788 0.9
6 0.01 1.09795 1
4 0 0.70886 1
4 0 0 1
4 0 0.00043 1
4 0 0.00061 1
4 0 1e-05 1
4 0 5e-05 1
4 0 0.01762 1
4 0 0.00222 1
5 0.01 7.57158 1
4 0 0 1
4 0 2e-05 1
4 0 0.00034 1
6 0.01 0.00011 0.96
2 -0.015 5e-05 2
5 0.005 8e-05 1
3 -0.005 0.01549 2
6 0.015 2.05075 1
4 0 1.30989 1
4 0 0 0.01
4 0 0.00088 1
5 0.0025 11.19745 0.22
5 0.0075 5.74972 1
4 0 9e-05 1
4 0 0.00023 1
4 0 0.00035 1
4 0 0.00544 1
4 0 0.04189 1
4 0 11.61353 1
4 0 0.00024 1
4 0 9.999996e-06 1
4 0 0.00063 1
4 0 3e-05 1
4 0 1e-05 1
4 0 0.00025 1
3 -0.005 6.365836 3
4 0 1.727608 1
4 0 2.678103 2
5 0.005 4.999994e-06 1
4 0 0.000461 1
3 -0.005 0.017135 2
3 -0.005 4.091762 20
4 0 3.32558 1
4 0 9.999996e-06 1
4 0 0 1
4 0 0 1
4 0 1e-05 1
4 0 0 1.42
4 0 3e-05 0.58
4 0 0 2
4 0 0 1
4 0 1e-05 1
4 0 0.00031 1
4 0 1e-05 1
4 0 1e-05 0.01
4 0 2e-05 0.01
4 0 0 1
4 0 9.999996e-06 1
4 0 0 1
4 0 1e-05 1
4 0 0.00011 1
4 0 0 1
4 0 9.999996e-06 1
4 0 0.00026 1
4 0 1e-05 1
4 0 0.00017 0.01
4 0 0 1
4 0 0 1
4 0 0 1
2 -0.01 0.00026 0.96
4 0 9.999996e-06 0.04
4 0 4e-04 1
6 0.01 0.0096 3
3 -0.005 1.49344 4
3 -0.005 3.61618 1
4 0 2.67727 1
4 0 1e-05 0.01
4 0 0 0.99
4 0 0.00114 0.01
4 0 6e-05 1
4 0 0.00614 1
4 0 1e-04 1
3 -0.0099 1.44187 0.02
5 0.0099 4.36386 1
3 -0.005 0 2
5 0.005 0 1
4 0 2e-05 1
4 0 9.999996e-06 1
4 0 0 1
4 0 9e-05 1
4 0 3e-05 1
4 0 1e-04 1
4 0 1e-05 0.32
4 0 5e-05 1
4 0 2e-05 1
4 0 0.00012 2
4 0 6e-05 0.32
3 -0.005 0.01658 2
5 0.005 0.08461 1
4 0 1.82994 1
3 -0.01 0.1185 1
4 0 9.999996e-06 0.34
4 0 0 1
4 0 0 0.66
4 0 2e-05 1
4 0 0 1
4 0 0.00298 1
4 0 3e-05 0.34
4 0 4e-05 1
4 0 0.24095 1
3 -0.005 1.29545 1
4 0 0.18158 1
4 0 0.59652 1
3 -0.004 0.85125 5.32
5 0.009 2.07086 1
4 0 0 1
4 0 1e-04 1
4 0 0.00037 1
4 0 2e-05 1
4 0 0.00014 1
4 0 3e-04 1
4 0 0.00012 1
4 0 0.00407 1
4 0 1e-05 1
4 0 1e-04 1
3 -0.005 0.00211 2
5 0.005 0.00561 1
3 -0.005 0.00755 2
3 -0.003 2.19612 2.62
3 -0.002 0.76067 0.05
4 0 0.94975 1
4 0 1e-05 1
4 0 9.999996e-06 0.05
4 0 0.00019 1
4 0 1e-05 0.01
4 0 0 0.95
4 0 0.00184 0.04
4 0 0.00113 0.25
4 0 0 0.1
4 0 0 1
4 0 9.999996e-06 0.6
4 0 0.10191 1
4 0 0.0477 1
5 0.005 1.60511 6
3 -1e-04 0.51753 2
5 1e-04 3.30305 12
5 0.005 9.93968 1
4 0 6.000001e-05 1
4 0 0 1
4 0 0.00036 1
4 0 4e-05 1
4 0 3e-05 1
4 0 6.999999e-05 1
4 0 0.00018 0.05
4 0 0.00014 0.95
4 0 9e-05 1
4 0 0.00049 1
4 0 0.01178 1
4 0 0.00252 1
4 0 0.06251 1
2 -0.01 0.1614 0.75
6 0.01 0.05129 1
4 0 2.15848 0.11
4 0 0.07561 1
4 0 0.08919 1
4 0 0.11043 0.89
4 0 9.999996e-06 0.11
4 0 7e-05 1
4 0 1.315118 1
4 0 0.5022437 1
4 0 0.000517 1
4 0 5.000002e-06 1
4 0 0.000115 1
2 -0.01 0.896592 0.03
6 0.01 0.9203 1
4 0 0.184239 1
4 0 0.052158 0.78
4 0 0.256079 0.8
4 0 1.571463 1
2 -0.01 0.200574 0.5
6 0.01 2.142165 1
3 -0.0026 7.161401 0.2
5 0.0026 1.37366 0.5
4 0 2e-05 1
4 0 0 0.5
3 -0.0064 1.51987 0.02
5 0.0014 7.30138 1
5 0.005 0.00284 1
3 -0.001 0.16571 1
5 0.001 0.00016 2.69
4 0 0.00013 0.31
4 0 9.999996e-06 0.19
2 -0.01 0.00653 0.2
6 0.01 0.00012 1.8
3 -0.0037 0.00225 1.8
5 0.0037 0.00067 0.2
4 0 5.14332 1
2 -0.01 1.39265 0.05
4 0 0.00036 0.05
4 0 0.00054 0.2
6 0.01 3.80595 1
4 0 1e-04 1
4 0 5e-05 0.76
4 0 0.43536 1
3 -0.005 0.5787 4.6
5 0.0049 4.68123 3
4 0 0.00057 2.3
3 -0.0049 0.50781 1
5 0.005 0.00311 1
3 -0.005 0.82916 2
4 0 0.11309 2
5 0.005 0.83649 1
3 -0.005 0.47048 1
4 0 0.01796 1
4 0 0.01002 1
5 0.005 1.13688 1
4 0 0 1
4 0 0 0.2
4 0 1e-05 0.12
4 0 9.999996e-06 1
4 0 3e-05 1
4 0 9.999996e-06 1
4 0 1e-05 1
4 0 0.00011 3
4 0 9.999996e-06 1
4 0 0.00022 1
4 0 0.0053 1
4 0 0.02548 1
3 -0.005 1.84142 3
4 0 0.0339 1
3 -0.0013 6.19827 0.02
5 0.0063 0.00142 1
4 0 0 1
4 0 0.00615 1
4 0 0.11319 1
4 0 0.10499 1
4 0 0.12359 1
4 0 0.00082 1
4 0 0.00105 1
4 0 9.999996e-06 23
4 0 0.00686 1
5 0.01 0.02953 0.67
4 0 0 1
4 0 0.00038 1
4 0 1.2622 1
5 0.005 0.55806 16.87
3 -0.005 0.27196 0.21
4 0 0.00013 0.12
6 0.01 9e-04 1
2 -0.01 0.00132 1
4 0 0.05798 1
6 0.01 0.20855 1
4 0 0.10826 1
3 -0.005 0.00317 1
5 0.005 0.54146 1
4 0 0.57649 1
4 0 0.00055 0.17
4 0 0.00386 0.83
4 0 0.00016 1
4 0 0 1
4 0 0.00037 1
4 0 0.50108 1
6 0.01 1.94195 0.2
2 -0.01 0.13621 1
4 0 0 2
4 0 0.00039 1
4 0 0.00053 1
4 0 0.00018 1
4 0 0.00081 1
4 0 0.2856306 1
5 1e-04 1.441375 3
3 -1e-04 1.712381 1
4 0 0.028335 1
4 0 1.8e-05 3
4 0 0.000325 0.05
4 0 3.6e-05 0.95
4 0 4.8e-05 0.05
4 0 8.000003e-06 0.95
4 0 0.000534 1
2 -0.01 0.007737 1
4 0 0.005969 1
5 0.005 1.819648 2
4 0 0.070077 1
5 0.005 4.179187 0.8
4 0 2.9e-05 1
4 0 0.000126 1
4 0 0.005037 1
4 0 5.000002e-06 1
4 0 0 1
4 0 0.000228 1
4 0 4.000001e-06 1
3 -0.005 0.0017 1
5 0.005 0.253472 1
3 -0.005 3.29494 4
5 0.005 4.30974 1
4 0 8.11485 0.7
4 0 2e-05 0.4
4 0 0.02021 0.6
4 0 0.00034 1
4 0 0.04199 1
4 0 0.07576 0.44
4 0 2.78663 1
4 0 0.00296 1
4 0 0.00398 1
5 0.005 0.16604 1
4 0 0.0039 1
4 0 6e-05 1
3 -0.005 4.0564 2
4 0 0.0029 1
4 0 0.00404 1
4 0 0.00796 1
5 0.005 0.1056 1
4 0 0.00279 1
4 0 0.05498 2
4 0 0.01068 1
5 0.005 0.0914 1
4 0 3.6283 1.05
4 0 0.00149 1
4 0 1e-05 1
4 0 0.00011 0.01
4 0 0 1
4 0 0.00024 1
4 0 0.00093 1
3 -0.005 0.00507 1
5 0.0049 0.02532 1
3 -0.0049 0.00267 10.95
5 0.0049 0.03076 10.95
5 1e-04 2.38794 1
2 -0.01 0.09469 0.02
6 0.01 3.46367 1
4 0 2.94809 1
4 0 0.00051 1
4 0 0.05782 1
4 0 0.193 1
4 0 9.999996e-06 1
4 0 9e-05 0.45
4 0 1e-05 1
4 0 6.999999e-05 1
4 0 0.00026 0.45
4 0 0.00012 0.01
4 0 0.00014 0.99
4 0 0.00083 0.54
4 0 0.00113 1
4 0 0.00108 1
5 0.01 0.03038 0.01
4 0 0.00289 0.88
4 0 0 1
3 -0.01 0.15523 2
5 0.01 0.0052 2
4 0 0.16309 1
4 0 1.78343 2
4 0 2.29516 0.4
4 0 0.37031 0.15
4 0 0.9957 1
4 0 8.999999e-05 1
4 0 0.67066 0.3
4 0 1e-05 0.84
3 -0.01 0.06152 1
4 0 0.00034 1
4 0 0.00057 0.01
4 0 0.00538 1
5 0.01 0.03463 1
4 0 1e-05 0.1
4 0 0.00601 0.76
3 -0.01 0.25206 0.09
4 0 0.00012 0.06
4 0 0 0.04
2 -0.01 2.27362 0.2
6 0.01 0.03664 1
2 -0.01 0.00136 0.25
4 0 0.00264 1
4 0 0.28309 1
4 0 0 1
4 0 4e-05 1
4 0 0.00013 0.01
4 0 0 1.99
4 0 4e-05 0.01
2 -0.01 0.00044 1
4 0 9.999996e-06 1
4 0 0 1
4 0 0 0.33
4 0 1e-05 1
6 0.01 6e-05 1
2 -0.02 0.00074 0.13
5 0.01 0.00011 1
3 -0.01 0.00021 0.08
5 0.01 0.056 0.07
4 0 0.17062 0.93
4 0 0 1.07
4 0 6.999999e-05 0.93
3 -0.01 0.0033 1
5 0.01 0.60603 0.05
6 0.01 3.59304 1
4 0 0.00085 1
4 0 1.046986 1
4 0 0.0004932 1
4 0 0.5697979 1
4 0 0.111093 1
4 0 0.040298 0.01
4 0 0.360555 1
4 0 0.008788 2
4 0 0.78267 1
4 0 0.857946 1
4 0 2.474016 0.5
4 0 0.000182 1
4 0 0.000925 1
4 0 2e-05 0.01
4 0 4.999994e-06 0.99
3 -0.006 0.73012 2.5
5 0.001 0.137949 2
5 0.005 4.140066 1
4 0 0.00055 1
4 0 0.32046 1
4 0 0 9
4 0 2.18533 1
4 0 0.68411 1
4 0 5e-04 1
4 0 0.24595 1
4 0 0.15572 1
4 0 1.41016 1
3 -0.005 0.38218 5
5 0.005 3.97526 1
4 0 9.999996e-06 1
4 0 4e-05 1
4 0 0.00396 1
4 0 0.00015 1
6 0.01 0.00017 1
4 0 2.03349 1
4 0 0.00081 0.54
4 0 0.0018 1
4 0 0.00188 1
4 0 0.50204 1
4 0 0.00193 1
4 0 2.63851 10
4 0 0.93887 1
2 -0.01 4.83892 2
4 0 0.00044 0.07
4 0 0.00012 2
4 0 5e-05 0.93
2 -0.01 3.78407 2
4 0 1e-05 1
4 0 0 1
4 0 9.999996e-06 1
4 0 0 2
4 0 0 0.07
4 0 1e-05 0.33
4 0 0 1
4 0 0 1
4 0 9.999996e-06 0.6
4 0 0.02067 1
4 0 0.00045 2
4 0 0.00012 0.36
4 0 0.00041 1
4 0 0.0066 1
4 0 0 1
4 0 0.00044 1
4 0 1e-05 0.36
4 0 9.999996e-06 1
4 0 0 0.99
4 0 0.00014 0.1
4 0 0.00013 0.9
6 0.01 1.82227 1
4 0 0 4.07
6 0.01 0.16811 1
4 0 0.01494 1
2 -0.01 2.94535 1
4 0 0 1
2 -0.01 2.18395 1
4 0 0 1
4 0 1e-05 1
4 0 0.00052 1
4 0 0.00012 2
4 0 0.13609 1
4 0 1e-05 1
4 0 9.999996e-06 3
4 0 0.00079 2
4 0 0 0.46
6 0.01 6e-05 1
4 0 0 1.54
2 -0.01 0.01679 1
5 0.005 2.91789 5
5 0.0087 1.48543 0.05
3 -0.0037 0.52384 1
4 0 0.00027 1
4 0 2e-05 1
3 -0.0042 1.65137 1.52
5 0.0042 2.00461 1
2 -0.01 1.10254 1
4 0 1e-05 0.01
4 0 0 1
4 0 1e-05 1
4 0 0 1
4 0 9.999996e-06 1
4 0 0 1
4 0 0 1
4 0 1e-05 1
4 0 0 1
4 0 9.999996e-06 0.99
6 0.01 0.10382 1
4 0 0.23469 1
4 0 2.35249 1
4 0 1.43533 1
4 0 2.01816 0.77
3 -0.005 0.03841 6
3 -0.005 0.21188 1
4 0 0 1
4 0 3e-05 1
4 0 2e-05 1
4 0 0.00056 1
4 0 1e-05 1
4 0 4e-05 1
4 0 1e-05 0.01
4 0 9.999996e-06 0.99
4 0 0.00035 1
4 0 0 2
4 0 0.00688 1
4 0 8e-05 1
4 0 0.89172 0.01
4 0 2.140726 1
4 0 1.958615 2
4 0 0.427138 1
4 0 4.000001e-06 1
4 0 2.4e-05 1
4 0 0.000359 1
4 0 3.5e-05 1
4 0 3.700001e-05 1
4 0 5.7e-05 1
4 0 9.8e-05 1
4 0 6.999995e-06 1
4 0 0.002768 1
4 0 1.388675 1
4 0 0.010334 1
4 0 0.044049 1
4 0 0.375716 1
4 0 1.4e-05 1
4 0 2.093309 0.43
3 -0.005 0.677329 1
3 -0.005 1.674787 25.07
5 0.0099 0.428479 0.14
3 -0.0099 2.42407 2
4 0 9.999996e-06 0.1
4 0 0 1
4 0 1e-05 0.9
4 0 0 1
4 0 9.999996e-06 1
4 0 0 2
4 0 0 2
4 0 9e-04 2
4 0 0.00268 1
4 0 0.00036 1
4 0 1.32784 0.07
4 0 0 1
4 0 0.00115 1
4 0 0.00778 0.05
5 0.0046 3.54806 1.4
5 0.0018 0.15389 0.81
3 -0.0064 3.86092 1
4 0 0.00054 1
4 0 0.00035 1
4 0 0.00033 2
4 0 0.00015 0.01
4 0 0.00314 1
2 -0.01 5.04872 1
4 0 0 1
4 0 9.999996e-06 0.34
4 0 0 0.1
4 0 0 1
4 0 1e-05 0.56
6 0.01 0.00068 0.01
2 -0.01 2e-05 0.98
6 0.01 8.23071 0.57
4 0 9.999996e-06 0.43
3 -0.0014 9.01429 0.63
5 0.0014 1.53343 0.22
7 0.042 5.1646 1
1 -0.042 0.10714 0.3
2 -0.01 1.45041 0.34
4 0 0 0.2
4 0 9.999996e-06 1
4 0 0 1
4 0 0 1
4 0 1e-05 1
4 0 0 1
4 0 0 0.46
4 0 2e-05 1
4 0 3e-05 1
4 0 0.00073 0.02
4 0 0 1
4 0 9.999996e-06 0.98
6 0.01 6.88363 1
4 0 7e-04 1
4 0 1e-05 1
4 0 0.00037 1
4 0 4.000001e-05 1
4 0 9.999996e-06 1
4 0 6e-05 1
4 0 0 1
4 0 5e-05 1
4 0 0.00036 1
4 0 0.00291 1
2 -0.01 1.998099 1
4 0 0.006448 1
4 0 4.000001e-06 1
4 0 3.000001e-06 0.31
4 0 7.000002e-06 0.69
4 0 0.000263 0.54
4 0 0.00284 1
4 0 0.203112 2
6 0.01 16.38208 1
4 0 0.00034 1
4 0 4.000001e-05 1
4 0 4e-05 1
4 0 0.02125 1
4 0 7.07479 0.25
4 0 0.00026 0.25
4 0 6e-05 1
4 0 0.00033 1
4 0 7e-05 1
4 0 0.02628 1
4 0 0.03645 0.35
2 -0.01 1.8181 0.05
4 0 0.16536 0.05
4 0 0.00073 0.15
6 0.02 4.85777 0.45
2 -0.02 4.67486 0.93
6 0.01 7.55096 1
4 0 0.00091 1
4 0 0.00028 1
4 0 0.03868 1
4 0 0.00104 1
4 0 2.00872 1
3 -0.0027 1.88619 0.32
5 0.0027 2.86223 1
4 0 0.00246 1
4 0 0.16749 1
2 -0.01 2.884 0.3
4 0 0.00086 0.1
4 0 9.653262 3.71
6 0.01 4.814301 1
2 -0.01 3.705077 0.07
4 0 0 1
4 0 0 1
4 0 9.999996e-06 0.93
4 0 0.11678 1
6 0.0124 4.08221 0.73
2 -0.0124 11.09585 1
6 0.0199 0.22945 0.19
2 -0.0122 10.47405 3.05
6 0.0123 9.19097 1
3 -0.01 0.00042 1
4 0 5e-05 1
5 0.01 1e-05 0.88
3 -0.01 0.00058 1
5 0.01 4e-05 0.12
4 0 0 1
4 0 0 3
4 0 1e-05 0.88
4 0 3e-05 0.12
3 -0.01 8e-05 1
4 0 0.00048 1
4 0 9e-05 1
4 0 0.00089 1
4 0 0.00136 2
4 0 0.00151 1
4 0 0.002 1
4 0 2e-04 1
4 0 0.00341 1
4 0 0.00266 1
4 0 0.10913 1
4 0 5.6173 1
4 0 0 2
4 0 0 2
4 0 3e-05 1
4 0 1e-05 1
4 0 0 1
4 0 0 1
4 0 9.999996e-06 1
4 0 1e-05 1
4 0 0.00042 1
2 -0.01 0.00127 0.09
4 0 0.00092 0.46
4 0 0 0.01
4 0 2e-05 1
4 0 4e-05 0.53
4 0 4e-05 0.47
4 0 9.999996e-06 0.53
4 0 0.0017 0.91
4 0 0 1
4 0 1e-05 1
4 0 0 1
4 0 0 1
4 0 0 1
4 0 9.999996e-06 1
4 0 0 1
4 0 0 0.79
4 0 2e-04 0.21
4 0 0.00016 0.75
4 0 3e-05 0.27
4 0 1e-05 0.01
4 0 9.999996e-06 1
4 0 0.00011 0.47
4 0 0.00067 1
4 0 4e-05 1
4 0 0 1
4 0 0.00884 1
4 0 6e-04 0.21
4 0 0 0.79
4 0 0.01084 2
4 0 0.00472 0.01
3 -0.001 6.19067 0.11
5 0.001 5.166608 1
4 0 3e-05 1.27
4 0 7.6e-05 1.73
4 0 8.999996e-06 0.27
4 0 3.2e-05 0.73
4 0 0.000861 1
5 0.0025 5.271842 0.12
5 0.0074 5.551402 1
5 1e-04 6.72306 1
4 0 1e-04 3
4 0 0.00071 1
3 -0.0099 8.26935 0.08
5 0.0098 0.02855 0.3
5 1e-04 1.40657 0.03
2 -0.01 1.02652 1
4 0 1e-05 1
5 1e-04 1.73825 0.26
3 -1e-04 3.09151 0.11
4 0 5e-05 0.05
4 0 0.00064 0.01
4 0 4.000001e-05 0.07
6 0.01 9.37681 1
4 0 1e-04 1
4 0 0.00041 1
4 0 0 1
4 0 0.00048 1
4 0 1e-05 1
4 0 0.00052 1
5 0.005 0.00034 1
3 -0.005 0.00089 0.95
4 0 0.00828 1
4 0 2.34376 2
4 0 0 1
4 0 0.00038 1
4 0 9e-05 2
4 0 9.999996e-06 1
2 -0.01 0.64972 1
4 0 1e-05 1
4 0 0 1
4 0 4e-05 0.28
4 0 1e-04 0.72
4 0 3e-05 2
4 0 0.00057 1
4 0 0.00653 1
4 0 0 1
4 0 0.00723 2
3 -0.01 0.00082 0.09
6 0.0168 3.34845 0.25
3 -0.0018 12.89945 0.75
5 0.005 3.421128 1
4 0 0.723537 1
4 0 0.00056 1
4 0 1.01853 1
4 0 7.03793 1
4 0 0.00022 1
4 0 1.21978 1
4 0 0.06231 1
4 0 0.09595 1
4 0 3.74369 1
5 0.01 18.54687 1.5
4 0 0 0.5
4 0 4.000001e-05 1
4 0 9.999996e-06 0.19
4 0 1e-05 0.44
4 0 0 0.07
3 -0.01 4e-04 1
4 0 0.00054 1
5 0.005 5.40206 1
5 0.005 0.7361 1
4 0 1.77074 1
3 -0.01 0.46796 1
5 0.01 6.35118 1
4 0 0.10166 1
4 0 0 1
4 0 0 1
4 0 9.999996e-06 0.01
4 0 0.00023 1
3 -0.005 0.00049 1
5 0.005 0 2
4 0 0.02887 1
4 0 0.288 1
3 -0.01 0.00051 0.21
6 0.0199 2.37476 4
5 1e-04 0.00593 0.04
4 0 9.999996e-06 1
6 0.01 0.00277 1
4 0 0.00054 1
4 0 0.00027 1
4 0 9.999996e-06 0.8
4 0 5e-05 1.5
4 0 1e-05 1
3 -0.0027 0.27622 0.5
3 -0.0073 0.18928 1
4 0 0.00043 0.69
4 0 0 0.31
4 0 0.00023 1
4 0 0.00024 1
2 -0.01 0.04773 1
7 0.02 0.09736797 2
2 -0.01 0.418804 4
6 0.01 0.4880043 1
4 0 0.0108965 1
4 0 4.499998e-06 1.78
4 0 4.300004e-06 1.22
4 0 0.0090587 1
4 0 0.0001436 0.28
4 0 3.300003e-06 0.39
4 0 0.7969028 1
5 0.01 0.890208 0.61
4 0 0.018496 1
4 0 3.000001e-06 1
4 0 3.999994e-06 1
4 0 4.000001e-06 0.39
4 0 5.1e-05 0.11
4 0 4.000001e-06 0.5
4 0 3.150359 0.01
7 0.02 7.337951 1
5 0.01 3.0172 0.3
4 0 13.70094 0.7
6 0.01 0 0.3
4 0 9e-05 0.7
4 0 0 1
4 0 9.999996e-06 1.13
4 0 4e-05 10.87
4 0 0.00029 0.18
4 0 1e-04 0.82
6 0.01 2.16676 0.12
4 0 4e-04 0.07
4 0 0.03148 1
3 -0.0063 3.49806 0.2
5 0.0063 1.26319 1
4 0 6.000001e-05 0.8
5 0.01 6.999999e-05 0.01
3 -0.01 3.19764 1
4 0 9.999996e-06 0.01
4 0 0 0.99
5 0.01 9.00024 3
6 0.01 8.92133 0.5
5 0.01 0.00016 0.5
3 -0.01 4.50571 1
5 0.005 1.6e-05 0.07
3 -0.005 7.000002e-06 0.93
4 0 0.000858 2
4 0 5.000002e-06 1
4 0 5.000002e-06 1
4 0 3.000001e-06 1
4 0 3.999994e-06 0.07
4 0 3e-05 1
4 0 0.000325 0.07
4 0 4.3e-05 1
4 0 0.000183 1
4 0 0.000112 1
4 0 0.005373 1
5 0.01 1.836586 1
4 0 8.94955 2
4 0 0 2
4 0 9.999996e-06 2
4 0 0.00025 1
4 0 0.00208 1
4 0 11.66408 1
4 0 0 2
4 0 0.00074 1
4 0 0.02813 1
4 0 1e-05 1
4 0 5e-05 1
4 0 1e-04 0.1
4 0 0 0.1
4 0 2e-05 0.1
4 0 1e-05 0.1
4 0 0.00056 2
4 0 0.02265 1
4 0 0.00178 1
4 0 0.01845 1
4 0 0.00217 2
3 -0.009 8.57709 0.16
3 -0.001 24.63567 1.94
4 0 0.06159 2
4 0 6.000001e-05 1
4 0 9.999996e-06 1
4 0 0 0.01
4 0 1e-05 1
4 0 0 1
4 0 0 1
4 0 9.999996e-06 1
4 0 0.00032 1.06
4 0 3e-05 0.94
4 0 1e-05 0.06
4 0 9.999996e-06 0.88
4 0 0.00067 0.12
4 0 9.999996e-06 0.94
5 0.01 0.00096 1
3 -0.01 0.00081 1
4 0 0 1
2 -0.01 18.24367 1
4 0 0.00014 1
4 0 4e-05 1
4 0 0.01796 2
4 0 0 2
4 0 9.999996e-06 5
6 0.01 0.07201 3
4 0 0.4908 1
2 -0.01 9.74838 1
6 0.01 3.55551 1
2 -0.01 20.80702 1
4 0 0 1
4 0 0 1
4 0 1e-05 1
4 0 0.00025 2.11
4 0 5e-05 2.89
4 0 9.999996e-06 0.01
4 0 0.00099 1
4 0 0.0082 1
6 0.01 0.01278 1
5 0.01 0.00015 0.1
3 -0.01 0 3.87
5 0.01 0 0.1
4 0 1e-05 0.1
4 0 2e-05 0.1
4 0 0 0.1
4 0 0 0.1
3 -0.01 0.00349 1
2 -0.01 0.01215 1
4 0 0.00015 1
4 0 0.00013 0.1
4 0 0.06042 2.9
4 0 0.00046 1
4 0 7e-05 1
4 0 0.00098 0.1
4 0 0.1916 1
4 0 0.71995 1
6 0.01 1.05693 1
4 0 0.00056 1
4 0 9e-05 1
5 0.0039 6.21748 0.06
3 -0.0039 5.111714 1
4 0 0.138577 0.5
4 0 0.001129 1
5 0.009 0.004834 1
2 -0.0189 4.913277 0.01
5 0.0099 1.467639 0.88
5 0.01 9.999996e-06 1.69
3 -0.01 5e-05 2.5
4 0 5.20121 0.42
5 0.01 6.49436 1
4 0 0.00061 0.5
4 0 0 0.5
3 -0.01 1.17358 3.48
5 0.01 6.39984 0.81
4 0 0.00109 0.19
4 0 4.231 1
5 0.0099 2.01363 0.11
3 -0.0099 0.45563 1
6 0.01 4.57217 1.5
4 0 0 0.5
4 0 2e-05 0.5
4 0 0.00014 1
4 0 1e-05 1
4 0 0.00049 0.16
2 -0.01 0.00021 1
4 0 0.00608 1
6 0.01 0.10862 1
5 0.005 0.78647 2
5 0.005 3.79612 1
4 0 0.00039 1
3 -0.005 0.00148 1
5 0.0051 2.18915 0.01
3 -1e-04 3.63566 0.54
4 0 6.80285 0.05
5 0.005 9.28947 1
4 0 0.005776 1
4 0 0.001655 2
5 0.005 0.00118 1
5 0.0099 0.901178 0.06
3 -0.0099 1.632611 0.8
5 0.005 7.44548 2
5 0.005 1.16544 1
4 0 0.3811 1.5
4 0 0 0.24
4 0 0.01102 0.76
4 0 0 0.5
4 0 0.00031 0.74
4 0 3e-05 0.26
4 0 3e-05 1
4 0 0.00053 0.52
4 0 0.18088 2
4 0 0 1
4 0 0.00098 3
4 0 0.01634 2
6 0.01 0.00088 0.1
4 0 9.999996e-06 0.1
4 0 1e-05 0.1
4 0 9.999996e-06 0.1
4 0 0 0.1
4 0 0.00022 0.5
3 -0.009 0.44542 0.13
5 0.009 1.31063 1
2 -0.01 4.52945 1
4 0 0 1
4 0 1e-05 1
4 0 0 2
4 0 0 1
4 0 6e-05 1
4 0 9.999996e-06 1
4 0 0 1
4 0 2.000001e-05 1
4 0 3e-05 2
4 0 0.00011 1
4 0 1e-05 0.52
4 0 0.00059 2
2 -0.01 1.10349 2
4 0 0.00035 1
4 0 0 1
4 0 5e-05 1
4 0 0.00041 0.01
4 0 0.00053 1.77
4 0 0.00021 0.23
4 0 0 1.77
4 0 7e-05 1.2
6 0.01 1e-04 1
2 -0.01 0.00015 0.03
6 0.01 0.00244 1
4 0 0.02448 1
4 0 0.08367 1
4 0 20.46026 1
4 0 4.000001e-05 0.5
3 -0.005 0.00205 1
5 0.005 3e-04 1
5 0.005 3.00266 4
4 0 34.67811 1
3 -0.005 0.79459 2
4 0 0 2
4 0 9.999996e-06 1
4 0 0 1
4 0 0 1
4 0 1e-05 1
4 0 0.00026 0.01
4 0 0.00017 0.01
4 0 9.999996e-06 1
4 0 3e-05 1
4 0 0.00712 1
4 0 0.00145 1
4 0 0.04447 1
4 0 0.01242 1
3 -0.005 0.71709 2
4 0 0.10801 2
3 -0.005 1.75047 1
4 0 1e-05 0.58
4 0 0 0.42
6 0.01 12.0275 1
4 0 6e-05 1
4 0 0.00067 1
4 0 0 1
3 -0.005 0.00245 2
6 0.015 18.89988 1
4 0 2.62e-05 0.64
4 0 0.00036629 1.32
4 0 1.204e-05 1
4 0 0.00055814 1
4 0 2.500019e-07 1
4 0 7.029452 7
4 0 0.000924 3
4 0 0.052923 7
4 0 0.060661 1.91
2 -0.01 15.70685 0.1
5 0.0073 2.51508 0.07
6 0.0126 3.18812 2
3 -0.0099 13.98505 3
3 -0.0027 0.24305 0.08
6 0.0127 4.2851 0.24
4 0 2e-04 0.76
4 0 0 1
3 -0.005 0.10324 2
4 0 0.01258 2
5 0.005 3.30899 1
3 -0.005 0.0026 1
3 -0.005 6.87056 0.12
5 0.01 2.42414 0.1
3 -0.009 0.493895 0.03
5 0.009 0.907377 0.9
4 0 5.000002e-06 0.1
4 0 6.578581 0.12
3 -0.01 0.471685 2
4 0 0.00028 3
4 0 6.000002e-06 0.88
4 0 2.000001e-06 1
4 0 5.999995e-06 1
4 0 0.000138 3
4 0 0.000277 0.01
4 0 0 3
4 0 2.000001e-06 0.01
4 0 0.000105 0.01
5 0.0025 0.00129 1
3 -0.0025 0.011878 1
2 -0.01 2.090823 1
4 0 1.15203 1
4 0 4e-05 0.24
6 0.0199 4.836 0.02
3 -0.0099 2.76528 3.15
4 0 9.999996e-06 1
4 0 0.00014 0.1
4 0 9.999996e-06 0.1
4 0 1e-05 0.1
2 -0.01 0.00898 1
6 0.01 5.96006 1
2 -0.01 3.8235 0.5
4 0 0.59466 0.24
5 1e-04 1.37209 0.13
5 0.0099 29.06976 0.1
1 -0.0662 11.99753 1
7 0.0562 0.00011 1
4 0 0 1
4 0 0.00036 3
4 0 0 0.01
4 0 9.999996e-06 1
4 0 0 1
4 0 1e-05 1
4 0 0 1
4 0 0 1
4 0 0 2
4 0 1e-05 0.99
4 0 0 0.01
4 0 9.999996e-06 0.01
4 0 0 1
4 0 1e-05 0.01
4 0 0 0.99
4 0 8.999999e-05 0.01
4 0 1e-05 1
4 0 0.00052 1
4 0 0 1
4 0 6.999999e-05 1
4 0 0.00012 0.02
4 0 0.00013 1
2 -0.01 0.00068 1
4 0 0 1
4 0 0 1
4 0 1e-05 0.4
4 0 0.00013 0.6
4 0 0 1
4 0 0 1
4 0 3e-05 1
4 0 1e-05 1
4 0 9.999996e-06 1
4 0 1e-05 1
4 0 9.999996e-06 2
4 0 9e-05 1
6 0.0125 0 1
2 -0.0125 0.00078 1
4 0 0.00548 2
4 0 0.0018 2
4 0 0.00481 0.18
4 0 0.00088 1
6 0.01 0.00043 0.1
2 -0.01 0.01227 0.1
6 0.01 7.28255 0.02
3 -0.005 1.5634 2
5 0.005 8.18387 0.08
2 -0.01 0.00481 1
4 0 0.012 0.9
6 0.01 2.05408 1
6 0.01 7e-04 1
4 0 0 1.5
4 0 1e-05 2.5
4 0 4e-05 0.5
4 0 0.00036 1
4 0 0.00042 1
4 0 0.00015 0.5
4 0 3e-05 0.5
2 -0.015 0.00116 1
5 0.01 0.00093 1
4 0 0.00241 1
4 0 0.77197 2
4 0 0.11242 2
3 -0.005 3.82337 1
4 0 18.26533 1
4 0 13.84058 0.78
4 0 0.006447 1
4 0 4.000001e-06 1
4 0 4.000001e-06 1
4 0 4.000001e-06 1
4 0 6.3e-05 1
4 0 5.000002e-06 1
4 0 2.000001e-06 0.26
4 0 3.999994e-06 0.07
4 0 5.000002e-06 0.93
4 0 6.5e-05 1
4 0 1e-06 0.01
4 0 0.000517 0.22
4 0 0 4
4 0 0.010759 1
4 0 8.6e-05 1
4 0 7.000002e-06 0.1
4 0 0.029389 3.9
4 0 0.003514 1
3 -0.005 0.331233 1
4 0 0.064955 1
4 0 0.006759 1
4 0 0.001073 1
5 0.005 0.990389 0.01
3 -0.005 2.588663 1
4 0 0.00095 1
4 0 0.10595 2
4 0 6.23724 1
3 -0.005 3.73891 0.9
4 0 0 1
4 0 9.999996e-06 0.1
4 0 1e-05 0.9
4 0 0 0.1
4 0 3e-05 0.9
4 0 4e-04 1
4 0 3e-05 6
4 0 1e-05 1
4 0 0 1
4 0 0.00013 0.1
4 0 0.00057 1
4 0 0 2
4 0 0.00719 1
4 0 0 1
4 0 0.00017 1
4 0 9.999996e-06 0.1
4 0 0 0.1
4 0 1e-05 0.1
4 0 0.00183 0.7
4 0 0.00019 1
3 -0.005 0.00066 1
5 0.0025 15.80184 0.75
3 -0.0075 3.16882 1
4 0 20.3411 0.1
4 0 4.000001e-06 1
4 0 5.000002e-06 1
4 0 5.000002e-06 1
4 0 3.000001e-06 1
4 0 4.000001e-06 1
4 0 3.999994e-06 0.07
4 0 4.000001e-06 1
4 0 4.000001e-06 1
4 0 0.000189 1
4 0 8.000003e-06 1
4 0 7.999995e-06 1
4 0 1e-05 0.01
4 0 8.5e-05 4
4 0 0.000497 1
4 0 1e-06 1
2 -0.01 4.173608 1
4 0 4.000001e-06 0.91
4 0 2.6e-05 0.09
4 0 5.000002e-06 1
4 0 4.999994e-06 1
4 0 7.1e-05 3.12
4 0 7.9e-05 1
4 0 2.2e-05 4
4 0 0.000127 1
2 -0.01 5.2e-05 0.03
6 0.01 4.7e-05 1
4 0 4.7e-05 1
4 0 3e-05 1
4 0 0.001227 1
4 0 0.000863 1
4 0 0.000955 1
4 0 0.001973 1
4 0 0.000859 1
4 0 0.001804 1
4 0 0.000892 2
4 0 0.001306 1
4 0 0.107194 1
4 0 0.001495 1
4 0 3.093224 1
4 0 3.000001e-06 1
4 0 3.2e-05 1
4 0 0.000291 1
4 0 6.000002e-06 1.4
4 0 3e-05 1
4 0 8.000003e-06 2
4 0 0.054423 1
6 0.01 0.573465 1
4 0 0.000387 1
2 -0.01 27.10492 1
4 0 7e-05 2
4 0 0 1
4 0 9.999996e-06 2
4 0 0 0.01
4 0 1e-05 1
4 0 0 1
4 0 0 0.99
4 0 0.00015 1
4 0 5e-05 1
4 0 9e-05 1
4 0 1e-05 1
4 0 0.00042 1
4 0 4e-05 1
4 0 1e-05 2
4 0 0 1
4 0 9.999996e-06 1
4 0 0.00195 1
6 0.01 6.09431 0.1
2 -0.01 0.87305 0.2
4 0 0.00049 0.04
4 0 1e-04 0.06
4 0 0.00012 0.05
4 0 0.00019 0.15
4 0 0.00201 0.05
4 0 0.0484 0.05
4 0 0.09073 0.05
4 0 7e-05 0.16
6 0.014 10.93258 0.03
2 -0.011 3.30716 4.2
3 -0.003 1.19899 0.05
5 0.0084 0.88093 1
3 -0.0074 4.927837 0.49
3 -0.001 0.856132 0.05
6 0.02 4.671231 0.34
4 0 3.54152 0.1
4 0 6.999999e-05 0.56
4 0 0 0.45
4 0 3e-05 0.05
3 -0.005 0.00031 1
5 0.005 3e-05 1
6 0.01 5.53155 1
4 0 0.40641 1
4 0 0.00087 0.69
4 0 1e-05 0.31
4 0 0.00028 1
4 0 0.73959 1.11
4 0 9.69887 0.69
6 0.01 0 0.31
4 0 0.0011 1
1 -0.02 5.35245 0.04
4 0 1e-05 0.01
5 1e-04 1.70176 0.06
5 0.0099 5.60228 0.74
4 0 0.00017 0.26
4 0 3.64458 0.1
4 0 0.00028 0.15
4 0 0.00036 0.15
4 0 0.00024 0.6
6 0.01 16.39674 0.01
5 0.005 0.926775 0.9
5 0.005 0.403199 0.1
3 -0.009 1.374191 0.1
4 0 0.637233 0.45
5 0.009 1.200255 0.49
4 0 5.000002e-06 1
4 0 4.000001e-06 1
4 0 2.9e-05 0.15
4 0 0.000101 0.85
4 0 0.500708 1
4 0 0.125797 1
4 0 0.045905 1
4 0 0.260231 1
4 0 0.691649 1
4 0 0.000723 0.3
4 0 2.8e-05 0.25
6 0.01 2.890859 1
4 0 5e-05 1
4 0 0.00011 1
4 0 0.95138 1
6 0.01 9.98244 1
4 0 4.44176 1.5
4 0 1e-05 0.47
4 0 0 0.03
4 0 0.00037 1
4 0 2e-05 1
4 0 0.02105 1
2 -0.01 2.71276 0.19
6 0.0199 6.15946 0.42
5 1e-04 6.80964 1
3 -1e-04 13.7971 1.16
5 1e-04 1.14144 1
4 0 1.2709 2
4 0 0.00043 0.1
4 0 7e-05 0.1
4 0 0.00012 0.1
4 0 9e-05 0.7
4 0 9.999996e-06 0.3
4 0 0.01521 1
4 0 9e-04 1
4 0 0.00011 2
4 0 0.00236 1
4 0 0.0037 1
3 -0.01 0.01066 0.1
5 0.01 0.10245 1
1 -0.0558 12.53151 1
7 0.0657 1.58685 2.5
5 1e-04 1.46153 1
4 0 3.02312 1.5
4 0 1e-05 0.47
4 0 0 1
4 0 9.999996e-06 1
4 0 0 0.03
4 0 1e-05 0.97
4 0 9e-04 1
4 0 0 1
4 0 4e-05 1
4 0 0 1
4 0 0.00603 0.2
3 -0.0099 7.19799 0.04
5 0.0099 0.65845 1
2 -0.01 6.94956 0.3
6 0.01 0.00132 2
5 0.005 5.71254 1
3 -0.005 1e-05 1
4 0 0.00011 1
4 0 9.999996e-06 0.45
4 0 0.00036 1
4 0 0.00038 0.1
4 0 4e-05 0.1
4 0 8e-05 0.1
4 0 1e-05 0.1
4 0 9.999996e-06 0.6
4 0 0.00013 0.4
4 0 4e-05 0.4
4 0 0.00793 1
4 0 0.00379 1
4 0 0.0035 0.5
4 0 3e-05 0.1
4 0 0 0.4
4 0 0.78143 1
4 0 0.02155 1
2 -0.01 0.13033 1
6 0.01 0.45995 1
4 0 1e-04 0.55
4 0 3e-05 1
5 0.0099 8.79304 0.16
3 -0.0099 0.41943 1
4 0 0 1
4 0 0.00014 1.47
4 0 8e-05 1
4 0 0.00042 1
4 0 0 1
4 0 0 0.01
4 0 0.00109 0.01
2 -0.01 14.88329 0.05
4 0 0.001886 0.25
4 0 0.002265 0.05
4 0 0.465641 1.7
4 0 4.000001e-06 1
4 0 3.000001e-06 1
4 0 2.999994e-06 0.3
4 0 0.000207 1
4 0 3.4e-05 0.31
4 0 0.000707 0.21
5 0.0099 2.216086 0.11
3 -0.0049 1.169854 1
5 0.005 1.473476 1
4 0 0.003848 1
4 0 6.000001e-05 0.74
4 0 0.020743 0.2
6 0.01 0.242642 1
4 0 0.000679 1
2 -0.01 1.014334 0.07
5 0.0068 6.08714 0.5
2 -0.0168 8.17246 0.89
4 0 8.51065 1
4 0 3.96287 0.39
4 0 0 1.61
4 0 0.6246 1
6 0.01 0.0875 1
4 0 0.25555 1
2 -0.01 0.02965 0.11
4 0 1e-04 0.39
4 0 0.00018 0.11
4 0 0.00073 0.74
4 0 0.0115 0.83
4 0 0.02929 1.22
6 0.01 0.03027 1
4 0 0 1
2 -0.01 0.03031 1
4 0 1.32439 1
4 0 0.00068 1
6 0.01 0.00101 1
2 -0.01 1.19979 1
4 0 0.00052 0.01
4 0 0.63959 2
4 0 0.00043 0.06
4 0 1e-05 0.01
4 0 9.999996e-06 1
6 0.01 0.02196 0.99
4 0 0.00414 0.01
6 0.01 18.09631 0.1
4 0 3.062233 0.94
4 0 4.000001e-06 1
4 0 4.000001e-06 0.06
4 0 2.1e-05 0.94
4 0 0.000129 1
4 0 4.999994e-06 2
4 0 0.000479 0.56
5 0.01 3.683745 1
4 0 3.000001e-06 0.48
4 0 3.000001e-06 1
4 0 0.000349 1
5 0.005 3.923555 1.5
3 -0.0049 0.12652 0.5
5 0.0098 3.57384 1
3 -0.0099 2.80141 1
4 0 9.999996e-06 1
4 0 0 2
4 0 0 1.02
4 0 4e-05 0.98
4 0 1e-05 0.02
4 0 2e-05 0.98
4 0 0.00044 1
4 0 2e-05 0.29
4 0 0.00046 1
4 0 4e-05 1
4 0 0 1
4 0 0.45283 1
4 0 0 1
4 0 0.48545 1
4 0 5e-04 0.01
4 0 5.0736 1
3 -0.01 12.0403 1
4 0 0.01515 1
4 0 0 1
4 0 1e-05 1
4 0 0 2
4 0 3e-04 1
4 0 0.02179 1
4 0 0 1
4 0 1e-05 1
4 0 0 1
4 0 9.999996e-06 1
4 0 0 1
4 0 0 1
4 0 5.2722 1
4 0 1e-05 1
4 0 0 1
4 0 9.999996e-06 1
4 0 0 1
4 0 0 1
4 0 4e-05 1
4 0 0.00014 1
4 0 1e-05 1
4 0 0.00012 2
4 0 9.999996e-06 1
4 0 0.00131 1
4 0 0.00017 1
4 0 3e-05 1
4 0 1.68592 0.1
5 0.009 7.09853 1
5 0.001 0.14138 1
4 0 0.00025 1
4 0 5e-05 1
4 0 0.00037 1
4 0 2e-05 1
4 0 0.00063 1
2 -0.0118 0.37734 1.43
6 0.0118 0.02137 2
4 0 0 1
4 0 2e-05 1
4 0 0.39989 2
4 0 0 2
3 -0.01 0.01575 0.02
5 0.01 0.28594 0.98
4 0 4e-05 0.02
4 0 9.999996e-06 1
3 -0.01 12.63791 0.62
4 0 9.099999e-05 1
4 0 1.500001e-05 1
4 0 2.1e-05 0.01
5 0.01 0.000506 1
3 -0.01 0.000386 0.03
4 0 0.003628 1
4 0 6.000002e-06 1
4 0 1.9e-05 1
5 0.01 0.009029 1
4 0 0.000408 1
3 -0.005 0.002249 1
5 0.005 0.043913 0.1
4 0 4.000001e-06 1
4 0 5.000002e-06 1
4 0 3.000001e-06 1
4 0 3.000001e-06 0.49
4 0 2.000001e-06 1
4 0 0.00023 1
4 0 0.000333 0.41
5 0.005 0.868923 0.09
5 0.005 4.38232 1
4 0 3.999994e-06 0.02
4 0 4.000001e-06 0.49
4 0 5.000002e-06 2
4 0 3.000001e-06 0.49
4 0 1.1e-05 0.51
4 0 7.000002e-06 0.38
4 0 2.6e-05 1.62
4 0 0.000343 1
4 0 0.000569 2.57
4 0 0 1
4 0 0 1
4 0 3.900001e-05 1
4 0 0 1
4 0 0.382902 2
4 0 4.3e-05 0.4
4 0 6e-04 0.1
4 0 0.840535 2
4 0 3.999994e-06 1
4 0 4.000001e-06 0.41
4 0 0.000497 0.5
4 0 0.000172 1
4 0 0 1
4 0 0.00028 0.1
4 0 4.1e-05 0.1
2 -0.01 0.049059 0.59
4 0 1.2e-05 1
4 0 0.604839 1
4 0 0 1
4 0 0.11428 1
4 0 0.00434 1
4 0 0.11978 0.62
5 1e-04 4.03901 0.18
6 0.0119 10.74554 0.59
2 -0.012 28.39441 10
4 0 0.08827 0.02
6 0.01 1.14514 2
5 0.01 5.807506 0.01
3 -1e-04 0.0170719 0.03
3 -0.0099 2.411464 1
4 0 0.191975 1
4 0 5.000002e-06 1
4 0 0.000262 1
4 0 9.999996e-06 2
4 0 0.000407 1
4 0 0.000317 1
4 0 0.011365 1
4 0 0.042119 1
4 0 0.034222 3
2 -0.01 0.003723 1
5 0.005 0.086886 3
4 0 0.300031 3
5 0.005 0.411021 1
4 0 0.000558 1
4 0 4.000001e-06 1
4 0 5.4e-05 0.21
4 0 6.543809 1
4 0 1e-05 1
4 0 6.999999e-05 1
4 0 4.000001e-05 1
4 0 0.00063 1
4 0 0 0.01
3 -6e-04 1.22222 0.06
3 -0.0094 0.67372 2
4 0 0.1673 1
4 0 9.999996e-06 1
4 0 0 1
4 0 1e-05 1
4 0 3e-05 1
4 0 1e-04 1
4 0 0.00056 1
4 0 0 2
4 0 7e-05 1
4 0 0.00025 0.1
4 0 9.999996e-06 1
4 0 0.00051 3
3 -0.01 0.00332 1
4 0 0 1
4 0 1e-05 1
5 1e-04 0.94411 0.05
5 0.0071 9.49288 0.69
3 -0.0072 0.83163 1
4 0 0.00067 1
4 0 0.00016 1
4 0 0.11046 1
3 -0.009 2.32329 2
3 -0.001 8.09362 1
4 0 1e-05 1
4 0 3e-05 1
4 0 2.000001e-05 1
4 0 0.00012 1
4 0 0.00055 2
4 0 0.20545 1
4 0 25.12391 0.1
2 -0.01 11.99166 1
5 0.0053 3.53114 0.16
2 -0.0153 3.14918 0.05
5 0.01 3.42273 1
3 -0.01 2.56982 0.05
6 0.02 12.40792 0.15
4 0 0.00013 0.05
4 0 0.00012 1
4 0 0 3
4 0 0 1
4 0 0.00035 1
4 0 2e-05 1
4 0 1e-05 1
4 0 3e-05 1
4 0 1e-05 1
6 0.01 0.00027 1
4 0 0 1
4 0 0 1
4 0 1e-05 1
4 0 0 1
4 0 9.999996e-06 1
2 -0.01 0.00023 1
6 0.01 0.00022 1
4 0 0 1
4 0 1e-05 1
4 0 0.00032 1
4 0 9e-05 1
4 0 0 1
4 0 3e-05 1.4
4 0 7e-05 2
2 -0.01 1e-05 2
4 0 0 2.48
4 0 0 1
4 0 5e-05 1
4 0 1e-05 1
6 0.01 7e-05 1
4 0 0 1
4 0 4e-05 1
2 -0.01 6e-05 1
6 0.01 3e-05 1
2 -0.01 0 1
4 0 9.999996e-06 1
4 0 0 1
6 0.01 5e-05 1
2 -0.01 0 1
4 0 2e-05 1
4 0 9.999996e-06 0.48
6 0.01 0.00022 1
2 -0.01 7e-05 0.1
4 0 0.00038 0.76
4 0 0.00023 0.76
3 -0.005 0.00043 1
5 0.005 9e-05 1
3 -0.005 0.00063 1
5 0.005 0.00269 1.24
4 0 4e-05 0.76
4 0 0.04504 0.24
4 0 1e-05 0.28
4 0 0.31329 1
4 0 0.00166 1
6 0.01 0.84285 0.48
4 0 0.00615 1
5 0.01 0.44032 1
3 -0.01 0 1.24
4 0 0 0.76
4 0 5e-05 0.24
4 0 6e-05 1
2 -0.01 0.00048 0.02
6 0.01 0.83019 1
4 0 0.01324 1
4 0 0.25815 0.15
4 0 0.02089 0.1
4 0 0 0.1
4 0 9.999996e-06 0.1
4 0 0.00252 1
4 0 0.99752 1
4 0 1.22461 2
4 0 0.00034 2
4 0 7e-05 1
4 0 0.02106 0.1
4 0 5.94069 1
4 0 1.51763 1
2 -0.01 1.8587 1
6 0.01 0.16881 1
5 0.0099 7.89788 0.02
5 1e-04 0.51301 0.1
4 0 0.3489976 0.7
4 0 0.0005797 0.2
4 0 0.0002665 0.4
4 0 0.0056504 0.3
3 -0.0018 3.631943 20.1
2 -0.0182 0.005985 1
6 0.02 0.084267 0.1
4 0 9.7e-05 0.1
4 0 6.000002e-06 0.1
4 0 4.999994e-06 0.1
4 0 5.000002e-06 0.1
4 0 0.151894 0.1
4 0 0.000737 0.6
6 0.01 0.003725 0.5
4 0 0.000304 0.2
2 -0.01 0.000332 0.4
6 0.01 0.000903 0.1
4 0 0.000122 0.1
4 0 0.015924 0.2
4 0 7.6e-05 0.7
4 0 3.4e-05 0.1
4 0 0.00021 0.1
4 0 0.003828 0.9
2 -0.01 0.003596 1
6 0.01 0.397733 0.4
4 0 0.000472 0.2
4 0 0.000381 0.3
4 0 0.000131 0.1
4 0 0.004696 0.1
4 0 2.3e-05 0.1
2 -0.02 2.367886 1
4 0 4.999994e-06 2
4 0 0.101465 1
4 0 0.056352 1
5 0.01 0.419266 0.2
4 0 3.7e-05 0.3
4 0 0.000532 0.3
3 -0.01 0.003304 0.11
6 0.02 0.001015 0.1
4 0 0.000138 0.1
4 0 0.009041 0.2
2 -0.01 0.853159 1
6 0.01 1.2271 1
4 0 2.818147 0.1
4 0 0.00357 0.2
4 0 1.72424 0.4
4 0 6.59859 0.1
4 0 0.00591 0.1
4 0 0.00611 0.1
4 0 0.16366 0.1
4 0 0.00175 0.1
4 0 0.00197 0.2
3 -0.0076 10.20816 0.5
2 -0.0123 0.34511 0.07
6 0.0199 0.9055 1
4 0 0.00119 1
2 -0.01 1.40707 0.84
6 0.01 0.02117 0.1
4 0 2.69749 0.37
5 0.01 0.15895 0.1
3 -0.01 27.2357 0.1
4 0 1.974007 0.08
4 0 1.431891 0.82
5 0.01 3.999994e-06 0.18
3 -0.01 4.237989 0.24
5 0.0099 11.72799 0.34
5 1e-04 2.68266 1
2 -0.0199 10.93913 0.25
6 0.0199 8.52152 0.1
4 0 0.00017 0.9
2 -0.0125 1.6972 0.03
3 -0.005 4.8605 0.5
6 0.0175 2.04686 1
3 -0.01 5.97873 1
4 0 0.00226587 1
4 0 2.167251 1
5 0.01 3.923254 0.76
4 0 3.193998 1
4 0 0.134434 0.9
4 0 2.999994e-06 0.1
4 0 9.101024 1
4 0 5.5688 0.18
4 0 0 0.82
3 -0.005 1.81868 0.07
3 -0.004 0.00027 0.05
5 0.0027 0.37981 0.57
5 0.0063 8.48407 0.5
4 0 1e-05 0.4
4 0 0.00074 0.1
4 0 2e-05 0.1
4 0 1.16635 0.1
4 0 0 0.9
3 -0.0085 7.52709 0.01
5 0.0085 2.68212 1
3 -0.0075 1.6698 0.02
5 0.0075 0.76982 1
4 0 0.02323 1
4 0 0.0021 1
4 0 0.00057 1
4 0 0.00067 1
4 0 0.00016 0.1
4 0 9.999996e-06 0.55
4 0 2.10154 0.35
4 0 0 0.31
4 0 7.49355 0.69
4 0 1e-05 0.31
4 0 1.845072 0.1
4 0 8.54473 1
4 0 2.980488 1
6 0.01 6.37611 1
4 0 2.71174 1
2 -0.01 10.4585 0.3
4 0 0.1133 1
5 0.0025 0.00292 1
3 -0.0025 0.00146 1
4 0 0.85894 1
4 0 1e-05 0.01
4 0 0 0.01
4 0 9.999996e-06 0.05
4 0 7e-05 1
4 0 9.999996e-06 1
4 0 0 1
4 0 0 1
4 0 1e-05 1
4 0 0 1
4 0 0 1
4 0 5e-05 3
4 0 0 3
4 0 2e-04 0.95
4 0 0 3
4 0 1e-05 1
4 0 9.999996e-06 0.61
4 0 2e-05 0.39
4 0 1e-05 0.61
4 0 0 0.7
4 0 9.999996e-06 1
4 0 3e-05 0.39
3 -0.01 0.00021 1
4 0 1e-05 1.69
4 0 0 0.3
4 0 9.999996e-06 0.01
4 0 0 0.99
4 0 0.00012 0.01
4 0 9.999996e-06 1.69
5 0.01 0.00018 0.64
4 0 4e-05 0.36
4 0 0 0.64
3 -0.01 4e-05 1
5 0.01 0 0.36
4 0 0 1
3 -0.01 0 0.2
4 0 5e-05 0.31
4 0 0 2
4 0 0 2
4 0 9.999996e-06 2
4 0 0 2
4 0 0 1
4 0 1e-05 0.69
4 0 2e-05 0.8
4 0 1e-05 0.31
4 0 0 1
4 0 0 1
4 0 0.00017 1
4 0 0.00057 1
4 0 0.00525 0.01
2 -0.01 0.52885 0.86
4 0 9.999996e-06 0.14
4 0 4e-05 1
4 0 1e-04 4
4 0 0 0.01
4 0 0.00014 0.01
3 -0.01 0.00028 0.01
4 0 4e-05 0.99
4 0 1e-05 1
4 0 0.00097 1
5 0.01 0.00505 1
3 -0.01 0.00122 0.01
4 0 0.0021 1
3 -0.005 0.73137 1
5 0.0046 5.73831 11.3
3 -0.0076 3.27465 1.2
6 0.0102 16.57966 0.58
5 0.0078 0.90897 0.1
3 -0.0038 12.49006 1
4 0 0.00189 1
5 0.0038 3.62144 0.25
2 -0.0118 9.15464 3.49
5 0.0068 0.40397 1
2 -0.0125 6.11175 0.4
3 -0.0025 20.87513 0.78
4 0 2e-05 0.01
4 0 0 1
4 0 9.999996e-06 1
4 0 1e-05 1
4 0 2e-05 1
4 0 3e-05 1
4 0 0 0.1
4 0 1e-05 5
4 0 0 1
4 0 9.999996e-06 0.07
4 0 6e-04 1
4 0 0.00017 0.22
4 0 4e-05 0.01
4 0 0.00533 1
4 0 0.00298 1
6 0.01 0.00143 1
2 -0.01 0.00227 0.01
4 0 4.80028 0.35
4 0 0 1
4 0 0.00035 1
4 0 0.00056 2
4 0 0.01225 1
4 0 4.912107 2
4 0 4.999994e-06 1
4 0 3.900001e-05 1
4 0 0.000123 1
6 0.01 0.017781 1
4 0 5.999995e-06 1
1 -0.02 0.482888 0.64
6 0.0174 5.896734 0.26
6 0.0126 0.914683 1
4 0 0.004725 2
3 -0.01 4.359159 1
3 -0.0062 12.43938 0.64
5 0.0062 3.9619 0.05
4 0 5.19759 0.07
4 0 2.34884 1
2 -0.01 0.33955 0.69
4 0 0.00185 1
4 0 0 0.52
4 0 0.00892 2
4 0 4.000001e-05 0.2
4 0 0 0.8
4 0 9.999996e-06 1
4 0 0 0.2
4 0 0.00029 0.31
4 0 9.999996e-06 1
4 0 0.00033 1.48
4 0 4e-05 1
4 0 5e-05 0.8
4 0 0 1
4 0 0.03329 1
4 0 0.00038 1
4 0 0.11642 1
3 -0.0016 3.91895 1.76
4 0 0.15957 0.01
5 0.0016 11.13802 4.45
4 0 34.6463 1
6 0.01 15.22313 0.26
4 0 0.00445 1
4 0 2.1723 1
4 0 0.00055 1
4 0 0.00022 1
4 0 8e-05 0.9
4 0 0 1
4 0 0.00067 1
4 0 0.10208 0.1
5 0.009 25.10876 0.18
5 0.001 27.92541 0.01
4 0 1e-05 1
4 0 0 0.13
4 0 9.999996e-06 0.87
4 0 1e-05 0.07
4 0 0 1
4 0 9.999996e-06 0.8
4 0 4e-05 0.2
4 0 0.00027 1
4 0 5e-05 0.55
4 0 0.00011 0.45
4 0 0.00048 1
6 0.01 2.88374 0.95
4 0 0.00015 1
4 0 3.19906 1
4 0 2.89946 1
3 -0.0099 5.89423 0.42
5 0.0099 3.13276 1
4 0 9.999996e-06 1
4 0 1e-05 1
4 0 0.00125 1
4 0 13.02758 1
4 0 7.024654 1
4 0 0.00114 1
4 0 1.70038 0.01
5 0.01 0.21669 0.85
6 0.01 0.00015 0.15
2 -0.01 1.06769 0.01
4 0 1.17694 0.09
7 0.02 9.79672 1
1 -0.02 7.37559 0.75
6 0.0199 1.2929 0.04
2 -0.0189 0.19833 0.01
6 0.019 5.16497 0.49
4 0 0 0.09
4 0 1e-05 0.42
4 0 0.00065 1
2 -0.01 0.29599 2
4 0 1e-05 1
4 0 0.00212 1
4 0 3.75646 2
4 0 0 1
4 0 0.00023 1
4 0 2e-05 1
4 0 0.00013 1
4 0 7e-05 1
4 0 0.00025 2
4 0 0.00013 1
4 0 0.04458 1
6 0.01 7.01679 1
4 0 7.032658 1
3 -0.0018 1.235418 7.43
6 0.0118 10.00281 1
3 -0.01 1.24708 1
4 0 0 1
4 0 0 2
4 0 9.999996e-06 1
4 0 9e-05 1
4 0 0.00039 1
4 0 0.00032 1
4 0 0 1
4 0 1.5128 1
4 0 2.6698 1
4 0 4e-05 2
5 0.0025 10.03898 0.1
6 0.0175 4.54302 1
2 -0.01 6e-05 0.01
4 0 0 0.01
4 0 1e-05 0.23
4 0 0 0.07
6 0.01 0.00055 0.64
4 0 3.81126 0.6
4 0 9.999996e-06 0.4
4 0 7e-05 0.04
5 0.0044 10.09705 1
1 -0.0243 11.1189 0.12
6 0.0199 6.78034 0.15
2 -0.01 1.02133 2
4 0 4.000001e-06 1
4 0 4.000001e-06 2
4 0 0.004605 1
3 -0.01 6.273787 0.07
4 0 0 0.01
4 0 9.999996e-06 1
4 0 0.00031 1
4 0 9.999996e-06 0.92
4 0 3e-05 0.08
4 0 9.999996e-06 1
4 0 0 0.92
4 0 1e-05 0.08
4 0 1e-05 0.01
4 0 9.999996e-06 0.98
4 0 1e-05 1
4 0 3e-05 0.02
2 -0.01 0.00023 1
4 0 9.999996e-06 1
4 0 0 1
6 0.01 0.00026 1
2 -0.01 8e-05 1
6 0.01 4e-05 1
2 -0.01 0.00053 1
6 0.01 0.00102 1
1 -0.02 0.00536 1
6 0.01 0.00335 1
4 0 0.00045 1
4 0 0.03946 1
4 0 0.84517 1
4 0 0.00027 1
3 -0.002 1.2112 3
7 0.022 4.1225 1
3 -0.0097 1.81926 1.24
3 -0.009 5.17662 0.06
6 0.0187 8.1637 0.1
3 -0.005 12.21058 1
4 0 0.52459 3
4 0 12.80269 1
6 0.0147 4.970808 0.05
2 -0.0149 21.48553 0.05
6 0.0151 16.57889 0.03
2 -0.0199 6.49356 1
4 0 2.000001e-05 1
4 0 0 2
4 0 9.999996e-06 2
4 0 0.00013 1
4 0 0.00025 0.01
4 0 0.00033 1
4 0 0 2
4 0 0 0.01
4 0 0.00072 1
5 0.0025 0.00076 1
2 -0.0125 10.00338 0.02
5 0.003 9.514495 0.01
5 0.006 2.100415 1.25
3 -0.0066 1.05152 0.01
3 -0.0024 1.6606 0.72
6 0.01 2.93794 0.15
3 -0.003 1.05776 0.01
5 0.0029 1.61492 0.01
3 -0.0099 3.3418 0.07
4 0 4e-05 1
4 0 2e-05 1
4 0 6e-05 0.1
4 0 2e-05 0.83
4 0 1e-05 1
4 0 4e-05 0.04
4 0 3e-05 0.96
4 0 0.00076 0.01
4 0 0 0.01
3 -0.003 4.18715 0.01
5 0.0029 10.98918 0.03
3 -0.0017 2.85191 0.45
3 -0.0032 2.23685 2
3 -0.002 3.09961 0.35
5 0.0048 0.91384 1
5 0.0022 0.00011 2
4 0 1e-05 2
4 0 0 1
4 0 0.00036 1
4 0 0 0.37
4 0 9.999996e-06 1
4 0 1e-05 0.63
4 0 3e-05 0.02
4 0 5e-04 1
4 0 1e-05 1
4 0 0.00221 2
4 0 2.87807 0.29
4 0 11.70724 1
5 0.0027 2.388868 0.13
5 0.0073 12.85836 0.05
3 -0.005 1.91114 0.05
3 -0.002 0.28277 0.05
3 -3e-04 7.66188 0.21
3 -0.0027 7.32797 1
4 0 1.23612 0.17
5 0.005 4.42824 2
4 0 0.02113 1
5 0.005 0.01137 1
4 0 0.00578 1
4 0 0.01581 2
3 -0.005 5.62876 1
3 -0.005 8e-05 1
4 0 0.00077 1
6 0.01 0.00077 1
3 -0.009 3.18383 2
5 0.0089 1.97503 0.12
3 -0.0023 0.19406 0.12
5 0.0016 1.90864 0.11
5 8e-04 8.43138 1
3 -0.003 0.466301 0.09
5 0.0029 1.304495 0.08
3 -0.0099 1.89375 0.08
5 0.0014 3.738635 5.81
3 -0.0014 2.724019 0.07
2 -0.0121 0.6342 1
6 0.0151 5.81744 0.06
3 -0.003 0.00357 0.06
5 0.0019 0.9428 0.06
5 0.0048 4.43034 4.56
3 -0.0017 3.04406 2.74
3 -0.002 2.16077 2.05
5 0.007 3.51771 1.22
4 0 0 6
4 0 1e-05 0.78
4 0 4e-05 0.22
4 0 0.00012 0.38
4 0 1e-04 0.38
4 0 9.999996e-06 0.62
4 0 0.00011 0.62
4 0 0.00056 1
4 0 0 0.78
4 0 0 0.22
5 0.01 0.10027 1
4 0 0.01592 1
4 0 0 2
4 0 0.08786 1
4 0 4.06406 1
4 0 0.00207 1
6 0.01 1.20997 1
4 0 0.11747 1
2 -0.01 2.59282 1
4 0 0.00014 0.01
4 0 0 1
4 0 9.999996e-06 1
4 0 0 1
4 0 1e-05 1
4 0 2e-05 1
4 0 1e-05 1
4 0 0 1
4 0 2e-05 1
5 0.005 0.00069 1
3 -0.005 0 1
4 0 4e-05 1
4 0 0 0.01
4 0 0.00012 0.01
4 0 4e-05 0.99
3 -0.005 0.11364 1
4 0 0.00385 1
4 0 0.00084 1
4 0 0.00077 1
6 0.0126 14.47129 0.39
6 0.0123 4.45956 0.05
2 -0.0139 2.432513 0.35
5 0.001 8.233397 0.31
3 -0.0043 2.53778 0.29
3 -0.0027 1.3405 1.75
4 0 6.59607 1
4 0 0 2
4 0 0 1
4 0 1e-05 2
4 0 0 1
4 0 9.999996e-06 1
4 0 0 0.01
4 0 1e-05 0.06
4 0 6.999999e-05 2
5 0.005 2.000001e-05 0.07
3 -0.005 9.999996e-06 0.01
4 0 0 0.92
4 0 5e-05 0.08
4 0 9.999996e-06 1
3 -0.01 0.05009 1
5 0.001 3.22235 0.23
3 -9e-04 0.00258 0.23
3 -1e-04 3.05279 0.1
4 0 5.3338 1.87
4 0 0.00074 0.03
5 0.0025 0.00154 1
3 -0.0025 0.02404 1
4 0 0 1
4 0 1e-05 0.07
4 0 0 1
4 0 9.999996e-06 2
4 0 0 2
4 0 0 1
4 0 1e-05 1
4 0 0 1
4 0 0.00078 1
4 0 0 0.93
4 0 8e-05 0.07
4 0 0 0.93
4 0 4e-05 1.07
4 0 0 0.01
2 -0.01 0.00017 1
6 0.01 0.00098 0.28
4 0 0.00029 1
3 -1e-04 7.00609 0.09
3 -0.0078 0.0864 1.72
5 0.0079 2.19552 1
4 0 0.03424 1
2 -0.01 1.75825 1
5 7e-04 0.20706 1
5 0.0024 0.00176 0.47
3 -0.0031 0.00123 1
4 0 0.00134 0.47
5 0.004 0.49374 1.46
3 -0.004 0.36198 0.05
5 0.0033 1.5129 1.34
3 -0.0032 0.00252 1.34
5 0.0065 2.62978 1.21
3 -0.0066 1.01203 1
4 0 1e-05 1
4 0 0 0.01
4 0 0 2
4 0 9.999996e-06 1
4 0 0 1
4 0 4.000001e-05 1
4 0 1e-04 1.95
4 0 9.999996e-06 1
4 0 0 0.36
4 0 0.00053 1
4 0 0 1
4 0 4e-05 1
2 -0.01 2.8823 0.31
5 1e-04 2.09179 1
5 0.0099 2.69767 0.95
3 -0.007 2.07438 0.9
5 0.0069 3.664718 0.83
3 -0.0089 3.911638 0.15
5 0.006 0.528755 0.74
3 -0.004 1.779903 0.7
5 0.0055 18.64534 3.64
3 -0.0019 0.0175 3.65
3 -0.0066 12.39474 2
4 0 0 0.01
4 0 9.999996e-06 0.1
4 0 0 1
4 0 1e-05 0.01
4 0 0 1
4 0 0 0.07
4 0 0 0.03
4 0 0.00037 1
4 0 0.00047 2
4 0 8e-05 1
4 0 0.00685 0.01
4 0 0.00337 1
3 -0.01 0.4647 0.1
5 0.01 11.53528 1.25
3 -0.003 3.19591 0.09
3 -0.007 9.132839 0.1
4 0 2.000001e-06 1
4 0 4.000001e-06 0.72
4 0 0.017662 1
4 0 0.00318 1
5 1e-04 6.249703 0.59
5 0.0099 11.60504 0.01
3 -0.004 3.13694 0.95
3 -0.0059 5.28147 0.06
5 0.0099 2.42797 1.99
4 0 9.999996e-06 1
4 0 0 1
4 0 1e-05 0.21
4 0 0 1
4 0 9.999996e-06 1
4 0 0 1.81
4 0 1e-05 1.19
4 0 0 1
4 0 0 1
4 0 8.999999e-05 1
6 0.01 0.00042 1
4 0 9.999996e-06 1
4 0 0 0.38
2 -0.01 0.00013 1
6 0.01 0.00096 0.52
4 0 0.00063 1
4 0 0.00051 0.95
4 0 0.02702 1
6 0.01 0.05464 1
4 0 1e-05 1
3 -0.005 0.00273 1
4 0 0.00018 1
4 0 1.26008 1
3 -0.0033 0.75925 0.5
5 0.0083 4.19362 1
4 0 0.0027 6
5 0.01 1.93108 0.01
4 0 1e-05 0.5
4 0 0 0.07
4 0 1.21956 0.02
3 -0.01 9.6629 1
4 0 9.999996e-06 1
6 0.02 0.02944 1
2 -0.01 4.61881 0.98
4 0 1e-05 0.02
4 0 5e-05 0.98
3 -0.01 1.19678 0.31
6 0.02 2.967392 1
2 -0.01 12.92687 1
4 0 0.09953 1
4 0 0.04251 1
4 0 0.18255 1
6 0.01 0.02908 1
4 0 3.82867 0.41
4 0 9.999996e-06 1
4 0 3e-05 0.15
4 0 1e-05 0.85
4 0 0.00013 0.15
4 0 0.10738 0.01
4 0 0.83722 0.53
4 0 5.0582 1
4 0 1e-05 1
4 0 0 0.99
4 0 0 1
4 0 0.00013 1
4 0 2e-05 1
4 0 9.999996e-06 1
4 0 0.00021 1
4 0 0.0313 1
2 -0.01 0.1659 0.01
4 0 1e-05 0.99
6 0.01 6.93287 1
4 0 0.00025 1
5 0.005 1.65513 1
5 0.0014 1.79256 2
5 0.0036 0.04159 1
4 0 2.66076 0.01
4 0 1e-05 0.01
4 0 3e-05 1
4 0 0.00067 1
4 0 3.84707 1
4 0 0 0.05
4 0 0.00095 0.01
4 0 0.00826 1
3 -0.009 2.1792 0.2
3 -0.001 3.0753 1
4 0 1.88022 1
4 0 0 1
4 0 0.00022 1
4 0 0.00047 1
4 0 0.00113 0.01
6 0.01 0.04475 1
4 0 1.88773 0.51
4 0 0.00011 6.44
5 0.0026 6.4667 2
6 0.0174 0.0592 0.01
4 0 0 1
4 0 5e-05 0.05
4 0 8e-05 0.95
4 0 0.00056 1
4 0 0.00145 1
4 0 5.170011 1
4 0 0.000462 1
4 0 3.513305 1
3 -0.001 2.007523 0.17
5 0.0011 18.1719 5
5 0.0099 2.83278 1
3 -0.002 1.49909 0.95
3 -0.008 1.18642 1
4 0 1e-05 1
4 0 0 1
4 0 9.999996e-06 1
4 0 0 1
4 0 0 1
4 0 0.00034 0.52
4 0 3e-05 2
5 0.005 0 1
3 -0.005 2e-04 1
4 0 0.02021 0.3
4 0 4e-05 0.86
4 0 0.00037 0.1
4 0 0 0.01
2 -0.01 0.76016 0.15
4 0 0.00125 0.05
4 0 5.56025 1
4 0 1e-05 1
4 0 9.999996e-06 1
4 0 0 2
4 0 0 2
4 0 0 2
4 0 1e-05 1
4 0 0 1
4 0 0.0013 1
4 0 0 0.01
4 0 1e-05 0.99
4 0 9e-05 0.01
4 0 0.00056 0.01
4 0 0 1
4 0 0.00032 0.1
3 -0.01 0.74748 0.07
5 0.0078 10.60288 0.07
5 0.0022 5.66282 1
6 0.01 9.750676 1
4 0 4.3e-05 1
4 0 0.000101 1
2 -0.01 0.002788 1
4 0 0.000538 1
4 0 0.000192 1
4 0 0.000313 1
3 -0.01 11.85261 0.05
5 0.004 18.21697 1.45
5 0.0014 4.10694 1.4
3 -0.0054 4.96475 1
4 0 1e-04 0.17
5 0.0025 8.62083 0.02
5 0.0025 0.76479 1
5 0.004 1.98058 0.25
3 -0.009 8.6245 1
5 0.001 6.98065 0.05
5 0.0052 10.3216 2.08
3 -0.0052 1.87701 0.26
5 0.009 9.80018 1
4 0 2e-05 0.14
4 0 1e-05 1.86
4 0 0.00036 0.09
4 0 2e-05 0.91
4 0 2e-05 0.14
4 0 0 1
4 0 2e-05 0.86
4 0 9.999996e-06 0.01
4 0 2.000001e-05 0.14
4 0 9.999996e-06 0.86
4 0 1e-05 1
4 0 0.00045 0.09
4 0 0 0.91
4 0 0 0.09
4 0 0 0.91
3 -0.005 0.00262 2
4 0 0.00041 1
4 0 0.00061 3
4 0 0.00307 1
5 0.005 0.43539 1
5 0.005 1.93235 0.25
3 -0.001 1.34817 1
3 -0.004 15.86156 2
4 0 3e-05 0.01
4 0 9.999996e-06 1
4 0 0 0.01
4 0 7e-05 1
4 0 9.999996e-06 1
4 0 0 1
4 0 0 1
4 0 0.00016 0.01
4 0 3e-05 0.01
4 0 0.00031 1
3 -0.003 9.060419 0.05
3 -0.007 5.858669 0.83
4 0 5.000002e-06 1.81
4 0 2.799999e-05 0.19
4 0 4.000001e-06 1
4 0 3.000001e-06 1
4 0 5.000002e-06 1
4 0 3.000001e-06 1
4 0 5.999995e-06 0.38
4 0 2e-05 0.62
4 0 4.000001e-06 1
4 0 0.000288 1
4 0 6.999995e-06 1
4 0 1.1e-05 1
4 0 8.000003e-06 1
4 0 1.2e-05 1
4 0 9.000003e-06 1
4 0 1.6e-05 0.01
2 -0.01 0.000304 0.75
4 0 0.000113 2
6 0.01 7.8e-05 1.93
4 0 4.4e-05 1
4 0 0 0.87
4 0 0 0.13
4 0 1e-06 1
4 0 9.999996e-06 1
2 -0.01 9e-05 2
4 0 4.000001e-06 1.5
4 0 4.000001e-06 1
4 0 4.000001e-06 1
4 0 2.999994e-06 1
4 0 3.5e-05 1
4 0 0.000754 1
6 0.015 0.000159 1
2 -0.01 0.001665 8
4 0 0.107564 2
3 -0.005 0.127875 2
4 0 5.000002e-06 1
4 0 0.000579 2
4 0 0.441861 0.41
4 0 2.632241 1.89
4 0 2e-05 0.52
4 0 0 0.7
4 0 1e-05 0.48
4 0 0 1
4 0 0.00035 1
4 0 2e-05 1
4 0 0.00058 0.89
4 0 8e-05 0.11
6 0.01 7.24099 2
5 0.01 11.42878 0.42
4 0 3e-05 0.13
4 0 0 1
4 0 0.00091 1
4 0 0.00137 0.92
3 -0.005 0.00159 1
4 0 0.00074 1.08
3 -0.005 7e-04 1
5 0.01 0.00083 1
4 0 0.05473 2
4 0 1e-05 2
4 0 0.00012 1
4 0 0.00064 3
6 0.01 25.14606 0.25
2 -0.01 15.66289 1
6 0.01 0.77547 0.12
4 0 9.999996e-06 0.07
4 0 2e-05 0.93
4 0 1e-05 0.53
4 0 0.00033 0.07
4 0 1e-05 0.55
4 0 9.999996e-06 0.05
4 0 2.000001e-05 0.05
2 -0.01 3.17724 0.05
4 0 0.02406 0.05
4 0 0.00845 0.05
4 0 0.44989 0.05
4 0 1.33931 0.05
4 0 0.15868 0.01
4 0 0.00054 0.04
4 0 0.00012 0.96
4 0 0 2
5 0.007 8.45602 0.08
3 -0.0069 2.11105 5
5 0.0099 12.6829 1
4 0 3.55303 0.05
5 0.0029 2.35494 7.97
5 1e-04 6.76445 0.7
5 0.0069 6.36566 1.08
3 -0.0029 4.354581 0.19
5 0.003 0.067829 0.01
4 0 4.000001e-06 0.1
3 -0.0099 8.621206 0.05
1 -0.0325 0.97962 1
7 0.0324 11.33084 0.01
5 0.003 1.19156 0.01
3 -0.003 22.729 0.99
4 0 0 1
4 0 0.00034 0.05
4 0 0.00016 0.41
4 0 0.0657 0.01
4 0 3e-05 0.99
4 0 0 2
4 0 1e-05 1
4 0 0 1
4 0 0 0.88
4 0 7e-05 0.12
4 0 9.999996e-06 1
4 0 0 1
4 0 0 2
4 0 1e-05 1
4 0 0 0.01
4 0 0.00025 1
4 0 1e-05 2.7
4 0 9.999996e-06 1
4 0 1e-05 1.66
4 0 3e-05 0.3
4 0 1e-05 1
4 0 9.999996e-06 0.34
4 0 0 0.01
4 0 2e-05 1
4 0 1e-05 1
4 0 0 1.94
4 0 0.00039 1
4 0 9e-05 1
4 0 0 0.06
4 0 3e-05 0.94
2 -0.01 0.00059 0.75
4 0 9.999996e-06 0.25
6 0.015 0.00023 1
2 -0.015 0.00017 1
4 0 1.58508 0.96
4 0 0.00037 1
4 0 3e-05 1
4 0 2e-05 0.22
4 0 7e-05 0.78
4 0 0 1
4 0 0 0.89
4 0 0.00014 0.11
4 0 0.00057 1
4 0 0 1
3 -0.01 3e-04 0.39
5 0.0063 12.10323 0.76
3 -0.0063 0.598712 0.05
4 0 1.405738 0.23
4 0 0.00053 1
4 0 0.004361 1
4 0 0.103587 4
4 0 0.000786 1
4 0 0.021615 1
4 0 0.024126 1
5 0.005 1.39963 1
3 -0.005 4.000001e-06 0.77
4 0 3.999994e-06 1
4 0 6.000002e-06 1
4 0 4.000001e-06 0.03
4 0 1.4e-05 0.01
4 0 4.6e-05 0.96
4 0 5.000002e-06 0.03
4 0 5.7e-05 2.95
4 0 2.6e-05 0.72
2 -0.01 0.015844 0.01
6 0.01 0.100332 1
4 0 0.000194 1
3 -0.005 1.110157 1
3 -0.005 1.085188 0.05
4 0 0.000942 0.05
6 0.01 2.387687 1
4 0 7.000002e-06 1
4 0 4.1e-05 1
4 0 1.3e-05 1
4 0 2.1e-05 0.05
4 0 3.999994e-06 0.05
4 0 4.000001e-06 4
4 0 1.700001e-05 1
4 0 0.000419 0.54
4 0 3.7e-05 0.46
4 0 0.000442 0.54
5 0.01 0.003788 0.9
3 -0.005 2.036448 0.05
5 0.005 9.999996e-06 1
4 0 0 0.35
4 0 0.91347 1
3 -0.009 3.82024 5
6 0.019 2.24715 2.4
5 0.009 3.51158 0.05
6 0.0105 3.39219 4.09
3 -0.0095 0.94651 0.01
4 0 0.00016 0.01
4 0 0.00022 1
5 0.01 2.16514 0.01
4 0 6.69111 1
4 0 9.999996e-06 1
4 0 0.00039 1
4 0 2e-05 2
4 0 0.00057 1
3 -0.01 1.5235 1
4 0 1e-05 1
4 0 2e-05 1
4 0 2e-05 2
4 0 3e-04 1
4 0 0.00115 1
4 0 0 1
4 0 1e-05 1
4 0 0 2
4 0 0.00102 0.01
4 0 0.0089 1
4 0 2e-05 1
2 -0.01 0.00072 0.05
4 0 0.00245 0.4
4 0 4e-05 0.1
4 0 0.00035 0.1
4 0 0.00143 0.05
4 0 0.00214 0.1
4 0 0.00675 0.05
4 0 0.00801 0.05
4 0 8e-04 0.08
4 0 0.00179 0.02
4 0 0 0.01
4 0 0.00032 0.02
4 0 7e-05 0.09
4 0 0.00035 0.04
4 0 0.00032 0.02
4 0 0.00021 0.02
4 0 0.00028 0.02
4 0 5e-05 0.02
5 0.0099 0.53808 0.38
5 1e-04 1.28185 1
5 0.004 4.78184 0.77
2 -0.014 0.50249 2
2 -0.01 0.00136 0.4
4 0 0.73782 1
4 0 0.00114 1
6 0.01 0.10397 1
2 -0.01 0.00033 1
6 0.01 0.00049 1
4 0 0.00311 1
4 0 0 0.58
4 0 9.999996e-06 1.71
4 0 2e-04 0.1
4 0 1e-05 0.1
6 0.01 0.25679 1
4 0 0.00021 1
4 0 0 0.58
4 0 1e-05 1
4 0 0 1
4 0 0 0.42
4 0 6e-05 0.58
4 0 0 1
4 0 0.14145 0.42
4 0 0 1
4 0 0.00581 1
4 0 0.29304 1
5 0.0099 3.84436 0.3
5 1e-04 0.32986 1
6 0.01 0.00069 0.49
4 0 0 0.5
4 0 4e-05 0.26
5 0.01 3.84021 1
4 0 1e-05 0.05
4 0 2e-05 0.49
4 0 9.999996e-06 0.02
4 0 0.00046 1
4 0 0 4.4
4 0 0.00024 1.6
4 0 0 1
4 0 5.71004 1
4 0 0 2
4 0 0.00015 2
4 0 0.00012 1
4 0 1e-05 1
4 0 0.00017 1
4 0 0.00988 1
3 -0.01 0.09222 0.04
4 0 0.9547567 0.26
4 0 0.0002155 0.74
4 0 4.500005e-06 1
4 0 0.0009502 0.01
4 0 2.000015e-07 0.99
4 0 3.71e-05 1.01
4 0 0.015759 2
4 0 0.0008082 2.01
4 0 3.000023e-07 1.5
4 0 0.0002006 0.5
4 0 4.46e-05 1
4 0 0.000525 1
4 0 0.0825902 2
2 -0.01 2.534416 2
4 0 0.0016 1
4 0 1.4e-05 1
4 0 0.000663 1
6 0.01 0.079689 0.7
4 0 0.000199 0.1
4 0 3.999994e-06 0.1
4 0 6.8e-05 0.1
5 0.01 6.828484 1
3 -1e-04 3.079651 0.12
3 -0.0089 5.40589 0.33
5 6e-04 0.36327 0.07
1 -0.0215 2.73291 0.4
7 0.0289 3.30973 0.01
5 9e-04 1.64371 0.01
5 1e-04 0.00335 0.01
4 0 0.03379 1.78
4 0 0 0.22
4 0 6e-05 0.35
4 0 0 1
4 0 0 0.01
4 0 0.00011 1
6 0.01 0.29831 0.99
2 -0.01 4e-05 0.01
6 0.01 22.09865 0.01
4 0 1e-05 1
4 0 0.00033 0.63
4 0 4e-05 0.37
6 0.01 0.02142 0.01
4 0 0.00024 0.99
3 -0.002 0.60833 0.24
5 0.002 2.72039 1
4 0 0.00133 1
4 0 17.95232 0.26
4 0 5.47814 2
4 0 0 0.74
4 0 9.999996e-06 2
4 0 0 2
4 0 0 2
5 0.005 0.00074 1
3 -0.005 2e-05 1
5 0.01 0.00078 1
3 -0.0075 0.00089 1
3 -0.0025 0.00171 0.26
4 0 0.14365 1
5 0.0099 4.17329 1
2 -0.0199 15.19147 0.01
6 0.01 3.09453 0.26
4 0 0.78631 2
4 0 8.000001e-05 1
4 0 0.00054 1
4 0 3e-05 1
4 0 0.00418 1
3 -0.006 13.39935 0.1
5 0.006 2.8748 1
4 0 1e-05 2
4 0 0 1
4 0 0.20238 1
4 0 0.01276 1
5 0.0099 18.73954 0.16
3 -9e-04 3.43959 0.15
2 -0.019 1.64494 0.3
4 0 0.00049 0.01
4 0 0 0.29
4 0 0.00035 0.1
4 0 0.00057 0.1
6 0.01 15.05583 0.22
4 0 1e-05 1.78
4 0 6e-05 0.22
2 -0.01 0.01701 1
4 0 0 1
4 0 1e-05 0.01
4 0 0 1
4 0 0 0.99
4 0 3e-05 0.01
4 0 0 1
4 0 0.00015 1
4 0 1e-05 1
4 0 0.00025 0.01
4 0 1e-05 1
4 0 3e-05 1
5 0.005 0.00035 1
3 -0.005 0.00011 1.01
4 0 0 0.6
4 0 0.00113 1
2 -0.01 0.00744 0.1
4 0 0.7209 0.1
5 0.0055 30.26014 10.61
3 -0.004 0.003928 2.19
3 -0.0015 0.586841 1
4 0 0.021331 0.9
4 0 4.000001e-06 1
4 0 0.000328 0.01
4 0 6.000002e-06 2
4 0 2.1e-05 0.9
3 -0.01 0.000298 0.37
4 0 0.000187 0.1
4 0 6.999995e-06 0.53
4 0 5.000002e-06 0.47
4 0 3.1e-05 0.1
4 0 5.3e-05 0.43
4 0 4.000001e-06 1
5 0.01 1.6e-05 1
3 -0.01 0.000266 1
4 0 1.7e-05 0.02
4 0 3.4e-05 0.5
4 0 5.4e-05 0.48
2 -0.01 0.776689 1
6 0.01 6.245703 2
2 -0.01 4.22121 1
4 0 0.00048 1
4 0 1.87555 1
4 0 0.45777 1
4 0 20.71335 1
4 0 0.00011 1
4 0 9.999996e-06 1
4 0 1e-05 0.01
4 0 0 0.1
4 0 0 0.89
4 0 9.999996e-06 0.11
4 0 0 0.72
4 0 0.00035 2
4 0 1e-05 1
4 0 0 0.01
4 0 9.999996e-06 1
3 -0.01 0.08978 1
5 0.0039 22.53442 0.02
5 0.0014 23.3617 3.75
5 0.0047 0.98505 1
4 0 0 0.6
4 0 0.00057 2
4 0 0.00064 1
4 0 0.00023 0.4
4 0 0 1
4 0 0.00023 1
4 0 0.00011 1
6 0.01 0.00127 1
4 0 9.999996e-06 1
4 0 0.00191 1
2 -0.01 0.6249 1
4 0 0.09895 1
6 0.01 9.1451 1
2 -0.01 1.87962 2
4 0 0 0.16
4 0 0.35729 1
5 0.0068 10.88337 3
5 0.0032 9.49528 0.4
2 -0.01 7.931019 1
4 0 3.115601 0.8
4 0 4e-05 0.2
4 0 0 0.2
4 0 1e-05 1
4 0 0 1
4 0 9.999996e-06 0.01
4 0 8.000001e-05 0.26
4 0 3e-05 0.04
4 0 1e-05 0.24
4 0 0.00028 0.54
4 0 2e-05 0.76
4 0 2e-05 0.01
4 0 0.00025 0.8
4 0 8e-05 0.08
4 0 0.00024 0.12
4 0 0 1
4 0 0 1
3 -0.01 0.65691 1
5 0.0099 9.50667 0.15
3 -0.0099 3.1737 0.69
4 0 0.00029 1
5 0.001 19.32905 0.17
3 -0.001 12.17529 0.31
4 0 8e-05 0.38
4 0 0.15347 0.1
4 0 0 0.9
4 0 0.01327 0.62
4 0 1e-05 0.38
4 0 0.58676 1
5 0.01 3.847006 1
4 0 4.499998e-06 0.07
4 0 4.200003e-06 0.29
4 0 4.16e-05 0.71
4 0 4.000001e-06 0.47
4 0 1.96e-05 1
4 0 0.0003145 1
4 0 5.800001e-06 0.82
4 0 2.25e-05 1
4 0 1.74e-05 0.18
6 0.01 1.012413 0.51
4 0 3.999994e-06 0.66
4 0 5.000002e-06 0.83
4 0 0.000126 0.84
4 0 0.000137 0.17
4 0 2.8e-05 1
4 0 7.999995e-06 1
4 0 9.9e-05 1
4 0 0.020473 0.1
4 0 33.32971 1
4 0 9.999996e-06 2
4 0 0 1
4 0 0.00018 1
4 0 6e-05 1
4 0 0.00032 1
4 0 1e-04 0.01
4 0 0.00871 1
4 0 0.00583 1
2 -0.01 0.33987 1
5 1e-04 11.78447 0.13
3 -1e-04 3.91936 1
4 0 0.00159 1
4 0 0.00096 1
4 0 9.999996e-06 1
4 0 0 1
4 0 4.000001e-05 2
4 0 9.999996e-06 0.01
4 0 1e-05 1
4 0 0 1
3 -0.01 0.75203 1
5 0.0065 2.33179 0.14
5 0.0035 9.037961 2
5 0.0022 7.909089 0.94
5 0.0036 8.18517 1
3 -0.0058 13.25289 1
4 0 8.000001e-05 1
4 0 3e-05 0.1
4 0 5e-05 0.9
4 0 0 0.01
4 0 9.999996e-06 0.09
4 0 0.00035 1
4 0 0.00013 0.91
4 0 1e-05 0.09
4 0 0 0.91
4 0 9.999996e-06 0.09
5 0.005 0.16597 1
5 0.005 7.89016 1
3 -0.009 17.32175 0.12
5 0.009 1.92004 1
4 0 0 0.64
4 0 0.00036 1
4 0 0 1
4 0 9.999996e-06 1
4 0 1e-05 1
4 0 3e-05 0.2
4 0 0.00052 0.16
4 0 0.00012 0.84
5 0.01 0.00241 0.19
4 0 0.00055 0.59
3 -0.01 0.01294 1
4 0 9.999996e-06 1
4 0 2e-04 1
2 -0.01 0.6431563 1
5 6e-04 12.25421 1
4 0 0.0018 1
3 -5e-04 1.0124 0.14
5 0.0077 5.32612 0.02
6 0.0121 2.28744 0.6
2 -0.0139 0.2951 0.35
3 -0.0059 11.70182 0.5
6 0.0199 7.56981 1
4 0 0.00161 1
2 -0.02 5.88523 0.03
6 0.01 0.73255 1
4 0 0 1
4 0 1e-05 1
4 0 0 2
3 -0.005 0.52713 1
5 0.005 0.22303 1
4 0 1.26671 1
4 0 7.97516 2
4 0 2e-04 1
4 0 1e-05 1
4 0 0.00017 0.01
4 0 3e-05 0.01
4 0 1e-05 0.01
4 0 2e-05 0.01
5 0.0025 0.00221 1
3 -0.0025 0.00324 0.01
4 0 7e-05 1
4 0 0 1
4 0 0.09956 1
3 -0.0033 0.47887 3
5 0.0033 0.47444 1
2 -0.01 0.14023 1
6 0.0199 10.645 0.5
2 -0.0189 0.964539 0.01
5 0.009 7.357117 1
4 0 0.02102 1
2 -0.01 8.79351 1
6 0.02 0.83258 0.12
3 -0.0044 4.61282 1.05
5 0.0044 26.8293 1
3 -0.01 0.03541 1
5 0.0014 0.08053 2
3 -0.0014 0.43479 1
4 0 0.00073 1
4 0 0 2
2 -0.01 0.00967 1
4 0 9.999996e-06 1
4 0 0 2
4 0 0 1
4 0 0.00016 2
4 0 0 0.01
4 0 9.999996e-06 2
4 0 0 1
4 0 1e-05 1.97
4 0 0 0.01
4 0 0.00058 1
4 0 0 1
4 0 3e-05 2
3 -0.005 0.79229 1
3 -0.0025 0.00233 1
3 -0.0025 16.18961 1
4 0 0.00011 0.1
4 0 1e-05 0.1
4 0 0.00025 1
4 0 0.00044 1
4 0 0.00046 1
4 0 10.03034 1
4 0 0.00021 1
4 0 9.999996e-06 1
4 0 1e-05 0.9
4 0 0 0.2
4 0 9.999996e-06 1
4 0 0 2
4 0 0 1
4 0 0.00075 1
2 -0.01 0.08091 1
4 0 0.63347 0.4
6 0.01 6.80927 0.56
3 -0.0056 11.97859 1.16
3 -0.0044 0.28115 1
4 0 3.30503 0.5
6 0.01 0.78786 1
4 0 8.8696 1
4 0 3e-05 1
4 0 0.00093 1
4 0 0.61602 1
4 0 14.75821 1
4 0 0.00624 1
2 -0.01 0.30917 0.01
4 0 0.20681 0.2
4 0 0 1
4 0 0 1
4 0 9.999996e-06 0.09
4 0 1e-05 0.59
4 0 4e-05 0.01
4 0 0.00012 1
4 0 1e-05 0.01
4 0 0.00072 0.5
4 0 0 1
4 0 1e-05 1
3 -0.008 0.17757 1.34
3 -0.002 0.49893 1
5 0.005 5.17142 1
3 -0.0049 0.41299 0.58
3 -1e-04 1.67579 0.2
4 0 0 1.5
4 0 9.999996e-06 0.8
4 0 0 2
4 0 1e-05 1
4 0 0 1
4 0 0 0.01
4 0 1e-05 0.1
4 0 0 1
4 0 0 0.39
4 0 0.00011 0.61
4 0 5e-05 1
4 0 1e-05 1
4 0 2e-05 1
4 0 0.00045 1
4 0 0 1
4 0 0 1
5 0.005 0.00114 1
2 -0.015 0.0862 1
4 0 0.00137 1
5 0.01 0.00184 1
3 -0.01 0.04718 1
4 0 0.61597 1
4 0 0 1
4 0 9.999996e-06 1
4 0 0 0.2
4 0 0.00079 1
2 -0.01 10.81064 1
6 0.01 6.94374 1
5 0.01 3.6895 0.4
2 -0.02 34.73427 1
4 0 41.06668 0.69
4 0 0.0081908 0.1
4 0 4.400004e-06 0.1
4 0 6.7e-06 0.8
4 0 4.399997e-06 2
4 0 2.9e-06 1
4 0 3.699999e-06 1
4 0 6.300004e-06 1
4 0 4.499998e-06 0.38
4 0 0.0173596 2
4 0 0.0495141 1
4 0 0.0318064 0.62
4 0 4.699999e-06 0.38
4 0 0.1385296 1
4 0 0.497165 0.01
4 0 1e-06 0.99
4 0 0.000371 1
4 0 5.000002e-06 1
4 0 3.000001e-06 1
4 0 4.999994e-06 1
4 0 0.000153 2.31
4 0 8.000003e-06 1
4 0 2.7e-05 0.01
4 0 8.999996e-06 0.99
4 0 0.000244 0.01
4 0 0.000573 0.01
2 -0.01 0.009991 1
4 0 0.036571 1
4 0 9.999996e-06 0.2
4 0 2.1e-05 1
4 0 1.1e-05 0.34
4 0 2.5e-05 0.8
4 0 3.999994e-06 0.96
4 0 0.015796 0.16
4 0 6.000002e-06 0.84
4 0 0.251826 1
4 0 0.000269 0.04
3 -0.01 0.064094 0.02
4 0 6.000002e-06 0.98
4 0 0.448207 1
4 0 0.313753 0.52
4 0 7.999995e-06 0.48
4 0 0.508048 1
4 0 4.000001e-06 1
4 0 4.000001e-06 0.2
4 0 0.000841 2
4 0 0.009679 1
4 0 0.754918 1
5 0.01 12.86988 0.66
4 0 0 0.34
3 -0.01 0.53803 0.5
4 0 1e-05 0.5
4 0 0.07469 0.5
4 0 0 0.5
5 0.01 12.80811 1
4 0 0 1
4 0 9.999996e-06 0.05
4 0 0 1.15
4 0 2e-05 0.85
4 0 1e-05 1
4 0 0 1
4 0 0.00034 1
4 0 3e-05 0.7
4 0 0 1
4 0 0.00029 2
4 0 0 1
6 0.01 7e-05 1
4 0 9.999996e-06 1
2 -0.01 0.00018 1
4 0 0 1
6 0.01 0.00018 0.7
4 0 2e-05 1
4 0 3e-05 0.05
4 0 5e-05 0.25
4 0 0.00015 0.1
4 0 1e-05 0.9
4 0 4e-05 0.1
4 0 0 1
4 0 0.00698 1
2 -0.01 0.00093 1
4 0 0.03069 1
4 0 0.00041 0.1
4 0 0 0.1
4 0 9.999996e-06 0.1
4 0 1e-05 0.02
3 -0.005 0.07336 3
5 0.005 0.1749 1
4 0 0.00197 1
4 0 0.79921 1
6 0.01 17.33695 1
4 0 5e-05 1
4 0 0 1.9
4 0 0.00011 2.02
4 0 0.00909 4.08
2 -0.01 0.70661 1
4 0 8.28551 1
4 0 0 1
4 0 0 2
4 0 0.00011 0.5
4 0 0 1.5
4 0 1e-04 1
4 0 1e-05 1
4 0 0.00023 0.01
4 0 0.00059 0.01
4 0 0 1
4 0 0.00643 1
4 0 0.00018 1
3 -0.01 0.76415 1
5 0.0038 26.57131 0.04
5 0.0062 2.81583 1
4 0 0.50222 1
4 0 9.999996e-06 1
4 0 0.00015 1
4 0 0 1
4 0 4e-05 1
4 0 7e-05 2
4 0 0.01125 0.1
4 0 9.999996e-06 0.9
4 0 0.42227 1
4 0 0.08712 1
4 0 3.99677 1
4 0 0.00022 1
4 0 0 1
4 0 0.00064 1
4 0 0 1
4 0 0.04193 1
3 -0.01 0.01965 1
5 0.01 0.02449 1
6 0.01 0.15834 1
3 -0.008 9.20505 0.03
5 0.008 1.20343 1
3 -5e-04 8.7127 1.03
3 -0.0048 0.58823 0.03
5 0.0053 2.52114 1
4 0 0.00016 2
4 0 0 1
4 0 6e-05 0.45
4 0 0 0.55
4 0 1e-05 0.45
4 0 1.00247 1
4 0 9.999996e-06 1
4 0 0.00072 1
4 0 0.09418 1
4 0 0.10484 0.16
4 0 2.44951 0.24
4 0 1.279062 1
4 0 2.83803 0.16
4 0 1.116888 0.1
4 0 4.789972 0.66
6 0.01 0.000397 0.34
1 -0.02 0.260474 0.1
6 0.01 0.646384 2
2 -0.01 0.758513 1
6 0.01 0.00011 1
3 -0.0061 1.07492 0.2
5 0.0061 4.27626 1
4 0 0 1
4 0 0.00015 1
4 0 0.02346 1
4 0 0.11142 3
4 0 17.56363 1
4 0 9e-05 1
4 0 0.00086 0.09
4 0 8.034 1
4 0 0.94777 0.91
4 0 0.00013 1
4 0 0.40367 1
4 0 4.819 1
4 0 0.00018 1
4 0 0.00562 1
4 0 2.64635 1
4 0 0.01359 1
2 -0.01 0.25543 1
6 0.01 0.66106 1
4 0 9.645807 1
4 0 0.2778932 1
4 0 0.000379 1
4 0 0.005487 1
4 0 0.042053 1
4 0 3.4e-05 0.1
3 -0.0099 0.46518 0.58
5 0.0038 1.136895 0.27
3 -0.0039 2.274802 1
4 0 5.000002e-06 1
4 0 4.000001e-06 0.01
4 0 3.999994e-06 1
4 0 5.000002e-06 0.99
4 0 5.3e-05 0.01
4 0 0.000257 0.01
4 0 5.999995e-06 1
4 0 4.000001e-06 1
4 0 2.6e-05 1
4 0 0 1
4 0 9.000003e-06 1
4 0 1e-06 1
4 0 5.999995e-06 1
4 0 7.000002e-06 1
4 0 0.000566 1
4 0 0 1
3 -0.01 0.000806 1
5 0.01 0.005877 0.01
4 0 0.003607 0.99
4 0 4.000001e-06 0.01
3 -0.01 0.027877 1
4 0 0.000168 1
4 0 0 1
4 0 0 0.2
4 0 0.001285 1
5 0.01 0.026266 1
3 -0.01 0.107622 1
4 0 0.002461 1
4 0 0.002889 1
4 0 3.999994e-06 1
4 0 0.001215 1
3 -1e-04 12.0804 2.31
3 -0.0098 0.00158 0.06
3 -1e-04 2.67092 0.05
6 0.01 5.58112 0.01
4 0 1.2663 0.18
4 0 3.48577 0.13
4 0 1.60374 0.6
4 0 9.999996e-06 0.15
4 0 1e-05 0.05
4 0 0 0.1
4 0 9.999996e-06 0.1
4 0 7e-05 0.1
4 0 3e-05 0.9
4 0 0.00035 0.4
4 0 1e-05 1
4 0 0.0829 1
5 0.002 5.03077 0.7
3 -0.002 1.92181 0.05
5 0.01 2.68341 1
3 -0.009 1.31068 1
3 -0.001 10.40701 1
4 0 0.0014 1
4 0 0 0.05
4 0 0.00017 0.95
4 0 0 2
4 0 9.999996e-06 0.01
4 0 0 1
4 0 4e-05 1.95
4 0 7e-04 0.01
4 0 0.00026 1
6 0.02 4.56994 0.3
1 -0.03 10.15194 0.05
6 0.01 29.27303 1
3 -0.006 8.2814 1.14
5 0.0082 10.02143 0.3
3 -0.0022 4.22015 1
4 0 0.00011 0.1
2 -0.01 0.1780363 1
4 0 0.0004062 0.21
4 0 0.0002316 0.04
5 0.005 4.674996 0.01
5 0.0049 0.360876 0.68
7 0.0294 7.238084 1
1 -0.0393 0.51367 0.47
4 0 0.00064 0.28
4 0 0.34054 1
5 0.0099 9.67872 1
3 -0.0099 5.89352 1
4 0 0.00118 1
4 0 3.06432 1
4 0 0 1
4 0 0.00104 0.49
5 0.005 5.136 0.05
5 0.005 0.00915 1
4 0 0.00062 0.05
4 0 0 1
4 0 1e-05 0.05
4 0 0 1
4 0 9.999996e-06 0.35
4 0 0.00012 0.1
4 0 4e-05 0.55
4 0 9.999996e-06 0.05
4 0 0 0.4
2 -0.01 0.79659 1
6 0.01 3.96311 0.02
4 0 9.999996e-06 0.98
4 0 0.2374 0.1
4 0 0 0.9
4 0 9e-05 1.1
4 0 0.00061 1
4 0 0 1
4 0 0.00855 2
4 0 1e-04 0.2
4 0 0.00024 1
4 0 0.00156 1
4 0 0.16515 1
4 0 0.539 1
4 0 0.00842 1
4 0 1.36296 0.05
4 0 0.00012 0.05
5 0.0028 6.89718 0.14
5 0.0072 4.77988 1
4 0 0 0.02
4 0 0 0.08
4 0 9.999996e-06 0.01
4 0 0.00015 1
4 0 0.00015 1
4 0 5.460033 1
4 0 1.553528 0.01
4 0 9.000003e-06 1.99
5 0.005 5.000002e-06 1
3 -0.005 6.999995e-06 1
4 0 0.51103 1
5 0.005 0.651486 0.1
3 -0.005 3.61317 1
4 0 5.000002e-06 0.01
4 0 0.000178 0.01
4 0 6.000002e-06 1
4 0 1.3e-05 0.98
5 0.005 0.000168 1
3 -0.005 0.000163 0.02
4 0 0.004812 1
3 -0.009 1.281956 0.02
5 0.009 1.091218 1
4 0 3e-05 1
4 0 3.000001e-06 0.01
4 0 0.7802 1
4 0 0.38657 1
3 -0.01 0.8293 1
4 0 0.0011 1
4 0 0.00219 1
4 0 0.00352 1
4 0 0.00056 1.03
4 0 6e-05 1
4 0 1e-05 1
4 0 0 1
4 0 9.999996e-06 1
4 0 0 1
4 0 1e-05 2
4 0 0 2
4 0 9.999996e-06 1
4 0 0 1
5 0.01 1e-04 1
3 -0.01 0 1
4 0 9.999996e-06 2
4 0 0 0.01
4 0 2e-05 1.92
4 0 0.00061 1
4 0 0 1
4 0 0.00316 1
2 -0.01 0.00048 1
4 0 0.0056 1
4 0 0 1
4 0 2e-05 0.48
4 0 0 1
4 0 0 1
4 0 1e-05 1
4 0 0 1
4 0 0 1
4 0 9.999996e-06 1.5
4 0 0 1
4 0 1e-05 2
4 0 0 1
4 0 0 1
4 0 9.999996e-06 1
4 0 0 1
4 0 0 1
4 0 6e-05 1
4 0 0 1
4 0 2e-05 0.51
4 0 1e-05 1
4 0 0 1
4 0 1e-05 1
4 0 9.999996e-06 1
2 -0.01 0.00042 0.77
4 0 0.00051 0.1
4 0 0 0.5
4 0 9.999996e-06 1.17
4 0 0 0.33
4 0 1e-05 0.67
4 0 5e-05 0.33
4 0 9.999996e-06 1
4 0 0 0.67
4 0 0.00011 0.33
4 0 1e-05 1
4 0 0 0.44
4 0 0.00013 0.37
4 0 1e-05 0.23
4 0 5e-05 0.56
4 0 0 0.42
4 0 3e-05 1
4 0 2e-05 0.63
4 0 0 1
4 0 1e-05 0.37
4 0 0.00013 0.63
4 0 9.999996e-06 0.37
4 0 6e-04 0.58
4 0 0 0.42
7 0.02 0.00365 1
1 -0.02 0.01556 0.05
4 0 9.999996e-06 0.45
4 0 0.00336 0.45
4 0 0.00173 0.55
7 0.02 0.06843 1
1 -0.02 0.33536 0.53
4 0 0 0.5
4 0 9.999996e-06 1
4 0 5e-05 0.18
4 0 0.00077 1
3 -0.01 0.00978 1
4 0 0.00087 1
4 0 0 1
4 0 5.38208 0.97
4 0 0.00043 0.03
4 0 0 1
4 0 0 1
4 0 0.00084 4
2 -0.01 0.00307 0.25
4 0 0.00221 0.05
4 0 0.00115 0.05
5 0.005 0.01677 1
5 0.005 0 1
4 0 9.999996e-06 1
2 -0.01 0.31125 1
5 0.002 9.20458 2.5
3 -0.002 2.94109 0.75
4 0 0 1.35
4 0 0 1
4 0 9.999996e-06 1
4 0 0.00083 1
4 0 0 1
4 0 0 0.56
4 0 4e-05 0.44
3 -0.01 0.20902 0.02
4 0 0 0.98
4 0 0.00355 0.02
2 -0.01 3.24496 0.66
6 0.0199 1.6463 0.25
2 -0.0171 5.28395 0.05
5 0.0072 0.04403 1
4 0 1.33867 2
4 0 0.00071 1
4 0 0 1
4 0 0.00028 0.1
4 0 0 0.1
4 0 0 1
4 0 4e-05 1
4 0 0.10493 1
2 -0.01 0.65909 1
6 0.01 0.00177 1
4 0 16.61015 1
4 0 0 0.68
4 0 0.00036 1
5 0.01 7.978978 1
4 0 2.36056 1
4 0 5e-05 0.04
4 0 5.000002e-06 0.1
6 0.01 4.072347 1
4 0 0.01644 1.35
4 0 1.74221 1
4 0 0 1
4 0 1e-05 0.43
4 0 0.00034 1
4 0 0.00058 1
5 0.01 0.00012 2
4 0 0 2
4 0 5e-05 1
4 0 0.00039 1
4 0 0.00056 1
4 0 0.83524 1
4 0 9.999996e-06 1
4 0 0.00111 1
4 0 1.99906 3
4 0 1e-05 0.01
6 0.01 0.00039 6.73
4 0 4e-05 0.28
4 0 9e-05 0.08
2 -0.01 0.41536 1
3 -0.01 0.13172 0.05
4 0 0.00187 0.05
5 0.01 22.05679 3
4 0 0 0.01
4 0 9.999996e-06 0.99
4 0 2e-05 0.01
4 0 0 0.1
4 0 1e-05 1
4 0 1e-05 0.9
4 0 0.00568 1
6 0.01 4e-04 0.01
2 -0.01 6.999999e-05 1
4 0 0.00038 1
6 0.01 0.00073 0.99
4 0 0.00011 0.01
4 0 9.999996e-06 0.1
4 0 0 0.1
4 0 2e-05 0.1
4 0 1e-05 0.1
4 0 1e-04 0.01
4 0 0.00022 0.59
4 0 0.00084 1.41
4 0 0 1
4 0 0 2
4 0 0 1
4 0 0 1
4 0 0.00012 1
4 0 2e-05 1
3 -0.005 0.00032 1
5 0.005 0.00474 1
2 -0.01 0.00377 3.02
6 0.01 0.00498 1
2 -0.02 0.00026 1
4 0 0 2
4 0 6.999999e-05 1
4 0 0.00773 1.04
4 0 0.00163 0.01
4 0 9.999996e-06 1
4 0 0 1
4 0 1e-05 1
4 0 0 0.99
4 0 0.00044 0.01
4 0 0 1
4 0 1e-05 1
4 0 0 1
4 0 1e-04 0.1
4 0 0 1
4 0 1e-05 0.1
4 0 9.999996e-06 1
4 0 1e-05 0.1
4 0 0 1
4 0 0 0.1
4 0 1e-05 0.1
4 0 3e-04 1
4 0 0.00034 1
4 0 4e-05 0.01
4 0 0 1
4 0 0.16189 3
2 -0.01 0.51576 0.77
4 0 0.00073 1
4 0 2.20395 1
4 0 0 1
4 0 9.999996e-06 1
4 0 0.00095 1
3 -0.0099 1.06198 0.13
5 0.0099 0.60555 1
3 -0.01 10.6568 1.67
4 0 0 1
4 0 0 1.5
4 0 9.999996e-06 1
4 0 0 0.4
4 0 0.00028 1
4 0 1e-05 0.01
4 0 5e-04 3
4 0 0.15748 1
2 -0.01 3.25094 0.05
4 0 0.00278 0.1
4 0 0.00572 0.05
6 0.01 0.05829 0.1
4 0 1.481519 1
3 -0.0099 0.735222 0.05
3 -1e-04 3.973795 1
4 0 4.999994e-06 1
4 0 4.000001e-06 1
4 0 5.000002e-06 1
4 0 4.000001e-06 1
4 0 2.000001e-06 1
4 0 0.000306 0.8
4 0 2.799999e-05 2
4 0 0.00052 1
2 -0.01 0.002469 1
4 0 4.000001e-06 1
4 0 0.000403 0.21
6 0.01 1.689779 1
2 -0.01 2.777355 1
4 0 6.000001e-05 1
4 0 0.00023 1
4 0 2e-05 1
4 0 0.00053 1
4 0 0.00136 1
3 -0.005 0.50641 1
4 0 0.88287 1
4 0 2.85676 1
3 -0.005 0.55307 1
4 0 0 1
4 0 0 1
4 0 1e-05 1
4 0 0 1
4 0 0.00022 1
4 0 1e-05 1
4 0 0.00015 1.4
4 0 0.00043 0.05
3 -0.0099 14.8126 4
3 -1e-04 0.08221 0.58
4 0 4e-05 1
4 0 0.00011 12.75
4 0 0.653 1
4 0 0.00908 1
4 0 4e-05 34.83
4 0 0.00015 15.42
4 0 1e-05 1
4 0 0.00028 0.01
2 -0.01 0.73283 0.65
5 0.0061 7.24995 0.13
3 -0.0061 0.5439 0.85
4 0 1e-05 0.4
4 0 0 1
4 0 9.999996e-06 1
4 0 0 1
4 0 0 1
4 0 1e-05 1
4 0 0 1
4 0 6e-05 1
4 0 0.00108 1
4 0 9.999996e-06 1
4 0 0 1
4 0 0 1
4 0 4e-05 2
4 0 4.000001e-05 1
4 0 8.999999e-05 1
4 0 1e-05 1
4 0 9.999996e-06 1
4 0 0.00013 0.1
4 0 0 0.1
4 0 4.000001e-05 1
4 0 0 0.8
4 0 3e-05 2
4 0 1e-05 0.1
4 0 0 0.1
4 0 0 0.1
4 0 9e-05 0.9
4 0 0.00041 0.1
4 0 6.000001e-05 0.9
4 0 0 1
3 -0.006 0.03745 0.78
5 0.006 0.0323 1
3 -0.01 13.49254 0.15
4 0 3.44974 0.35
5 1e-04 0.01085 0.35
5 0.0099 3.668012 1
4 0 4.197005e-06 2
4 0 3.422996e-06 1
4 0 8.472e-05 0.2
4 0 4.555004e-06 0.8
4 0 3.452995e-06 1
4 0 2.1027e-05 0.1
4 0 6.164999e-06 1
4 0 4.842004e-06 0.1
4 0 0.000225186 1
4 0 1.2911e-05 1
4 0 2.433e-06 1
4 0 1.3069e-05 1
4 0 7.456001e-06 0.36
4 0 1.0672e-05 1
4 0 7.988005e-06 1
4 0 7.793999e-06 1
4 0 4.228001e-06 1
4 0 0.000259185 1
4 0 0.000231203 1
5 0.005 3.976094 1
3 -0.002 11.15929 1
3 -0.003 0.26893 1
4 0 5e-05 1
4 0 0 1
4 0 0 1
4 0 0.00019 1
4 0 0 0.01
4 0 1e-05 1
4 0 4e-05 2
3 -0.01 12.48069 2
4 0 0 1.69
4 0 1e-05 1
4 0 0 1
4 0 0.00013 0.3
4 0 9e-05 1
4 0 0 1
4 0 9.999996e-06 1
4 0 2e-05 2
4 0 0.3336 1
4 0 0.00159 1
4 0 9.999996e-06 1
4 0 0 1
4 0 1e-05 0.1
4 0 9.999996e-06 0.1
3 -0.005 6.77228 0.26
4 0 0.15507 0.17
5 0.005 3.80211 1
2 -0.01 8.55795 0.06
5 0.0054 0.07774 3.21
3 -0.0054 6.53259 0.1
4 0 1e-05 0.9
6 0.01 2.83666 0.4
4 0 3.23744 0.02
3 -0.0099 12.80749 0.05
5 0.0089 2.20717 0.4
5 0.001 6.88066 1
4 0 0.00023 0.05
4 0 0 0.05
4 0 9.999996e-06 0.9
4 0 0.00022 0.1
4 0 0.88753 2
4 0 0.00133 0.58
4 0 1.59962 0.24
3 -0.0099 5.41524 0.45
5 0.0098 0.80473 0.26
3 -0.0098 9.22904 0.3
3 -1e-04 0.07053 0.5
4 0 0.01105 0.1
4 0 0 1
4 0 9.999996e-06 1
4 0 0 0.98
4 0 1e-04 1
4 0 0.00014 0.02
4 0 0.00012 0.5
4 0 2e-05 1
4 0 0.00015 1
4 0 0 0.01
4 0 3e-05 1
4 0 0 1
4 0 1e-05 1.48
4 0 9.999996e-06 1
4 0 4e-05 0.52
4 0 3e-05 0.01
4 0 0.00044 1
4 0 0 1
4 0 4e-05 1
4 0 0.01133 1
4 0 9.999996e-06 2
4 0 0.1379 1
4 0 0.67183 0.01
2 -0.01 0.08646 0.7
6 0.0199 0.09381 1.64
4 0 7.13592 0.15
5 1e-04 2.50491 0.5
4 0 1.95754 1
2 -0.01 0.89705 1
4 0 2.38973 0.42
2 -0.01 4.123847 1
6 0.01 3.893113 1
6 0.01 6.03127 1
1 -0.02 4.22439 2
4 0 9.999996e-06 0.46
6 0.015 4.48788 0.25
3 -0.005 8.22005 0.58
4 0 2.14908 2
6 0.01 4.26434 1
1 -0.02 1.33646 1
5 0.0063 5.77746 0.93
5 0.0037 0.01495 1
4 0 9.999996e-06 2
4 0 0 1
4 0 8.000001e-05 0.2
4 0 0 1
4 0 0.00028 1
4 0 5e-05 1
4 0 2e-05 1
4 0 0.01272 1
4 0 9.999996e-06 0.8
4 0 0.00022 1
4 0 9.999996e-06 1
4 0 1e-05 0.1
4 0 1e-05 1
4 0 3e-05 1
4 0 7e-05 1
4 0 0 1
4 0 9.999996e-06 0.1
5 0.005 0.00139 1
3 -0.005 0.0214 0.73
4 0 0.08458 1
4 0 2.17756 1
4 0 0.00349 1
4 0 4.93717 1
6 0.01 7.78853 2
4 0 1e-05 1
4 0 0 0.07
4 0 3e-05 1.99
4 0 0.00012 2
4 0 1e-05 2
4 0 9.999996e-06 1
4 0 0 1
4 0 0.00011 1
4 0 0 1
4 0 6e-05 1
4 0 1e-05 1
4 0 2e-05 1
4 0 0 1
4 0 2e-05 0.1
4 0 2e-05 0.1
4 0 4e-05 1
4 0 3e-05 1
4 0 4e-05 0.1
4 0 9.999996e-06 1
4 0 3e-05 1
4 0 3e-05 1
4 0 2e-05 0.7
4 0 0.00015 1
4 0 0 1
4 0 0 1
4 0 0.00027 0.1
4 0 4e-05 0.1
4 0 0 1
4 0 0 1
4 0 0.09605 1
6 0.02 0.12704 1
7 0.0285 1.1776 1
4 0 0.00225 1
1 -0.0285 1.97443 0.42
4 0 0.00011 0.58
3 -0.009 6.487435 1.5
6 0.014 11.58627 1
6 0.015 1.37993 0.7
5 0.009 2.31482 0.34
1 -0.029 5.32704 2
6 0.015 2.8955 1
4 0 0.00122 1
4 0 0.00052 1
2 -0.011 1.67135 0.04
6 0.0143 8.21514 0.78
2 -0.0133 0.59782 1
6 0.015 6.44949 1
6 0.01 0.64702 0.1
4 0 9.999996e-06 0.9
4 0 1e-05 0.1
2 -0.01 1.72147 1
6 0.0199 2.6151 2.5
2 -0.0199 2.66449 0.05
6 0.01 10.56099 0.05
3 -8e-04 1.030664 0.25
6 0.0108 1.11633 0.16
2 -0.01 1.107494 0.22
4 0 4.999994e-06 0.01
2 -0.01 0.195539 0.05
4 0 0.00012 0.1
4 0 0.000444 0.05
4 0 0.000154 0.1
4 0 0.000573 0.2
4 0 0.001477 0.01
4 0 5.999995e-06 0.26
4 0 6.1e-05 0.39
4 0 2.3e-05 0.05
4 0 0.000633 0.08
4 0 0.001329 0.01
4 0 2.3e-05 0.04
4 0 0.014651 0.05
4 0 0.481133 0.91
4 0 5.000002e-06 1
4 0 7.000002e-06 1
4 0 4.999994e-06 0.09
4 0 2.4e-05 0.08
4 0 0.000666 0.92
4 0 0 0.01
4 0 1e-06 3
4 0 0 1
4 0 3.6e-05 0.07
4 0 0.000504 1
4 0 0.000377 1
4 0 0.0015 1.74
4 0 4.000001e-06 1
4 0 5.999995e-06 0.01
4 0 7.000002e-06 1
4 0 3.1e-05 1.92
4 0 9.099999e-05 0.91
4 0 5.000002e-06 0.05
4 0 0.000559 0.93
4 0 0.002404 1
5 0.0025 0.066369 1
3 -0.0025 0.004193 1
5 0.005 0.038595 1
2 -0.015 0.498796 1
4 0 0.002165 1
4 0 0.000699 1
4 0 0.148734 1
4 0 5.000002e-06 1
4 0 2.999994e-06 1
4 0 0.000177 2
2 -0.01 0.000127 1
6 0.01 0.000179 2
4 0 0 1
2 -0.01 0.058628 0.45
4 0 0.591772 1
4 0 6.2e-05 1
4 0 7.000002e-06 1
4 0 0.000338 0.55
4 0 6.000002e-06 2
4 0 3.000001e-06 2
4 0 6.999995e-06 1
4 0 8.000003e-06 1
2 -0.01 0.001785 1
4 0 0.000621 1
4 0 3.000001e-06 2
4 0 7.000002e-06 1
4 0 0.000356 1
4 0 4.9e-05 1
3 -0.01 0.83015 1
4 0 0.82523 1
4 0 0.23651 1
4 0 0.00497 0.1
4 0 0 0.02
4 0 0.00015 1
2 -0.01 0.00267 1
6 0.0178 0.00015 1
2 -0.0178 0.00121 1
4 0 0.00338 1
4 0 0.00014 1
4 0 0 1
6 0.01 0.00236 1
1 -0.02 0.00056 0.88
7 0.02 0.00033 1
1 -0.02 0.00099 1
4 0 0.00513 1
6 0.01 0.00034 0.88
4 0 0.00077 1
4 0 0.00516 1
4 0 0.18675 1
2 -0.01 0.36395 1
4 0 0.65708 1
4 0 0.17985 0.71
4 0 0 0.2
4 0 0.00043 1
4 0 4e-05 1
4 0 0.00033 1
3 -0.01 0.00101 0.09
6 0.02 0.00015 1
2 -0.01 4.665 1
4 0 0 4
4 0 0.00536 1
5 1e-04 13.05056 1
5 0.0099 4.18374 1
4 0 5.28981 1
3 -0.0033 2.01118 1.5
3 -0.0067 1.20172 1
4 0 2e-05 1
4 0 2e-05 1
4 0 0 0.01
4 0 0.00131 1
4 0 0.00023 0.01
4 0 0 1
4 0 0.03037 1
3 -0.01 0.62995 1
4 0 25.88651 1
4 0 4.000001e-06 0.6
4 0 3e-05 1
4 0 5.000002e-06 1
4 0 2.999994e-06 0.4
4 0 4.000001e-06 0.43
4 0 3.000001e-06 1
4 0 0.000288 0.91
4 0 0.000964 0.4
4 0 6.000002e-06 1
4 0 4.599999e-05 1
4 0 9.000003e-06 1
4 0 0.057857 1
4 0 0.002391 1
2 -0.01 0.33749 1
4 0 3.14947 0.2
4 0 0 0.8
4 0 0.00012 0.2
4 0 3e-05 1
4 0 0.00029 0.55
3 -0.003 0.56088 0.4
3 -0.0069 0.21402 0.06
5 0.0099 0.02614 1
4 0 0 1
4 0 1e-05 1
4 0 0.00051 1
4 0 3e-05 1
4 0 9.999996e-06 1
4 0 0.00022 1
4 0 0.00016 1
4 0 4e-05 1
4 0 1.15588 1
3 -0.0037 0.27246 0.25
3 -1e-04 0.0599 0.5
5 0.0038 0.58951 0.1
4 0 2.8753 0.3
4 0 2e-05 3
4 0 1e-05 0.89
4 0 9.999996e-06 1
4 0 0.00014 1
4 0 0.00078 0.53
2 -0.01 0.15331 1
4 0 0.31838 0.65
6 0.01 0.16799 1
2 -0.01 15.69535 0.1
4 0 1e-05 1
4 0 0.20009 1
4 0 6.06852 1
4 0 0.00016 1
4 0 1e-05 1
4 0 0.00064 1
4 0 0 0.01
4 0 0.00703 0.99
6 0.01 13.1954 1
4 0 9.999996e-06 2
4 0 1e-05 1
4 0 2e-05 0.7
2 -0.02 0.44749 1
5 0.001 3.3505 0.17
3 -0.001 0.00531 0.17
5 0.005 0.84495 0.02
3 -0.005 1.914024 0.2
4 0 3.000001e-06 0.36
4 0 4.000001e-06 0.44
6 0.0199 14.09055 0.04
2 -0.0199 1.9539 1
6 0.02 0.0451 1
2 -0.02 1.55643 1
4 0 3.2723 0.2
4 0 9e-04 1
4 0 0.00047 1
6 0.02 2.17835 0.16
2 -0.01 1.79098 1
3 -0.0061 0.83038 3
3 -0.0039 0.19094 1
4 0 0.1841 1
5 0.01 0.3189 1
4 0 8.12364 1
4 0 1e-05 2
4 0 0 1
4 0 9.999996e-06 2.75
4 0 1e-05 2.1
4 0 9.999996e-06 3.15
4 0 0 2
4 0 0.00036 0.15
4 0 9.999996e-06 0.85
6 0.01 7e-05 1
4 0 0 0.54
4 0 0.00047 1
4 0 9.999996e-06 0.48
2 -0.01 0 0.31
4 0 0 1.69
6 0.01 0.00013 0.1
4 0 4.000001e-05 0.1
4 0 3e-05 0.46
4 0 0 1
4 0 0 1
4 0 1e-05 1
4 0 0.00019 1
4 0 0 2
4 0 0 1
4 0 0.00013 1
4 0 3e-05 0.32
6 0.01 0.00028 2
2 -0.01 0.00038 0.43
4 0 0.00027 0.57
4 0 0.00878 1
4 0 2.88813 1
4 0 0.00239 1
4 0 0.29835 1
4 0 0.00058 1
6 0.01 0.00022 2
4 0 0.00588 1
5 0.01 3.76019 1
4 0 3.74033 1
6 0.01 0.3121 0.2
2 -0.02 7.09193 1
4 0 2.82159 0.05
7 0.03 13.20724 1
2 -0.01 12.96386 0.78
4 0 2.25839 1
4 0 0.37432 0.11
4 0 0.00068 0.64
5 0.005 0.13148 0.33
3 -0.0017 8.38051 1.25
3 -0.0033 1.04754 1
4 0 0 2
4 0 7e-05 0.99
4 0 0.00016 0.01
4 0 0.02953 1
5 0.0099 1.43069 0.04
5 1e-04 1.4329 1
3 -0.004 0.6565 0.32
3 -0.006 9.98389 2
5 2e-04 0.00348 2
3 -2e-04 0.01132 0.5
5 2e-04 0.00697 0.5
5 0.0015 0.00125 10
3 -0.0017 0.47408 1
4 0 2.96155 1
4 0 8.455817 0.8
4 0 0.0008049 0.1
4 0 0.5993983 0.1
4 0 5.165237 0.98
4 0 8.999996e-06 0.01
4 0 6.000002e-06 0.01
4 0 6.000002e-06 1
4 0 2.399999e-05 1
4 0 0.739742 1
4 0 0.000358 0.1
4 0 0.854632 0.14
5 0.0099 0.15583 0.17
3 -0.0089 4.078966 1.5
3 -0.001 17.25876 1
4 0 4.13451 0.86
4 0 0 1
4 0 1e-05 0.14
4 0 0 1
4 0 2e-05 0.8
4 0 9.999996e-06 0.8
4 0 0.59786 0.9
4 0 0 0.1
4 0 0.95064 0.06
4 0 0 1
4 0 9.999996e-06 0.01
4 0 0 1
4 0 0.00032 0.2
4 0 0 1
4 0 3e-05 0.16
4 0 2e-05 1
4 0 3e-05 0.84
4 0 4e-05 1
4 0 0.00037 1
4 0 0.00018 0.9
4 0 0 1
4 0 0 0.01
4 0 0 1
4 0 1e-05 1
2 -0.01 0.00083 1
6 0.01 0.00162 2
4 0 0.00205 1
4 0 0.01233 2
4 0 0.00461 1
4 0 0.14377 1
4 0 3e-04 0.6
4 0 7e-04 0.1
4 0 0.00043 0.2
4 0 6e-05 0.1
4 0 1e-05 1
2 -0.01 1e-05 0.19
4 0 9.999996e-06 0.01
4 0 2e-05 0.1
4 0 0.00067 0.1
4 0 0.00025 0.1
5 0.005 0.38845 1
3 -0.005 0.12396 1
4 0 0.00129 1
4 0 2.88409 0.1
4 0 1.40094 0.1
4 0 2.30037 0.1
4 0 2.40666 0.1
4 0 1.60107 0.1
4 0 2.13986 0.73
4 0 0.36605 0.1
4 0 0.50175 0.1
4 0 0.95735 0.1
4 0 11.59292 1
4 0 0.000106 1
4 0 0.000814 0.2
4 0 0.000149 2
4 0 0.000847 0.34
4 0 0.000175 1
4 0 0.000582 0.66
4 0 0.1435 1
5 0.004 40.7937 4
6 0.016 5.35204 0.32
2 -0.019 0.20872 0.21
3 -9e-04 7.80424 0.38
6 0.0199 4.241969 1
1 -0.02 4.908082 1
4 0 0.000271 1.81
4 0 8.000003e-06 1
4 0 6.000002e-06 1
6 0.01 0.06538 1
4 0 0.00027 1
4 0 0.000893 1
4 0 0.000445 1
4 0 0.004977 1
4 0 4.000001e-06 1
4 0 0.000195 1
5 0.005 0.000767 1
3 -0.005 0.258488 2
4 0 3.000001e-06 1
4 0 0.000771 1
6 0.01 0.015534 0.56
4 0 2.999994e-06 1
4 0 4.000001e-06 1
4 0 3.000001e-06 0.61
4 0 2.000001e-06 0.62
4 0 3.000001e-06 1
4 0 4.000001e-06 0.25
4 0 9.999996e-06 0.03
4 0 9.000003e-06 0.01
4 0 3.2e-05 0.86
4 0 1.500001e-05 0.38
4 0 5.999995e-06 0.19
4 0 7e-05 0.24
4 0 5.000002e-06 0.59
4 0 1e-06 1
4 0 6.999995e-06 0.88
4 0 1.3e-05 0.62
4 0 6.000002e-06 0.62
4 0 6.4e-05 0.01
4 0 4e-05 0.2
4 0 4.999994e-06 0.18
4 0 9.000003e-06 0.18
4 0 1.2e-05 0.11
4 0 7.000002e-06 0.45
2 -0.01 0.005587 1
4 0 0.001954 1
4 0 0.0033 1
6 0.01 0.272262 0.91
4 0 0.000149 0.09
4 0 4.000001e-06 1
4 0 4.3e-05 0.09
4 0 0.000694 1
2 -0.01 0.795196 0.07
5 0.0031 2.005552 0.06
5 0.0069 3.222036 1
4 0 0 0.05
4 0 4.000001e-05 1
4 0 0.00011 1
4 0 1e-05 6
4 0 1e-05 1
4 0 0.00056 1
4 0 0.0436 2
4 0 0 1
4 0 9.999996e-06 1
4 0 0.00179 1
4 0 0.57914 1
4 0 0.00021 0.5
4 0 1e-05 0.5
4 0 0.06963 1
4 0 0.00168 1
4 0 1.58549 0.01
4 0 0 1
4 0 0.00043 1
4 0 0.00023 0.5
4 0 0 1
4 0 1e-05 1
4 0 0.00012 1
5 0.005 0.00062 1
2 -0.015 0.00098 0.99
6 0.015 0.00027 1
3 -0.005 0.02738 1
4 0 0.00121 1
2 -0.01 0.05542 1
4 0 0.68289 1
4 0 0 0.91
4 0 0.14524 1
6 0.01 0.0837 1
4 0 1.63431 1
4 0 0.82617 2
3 -0.005 3.94757 4.5
3 -0.005 0.06726 1
6 0.01 3.26905 1
3 -0.0067 0.56474 4
5 0.0041 2.56774 5
3 -0.0074 0.16176 1
6 0.0199 6.12945 0.3
2 -0.0189 0.88009 0.32
5 0.009 1.93567 0.39
3 -0.0099 4.21078 0.14
5 9e-04 1.65487 0.15
6 0.014 2.48689 0.23
3 -0.005 12.79083 1
5 0.01 5.001961 0.3
4 0 0.000528 0.15
3 -0.01 4.533616 1
4 0 4.999994e-06 1
4 0 6.000002e-06 0.99
4 0 0.000868 1
4 0 0 2
4 0 2.000001e-06 0.01
4 0 0.000838 1
2 -0.01 0.701316 1
6 0.01 0.004342 1
3 -0.0019 7.864728 10
3 -0.0081 0.33012 1
5 0.001 20.88503 1
5 0.009 8.34716 2
4 0 0.00025 2
4 0 0.01011 1
4 0 0.00268 1
4 0 0.00324 1
4 0 0.00236 1
3 -0.005 0.01855 1
4 0 0.00374 1
4 0 0.00293 1
5 0.005 0.09549 1
2 -0.01 0.15355 1
6 0.01 3.9997 0.75
4 0 1e-05 1.25
4 0 0.00587 2
2 -0.01 0.0881 1
6 0.01 0.77399 1
4 0 0.80347 1
4 0 3.40418 1
4 0 9.999996e-06 1
4 0 0.00038 1
3 -0.005 0.00053 1
5 0.005 0.00069 1
3 -0.005 0.00101 1
3 -0.005 0.74727 1
5 0.005 4.098768 2
5 0.005 1.249277 2
4 0 3.000001e-06 0.11
4 0 3.000001e-06 2
4 0 1.5e-05 1
4 0 1e-05 1
2 -0.01 5.000002e-06 1
4 0 3.999994e-06 1
4 0 4.000001e-06 1
4 0 4.000001e-06 1
4 0 1e-06 1
4 0 4.000001e-06 0.01
4 0 4.000001e-06 1
4 0 2.999994e-06 2
4 0 3.000001e-06 2
4 0 3.000001e-06 1
6 0.01 7.1e-05 1
2 -0.01 6.999995e-06 1
4 0 7.000002e-06 2.95
4 0 3.000001e-06 1
6 0.01 1e-06 1
4 0 6.000002e-06 1
2 -0.01 3.3e-05 1
4 0 1.1e-05 1
4 0 0 4
6 0.01 1.1e-05 0.1
2 -0.01 2.000001e-06 1
4 0 1e-06 0.01
4 0 4.000001e-06 1
4 0 1e-06 0.01
4 0 6.999995e-06 1
4 0 6.000002e-06 2
4 0 2.2e-05 2
6 0.01 3.3e-05 0.1
4 0 1.2e-05 0.1
4 0 1.9e-05 0.1
4 0 2.9e-05 0.6
4 0 1.1e-05 1
2 -0.01 4.8e-05 1
6 0.01 6.7e-05 0.2
4 0 4.000001e-06 0.2
4 0 0.000287 1
2 -0.01 0 1
4 0 0 2
4 0 0.001232 2
5 0.005 0.001603 1
4 0 0.000287 1
3 -0.005 0.003467 1
4 0 0.135175 0.01
4 0 6.000002e-06 0.99
4 0 0.000378 0.85
4 0 0.000204 0.01
4 0 3.2e-05 1.15
4 0 0.000286 2
3 -0.005 0.002115 1
5 0.005 0.004103 0.01
2 -0.01 0.259105 1
4 0 2.4e-05 1
4 0 0.00121 1
4 0 0.001655 1
4 0 0.000126 1
4 0 0.000459 1
6 0.01 3.303571 1
4 0 4.000001e-06 1
4 0 3e-04 1
6 0.01 0.001969 0.35
2 -0.01 0.000807 1
2 -0.01 0.753166 1
6 0.01 3.584572 1
4 0 0.30846 1
4 0 0.28754 1
4 0 0.00183 1
2 -0.01 2.86661 0.05
5 1e-04 2.09773 0.72
5 0.0099 3.8515 1
4 0 0.00425 0.1
4 0 9.999996e-06 0.1
4 0 2.65704 1
2 -0.01 8.87316 0.9
4 0 9.999996e-06 1
4 0 0 1
4 0 0 1
4 0 1e-05 1
4 0 0 1
4 0 0 1
4 0 9e-05 0.09
4 0 0.00031 1
4 0 1e-05 0.26
4 0 0.00011 1
4 0 9.999996e-06 0.74
4 0 0.00041 1.91
4 0 0 0.01
3 -0.01 7e-05 0.05
4 0 2e-05 0.08
4 0 8e-05 0.04
4 0 0.00025 0.04
4 0 0.00011 0.1
4 0 0.00051 0.05
5 0.01 0.00632 1
4 0 0.00045 1
4 0 5e-05 1
4 0 0.01455 3
4 0 0.01099 1
4 0 0.01066 1
3 -0.01 0.01216 1
4 0 0.00032 1
4 0 0.00405 1
5 0.01 0.10694 1
3 -0.01 14.29137 1
4 0 0.00103 1
4 0 0.00439 1
4 0 0 1
4 0 1e-05 1
4 0 9.999996e-06 1
4 0 0 1
4 0 0 0.08
4 0 1e-04 1
4 0 9.999996e-06 2
4 0 1e-05 1
4 0 9.999996e-06 1
4 0 0.00063 1
4 0 4e-05 0.01
4 0 0 1
5 0.0025 0.00384 1
4 0 6e-04 1
2 -0.0125 0.00131 1
4 0 0.00134 1
4 0 1e-05 1
4 0 0.00012 1
4 0 1e-05 1
4 0 0.00032 1
4 0 2e-05 1
4 0 0.00022 2
4 0 0.00033 0.02
4 0 4.000001e-05 1
4 0 8.999999e-05 1
6 0.0125 0.00067 1
1 -0.0225 1e-04 1
6 0.01 2e-04 1
4 0 0.00116 1
4 0 0.00248 1
4 0 0.00744 1
4 0 0.00058 2
4 0 0 1
4 0 9.999996e-06 1
4 0 0 1
4 0 0.00011 1
4 0 0 1
2 -0.01 0.00292 1.91
7 0.02 0.00077 1
4 0 0.00052 1
4 0 0.00168 1
4 0 0.00036 1
4 0 0.00268 1
4 0 0.00164 1
2 -0.01 0.00292 1.91
2 -0.01 0.08719 1
6 0.01 0.00808 1
4 0 0.00782 1
5 0.0048 0.07225 0.36
2 -0.0148 0.14708 1
4 0 0 1.5
4 0 0 0.2
4 0 9.999996e-06 1
4 0 0 1.3
4 0 0.00499 1
4 0 0.03646 1
4 0 0.00421 1
3 -0.01 7.89437 0.2
5 0.01 2.78032 2
7 0.0368 0.75876 1
4 0 0.00081 1
4 0 0.00061 1
1 -0.0368 15.7169 1
3 -0.003 8.51941 4
3 -0.007 0 2.83
4 0 0.3627 1
6 0.0119 0.09856 10
2 -0.0119 0.70573 1
5 0.01 0.00153 1
3 -0.01 4.5148 0.01
4 0 0.00042 0.39
4 0 0.00115 1
4 0 0.00793 0.99
4 0 0.0127 0.1
4 0 0.00012 0.39
4 0 0.00065 1.5
4 0 0.00414 0.01
4 0 0.39936 0.5
4 0 0 0.5
4 0 0.00032 0.5
4 0 5.5799 2
4 0 0.00236 1
3 -0.002 3.49449 0.47
3 -0.008 6.59631 0.33
5 0.0035 0.00295 0.33
5 0.0065 1.68964 6
4 0 1e-05 0.15
4 0 9.999996e-06 3
4 0 8.000001e-05 0.15
4 0 4e-05 0.15
4 0 6.999999e-05 1
4 0 8.000001e-05 0.7
4 0 3e-04 1
4 0 2e-04 1
3 -0.005 0.0025 1
5 0.005 0.38041 0.7
4 0 1e-05 0.3
4 0 1e-04 0.02
5 0.0019 0.6759 4.65
3 -0.0019 4.16069 0.05
4 0 0.00036 0.68
4 0 0.00049 0.85
4 0 0.00014 0.15
4 0 0.00144 1
4 0 0.29862 0.06
4 0 0.00074 0.94
4 0 0.00167 0.06
5 0.0068 0.54803 2
5 0.0032 6.70863 1
5 0.0026 4.684179 0.27
5 0.0024 1.96906 1
3 -0.005 18.88345 1
4 0 3e-05 1
4 0 9.999996e-06 2
4 0 0.00035 1
4 0 9.999996e-06 1
4 0 3e-05 0.01
3 -0.01 0.0345 1
4 0 1.56234 0.6
5 0.006 0.37251 0.01
3 -0.001 9.35418 1
4 0 0.00036 1
4 0 0.00073 4
5 0.004 0.00554 4
3 -0.009 0.19988 0.99
4 0 0.00079 0.01
5 0.005 17.67433 8
4 0 0.01429 2
3 -0.005 0.44204 0.01
4 0 1e-05 0.99
4 0 0.0026 0.01
5 0.005 6.3209 2
5 0.0013 13.11468 0.5
5 0.0037 0.00043 1
4 0 1e-05 0.85
4 0 9.999996e-06 0.15
4 0 0.00039 1.85
3 -0.01 0.29564 0.13
4 0 0.00014 1
4 0 0.00055 0.01
5 0.005 0.55333 1
4 0 0.00622 1
5 0.0015 3.48733 10
5 0.0027 18.01348 0.16
5 8e-04 0.00286 0.16
3 -0.005 2.5283 1
5 0.0048 0.42884 0.18
3 -0.0048 1.03838 1
4 0 0.00097 4
3 -0.003 0.00676 5
5 0.003 0.14509 2
3 -0.005 19.87329 1
4 0 1e-05 1
4 0 0 1
4 0 1e-05 1
4 0 0 1
4 0 0 1
4 0 3e-05 1
4 0 0.00011 1
4 0 0 1
4 0 0 1
4 0 1e-05 1
4 0 6e-04 0.75
2 -0.01 0.0168 1
4 0 1e-04 1
4 0 0.00093 2
4 0 0.00062 1
4 0 0 0.2
4 0 0.00067 0.05
4 0 1e-05 0.15
4 0 0.00072 0.8
5 0.0058 2.101361 6.1
3 -0.0058 9.830899 0.02
4 0 0.00013 0.83
4 0 0 1
4 0 0 1
4 0 9.999996e-06 1
4 0 0 1
4 0 4.000001e-05 1
4 0 0 3
4 0 0.00014 1.54
5 0.005 0.00215 1
2 -0.015 0.00073 1
4 0 0.03473 1
5 0.01 14.24722 0.01
4 0 1.63022 1
4 0 1.02489 1
4 0 0 1
4 0 0.00033 1.99
4 0 3e-05 1.99
4 0 6e-05 1.01
4 0 9.999996e-06 0.98
4 0 2.000001e-05 1.02
4 0 0.00049 1
3 -0.01 0.00144 1
5 0.01 0.11142 1
4 0 0.0201 1
5 0.005 8.42891 2
5 0.005 4.41403 2
4 0 0.00011 1
4 0 0 1
4 0 0.00038 1
4 0 0 1
2 -0.01 0.00367 1
4 0 0.00032 1
4 0 0.00031 1
6 0.01 0.09653 1
4 0 5e-05 1
4 0 9.999996e-06 1
2 -0.01 0.00201 1
4 0 0.00081 1
4 0 0.00017 1
4 0 0.6061 0.03
4 0 0.05167 0.97
4 0 0.00066 1
4 0 0 0.03
4 0 7.36904 1
5 0.0099 7.94126 0.02
3 -0.0099 1.06595 0.6
6 0.01 4.3409 1
2 -0.01 5.172187 1
4 0 2.000001e-06 0.22
5 0.0049 0.720326 1.5
5 0.0051 2.501755 1
2 -0.01 16.09008 0.01
4 0 1e-05 0.04
5 0.008 10.14804 0.47
3 -0.002 4.80992 0.09
5 0.001 1.80331 0.1
3 -0.0069 3.21668 1.5
5 0.0099 0.0026 1
2 -0.01 0.80315 1
6 0.01 4.02242 1
2 -0.01 1.56411 0.01
4 0 4.04948 0.05
4 0 0.00029 0.05
4 0 0.00061 0.15
4 0 0.00038 0.01
4 0 0 0.18
4 0 7e-05 0.32
4 0 0.00037 0.02
4 0 0.00028 0.05
4 0 0.00032 0.05
4 0 0.00054 0.1
4 0 0.00055 0.05
4 0 0.00185 0.05
4 0 0.00409 0.02
4 0 0.00048 0.02
6 0.0102 0.30183 1
4 0 2e-04 1
3 -2e-04 2.9247 0.1
2 -0.01 1.463738 0.82
4 0 4.000001e-06 1
4 0 4.000001e-06 1
4 0 5.999995e-06 1
4 0 3.000001e-06 1
4 0 3.000001e-06 0.18
4 0 8.000003e-06 0.82
4 0 0.000174 0.03
4 0 4.999994e-06 0.97
4 0 1e-06 3
4 0 8.000003e-06 1
4 0 8.1e-05 0.03
4 0 1.5e-05 0.01
4 0 0.000163 1
4 0 0.000431 0.37
4 0 4.2e-05 1
4 0 0 1
4 0 1e-06 0.01
4 0 0.056844 1
4 0 0.000184 1
3 -0.005 0.374354 1
3 -0.005 0.025667 1
4 0 0.000298 1
5 0.005 0.023336 6
3 -0.005 0.795291 1
4 0 4.292033 1
5 0.01 0.958304 1
4 0 4.999994e-06 1
4 0 1.299061 1
3 -0.01 17.24389 1.01
4 0 0.00427 1
4 0 2e-05 1
4 0 0 0.09
4 0 2.000001e-05 0.91
4 0 0 1
4 0 8.999999e-05 1
4 0 1e-05 1
4 0 2e-05 1
4 0 0.00069 3
4 0 0 1
2 -0.01 0.02277 1
4 0 0 0.48
4 0 6.000001e-05 0.72
4 0 0.00074 1
4 0 0.00027 1
6 0.01 0.40747 1
2 -0.01 0.33851 2
5 0.005 6.56146 1
3 -0.005 2.34812 1
4 0 0 0.11
4 0 1.37869 1
4 0 0.00023 1
4 0 0.00033 2
4 0 6e-05 1
4 0 7e-05 0.55
4 0 0 1
4 0 9.999996e-06 0.45
4 0 8.000001e-05 0.55
4 0 0 1
4 0 9.999996e-06 1
4 0 0 1
4 0 1e-05 0.45
4 0 0.00015 1.55
4 0 9.999996e-06 0.01
4 0 0.00011 1
4 0 9e-05 2
4 0 0.00043 1
2 -0.01 0.00154 0.36
4 0 1e-05 1
4 0 0 1
4 0 9.999996e-06 0.64
4 0 0.00241 0.25
4 0 1e-05 0.75
4 0 0.34642 0.36
4 0 9.999996e-06 0.64
4 0 0.00082 1
4 0 0.00144 0.36
4 0 0.00046 1
4 0 2.66102 1
3 -0.01 18.41632 0.13
5 0.01 1.263042 1
4 0 2.00957 0.2
3 -2e-04 10.55133 0.3
3 -0.0078 1.16513 0.83
3 -0.002 0.11269 1
5 0.0058 1.21474 2
3 -0.0058 3.80851 0.11
5 0.01 4.01648 1.56
4 0 0.00012 4
4 0 0.00017 1
4 0 2e-05 0.44
4 0 0.00031 1
3 -0.01 0.00096 0.03
4 0 0.00082 1
4 0 0.78962 1
4 0 9.62185 1
4 0 0 1
4 0 8.000001e-05 2
4 0 0.01697 1
4 0 0 1
4 0 0 1
4 0 1e-05 1
4 0 0.00076 0.13
4 0 1e-05 1.39
4 0 9.999996e-06 1
4 0 0.00024 1
2 -0.01 0.20151 1
6 0.01 3.5193 1
3 -0.0064 0.89838 0.48
5 0.0064 18.78213 0.4
3 -1e-04 1.82903 1.89
5 1e-04 1.520455 1
4 0 3.07e-05 2
4 0 2.299996e-06 2
4 0 2.300003e-06 1
4 0 6.900002e-06 0.05
4 0 3.699999e-06 0.07
4 0 0.0003233 1
4 0 2.989999e-05 1
4 0 1.08e-05 1
4 0 0.0005234 0.47
4 0 2.699999e-06 0.53
4 0 0.5977592 1
5 0.001 3.348322 0.02
5 0.0089 10.27985 1
5 1e-04 3.00636 1
4 0 0 1
4 0 0.00033 1
4 0 9.999996e-06 1
4 0 0 1
4 0 4.000001e-05 1
4 0 0.00053 1
4 0 0 1
6 0.01 12.96287 0.24
3 -0.0061 5.92771 0.03
3 -0.0039 2.04513 0.4
4 0 5.00889 0.25
5 0.0032 2.42606 2.1
5 0.0068 1.19383 1
2 -0.01 3.14274 1
4 0 9e-05 1
4 0 0.00042 1
6 0.01 9.747817 0.2
4 0 12.70818 1
4 0 0.05416 1
4 0 0.01471 3
2 -0.01 0.07247 1
4 0 0.00892 0.18
4 0 0.41616 1
4 0 0.00403 0.96
4 0 0 1
4 0 1e-05 1
4 0 0 1
4 0 0 1
5 0.005 1e-05 1
3 -0.005 0 0.8
4 0 9.999996e-06 1
4 0 1e-05 1
4 0 8e-05 0.01
4 0 3e-05 1
4 0 6.000001e-05 0.04
4 0 9.999996e-06 0.2
4 0 0.00034 1
4 0 1e-05 0.01
4 0 9.999996e-06 1
4 0 1e-05 0.88
4 0 1e-05 0.12
4 0 0.00026 0.96
4 0 0.00026 0.04
5 0.005 0.00568 1
3 -0.005 0.00065 0.03
4 0 0.00222 1
4 0 0.00205 0.01
4 0 0.0016 0.01
3 -0.01 0.3671 0.33
4 0 1e-05 0.67
4 0 0.00077 1
4 0 2.57143 1
4 0 0.00025 0.33
4 0 0 0.87
4 0 0.00085 2
5 0.01 0.32092 1
4 0 0.51764 1
4 0 4.6108 1
4 0 0.00018 1
4 0 1e-05 0.46
4 0 8e-05 2
4 0 9.999996e-06 0.54
4 0 2.000001e-05 1
4 0 0 2
4 0 6e-05 1
4 0 3e-05 1
3 -0.0022 3.67084 0.93
6 0.0122 19.50242 1
4 0 9.999996e-06 1
4 0 0 1
4 0 5e-05 0.15
4 0 1e-05 0.2
4 0 8.999999e-05 1.65
6 0.01 0.00031 0.25
4 0 0.00018 0.11
4 0 0.00072 0.15
4 0 0.00017 0.1
4 0 0.00017 0.05
4 0 0.00074 2
4 0 9.999996e-06 1
4 0 0 0.93
4 0 7e-04 1.96
2 -0.01 0.00257 1
6 0.02 10.83396 0.26
3 -0.01 3.06196 1
5 0.0086 1.282686 7.5
5 0.0014 4.531716 1
4 0 0.000194 1
4 0 8.200001e-05 1
5 0.0099 1.556376 1.15
5 1e-04 0.000396 0.67
4 0 0.000107 0.16
4 0 0.000625 0.5
3 -0.005 3.222786 3
5 0.005 1.036572 0.05
5 0.005 0.38292 0.05
4 0 2.02068 2
5 0.005 1.63405 1
4 0 0.99687 1
4 0 5e-05 1
4 0 9e-05 1
4 0 0.00283 1
4 0 0.01806 0.1
4 0 1e-05 0.1
4 0 0.00037 1
6 0.01 7.8768 1
2 -0.01 0.21267 1
4 0 0.00173 1
6 0.01 2.78773 1
4 0 0.10344 1
6 0.01 4.53589 1
4 0 1.80658 0.05
5 0.01 2.02236 0.1
6 0.01 5.14809 0.2
4 0 4.000001e-05 1
4 0 11.07499 3
4 0 0.10884 3
4 0 0.15156 1
4 0 2.32228 1
4 0 0.00012 1
4 0 9.999996e-06 1
4 0 0 1
4 0 0 2
4 0 1e-05 2
4 0 0 2
4 0 1e-05 1
4 0 0.00021 1
4 0 9.999996e-06 1
4 0 0 0.01
4 0 2e-05 1
4 0 0.00055 1
4 0 0 2
4 0 0 0.01
4 0 4e-05 0.29
4 0 4e-05 0.71
2 -0.01 0.00042 0.05
6 0.01 0.01073 1
4 0 0.00802 0.01
2 -0.01 0.79001 1
4 0 0.00525 2
4 0 1e-05 1
4 0 9.999996e-06 1
3 -0.01 0.00082 1
4 0 1e-05 1
4 0 0 1
4 0 0.00035 1
4 0 0.00055 1
4 0 4e-05 1
2 -0.01 0.07296 1
4 0 0.72452 1
4 0 0.00037 0.1
4 0 0.00065 0.9
2 -0.01 0.38356 0.2
4 0 0.44532 1
1 -0.0272 1.03561 1
4 0 0.00176 1
7 0.0272 5.960469 0.1
6 0.01 1.231919 5.49
2 -0.01 1.858447 0.5
4 0 7.000002e-06 0.2
6 0.01 6.483178 2
4 0 9.999996e-06 1
2 -0.01 0.61061 1
7 0.02 2.65697 0.05
3 -0.0078 15.17386 0.15
5 0.0078 2.04623 1
4 0 2e-05 0.5
4 0 9.999996e-06 1.14
4 0 0 0.86
4 0 1e-05 0.2
4 0 0.00035 1
4 0 2e-05 0.47
4 0 7e-05 0.53
4 0 0.00045 0.94
2 -0.01 4e-05 1
6 0.01 0 0.06
4 0 0 0.94
4 0 3e-05 0.06
4 0 0.2411 1
4 0 0.44585 1
5 0.005 0.5669 1
6 0.015 9.15145 2
4 0 5e-05 1.5
4 0 0 0.91
4 0 1e-05 1.09
4 0 0.00041 1
6 0.01 6.18079 1
4 0 3e-05 0.5
4 0 1e-05 0.1
4 0 0.00014 1
4 0 2.000001e-05 1
5 0.01 3.40121 1
4 0 0.09684 1
6 0.01 0.0014 0.38
2 -0.02 2.03458 1
4 0 1e-05 1
4 0 0 1
4 0 0.00022 2
2 -0.01 3.44853 0.01
5 0.0081 1.368404 2
3 -0.0031 8.741558 0.02
5 0.007 0.498392 0.5
3 -0.0042 0.246853 0.05
5 0.0022 9.350903 13.07
4 0 5.02922 1
4 0 0 1
2 -0.01 1.82708 1
4 0 0.00372 0.3
4 0 1e-04 1
4 0 2e-05 1
4 0 0.00016 0.1
4 0 0.00012 0.09
4 0 0.00079 0.5
4 0 1e-04 0.1
4 0 9e-04 0.1
4 0 0.63677 0.5
4 0 0 0.5
5 0.005 0.0013 1
5 0.005 3.53658 1
4 0 10.27173 1
4 0 0.24634 1
4 0 0.20739 1
4 0 1.43316 3
4 0 5.73593 1
4 0 9.999996e-06 0.5
4 0 0.00088 2.5
4 0 5.19256 1
4 0 0.00011 1
4 0 2e-05 0.1
4 0 9.999996e-06 0.1
4 0 4.000001e-05 0.8
4 0 0 0.2
4 0 9.999996e-06 0.8
4 0 0 0.01
4 0 1e-05 0.01
4 0 0 0.18
4 0 9.999996e-06 0.82
4 0 0 0.18
4 0 1e-05 0.1
4 0 0 0.1
4 0 9.999996e-06 0.1
4 0 0.00041 0.52
4 0 0.3731 1
4 0 0.67178 0.1
5 1e-04 1.8495 0.5
3 -1e-04 0.00624 0.26
5 0.01 3.14594 0.24
4 0 18.00041 1.5
4 0 9.999996e-06 1
4 0 0 1
4 0 0.00034 1
3 -0.01 11.11366 0.9
4 0 1e-05 1
4 0 0 1
4 0 9.999996e-06 1
4 0 0.00016 1
4 0 0 1
4 0 3e-05 0.5
4 0 1e-05 1
4 0 9.999996e-06 1
4 0 1e-04 1
4 0 9.999996e-06 0.01
4 0 4e-04 0.59
4 0 4e-04 0.41
4 0 0 1
2 -0.01 0.52269 1
4 0 4e-05 1
6 0.01 0.78296 1
3 -0.0099 0.8858 0.6
6 0.0102 16.29704 3.1
2 -0.0103 0.47799 0.2
4 0 10.27621 1
4 0 0.00021 1
4 0 9.999996e-06 1
4 0 0 1
4 0 1e-05 1
4 0 0 1
4 0 1e-04 1
4 0 1e-04 1
4 0 1e-05 1
4 0 8e-04 0.9
4 0 0.00081 1
4 0 4e-05 1
4 0 0.00053 0.59
2 -0.01 0.00044 0.11
4 0 0.00679 0.2
4 0 7e-05 0.08
6 0.01 0.00149 1
2 -0.01 0.01067 0.05
4 0 0.7518 1
4 0 0.00117 1
6 0.01 0.75301 1
4 0 0 1
4 0 0.00161 1
4 0 0.71159 1
4 0 0.7873658 0.15
4 0 20.95489 1
2 -0.01 0.01252 1
5 0.007 0.00222 1
3 -0.007 0.00864 1
5 0.007 0.00375 1
3 -0.007 0.00148 1
4 0 0.00094 1
4 0 0.00507 1
4 0 0.00082 1
4 0 1e-05 0.04
5 0.007 0.00151 1
4 0 0.01417 1
3 -0.007 0.37802 0.96
4 0 0 0.01
4 0 0.00016 0.95
4 0 1e-05 1
4 0 0.00049 1
4 0 9e-05 2
3 -0.01 3e-05 0.8
4 0 3e-05 0.2
4 0 0.00058 0.1
4 0 0.18133 1
4 0 0.00092 1
4 0 0.00715 1
4 0 6e-04 1
4 0 9.999996e-06 1
4 0 0 1
4 0 0 1
5 0.005 0.00102 1
2 -0.015 0.82057 1
6 0.02 0.14509 1
3 -0.01 0.81373 1
2 -0.01 5.77679 0.1
6 0.01 6.22887 1
4 0 11.02834 1
4 0 1e-05 1
4 0 0 0.89
4 0 0.0013 0.69
4 0 0.00032 1
4 0 4.000001e-05 0.01
4 0 0.0012 0.1
4 0 6e-04 1
4 0 0.42502 1
5 0.0031 2.5924 0.3
3 -0.003 0.98412 1
3 -1e-04 0.01599 2
4 0 0.03455 0.1
4 0 0.00014 1
5 0.009 6.82763 0.1
3 -0.009 1.78398 0.01
2 -0.01 0.01988 1
5 0.001 0.6482744 0.11
3 -0.001 0.1711887 1
6 0.01 0.557391 1
2 -0.01 0.2183539 1
4 0 0.960685 1
2 -0.01 0.145865 0.01
4 0 4.000001e-06 0.99
4 0 0.74497 1
4 0 5.9e-05 1
4 0 0.010739 0.01
4 0 0.001148 1
3 -0.01 6.999995e-06 1
4 0 2.7e-05 0.19
4 0 0.001119 0.81
4 0 4.000001e-06 0.19
4 0 0.591342 1
5 0.01 6.646923 1
4 0 0.00278 0.05
4 0 0.00081 0.95
4 0 0.00016 0.05
5 0.0099 3.352 0.5
3 -9e-04 3.12745 1
2 -0.0189 0.07865 0.29
3 -1e-04 5.60633 0.25
6 0.02 2.57652 1
4 0 9.999996e-06 1
4 0 0 1
4 0 0.00015 1
7 0.03 37.01788 0.41
4 0 2.009177 1
4 0 0.000941 1
6 0.0199 28.7993 0.05
3 -0.0099 7.77375 2
5 0.01 6.05953 0.3
2 -0.02 0.36039 1
4 0 1e-05 1
6 0.01 0.0039 1
2 -0.01 0.0013 1
4 0 3e-05 0.01
4 0 0.02811 0.01
4 0 0.012 0.01
4 0 0.01461 0.99
4 0 0 0.01
2 -0.01 0.62224 1
4 0 0.00046 1
6 0.01 4.30845 0.71
2 -0.01 3.2495 0.2
6 0.016 0.90107 0.42
5 0.0029 6.526416 0.62
5 0.0011 6.518949 1
2 -0.014 11.41135 0.07
5 0.004 8.69174 2
4 0 0 2
4 0 1e-05 2
4 0 0 1
4 0 9e-05 1
4 0 1e-04 2
4 0 9.999996e-06 1
4 0 1e-05 1
4 0 0 1
4 0 1e-05 1
4 0 2e-05 1
4 0 6e-05 1
4 0 3e-04 1
4 0 5e-05 1
4 0 0.00072 1
2 -0.01 0.34889 1
4 0 0.00038 1
4 0 4.15465 1
4 0 0.00136 0.9
4 0 3.1043 0.23
4 0 0.26112 0.1
4 0 0 1
4 0 1e-05 0.9
4 0 0.00013 1
4 0 9.999996e-06 0.01
4 0 4e-05 1
4 0 1e-05 2
4 0 0.00062 0.01
4 0 0.65877 1
3 -0.01 0.03483 1
5 0.01 2.09489 1
4 0 0.86985 1
4 0 1.30672 0.98
4 0 0.00323 0.02
3 -0.01 15.85492 0.06
5 0.01 0.60171 1
4 0 0.00034 0.24
4 0 2.000001e-05 0.24
4 0 4e-05 0.24
4 0 3e-05 0.09
4 0 0.00049 1
4 0 0 1
4 0 0.00287 1
4 0 0 0.43
4 0 0.00023 1
4 0 0.01878 1
3 -0.01 8.993707 0.92
5 0.0076 3.357453 0.19
3 -0.0076 16.61868 0.05
4 0 0.00013 0.05
4 0 0.00043 0.25
4 0 0.00063 0.12
4 0 0.00039 0.08
4 0 0.00044 0.05
4 0 9e-04 0.05
4 0 0.00277 0.05
4 0 0.00166 0.05
4 0 0.03186 1
4 0 0 1
4 0 0 1
4 0 1e-05 1
4 0 0 0.25
4 0 9e-05 0.4
4 0 0.00028 0.29
4 0 3e-04 0.02
4 0 0.17015 0.48
4 0 0 0.52
4 0 0.22783 0.24
4 0 4e-05 0.24
4 0 0.25195 0.06
4 0 0.24248 0.08
4 0 0.09702 0.75
4 0 0 1
4 0 3e-05 0.92
4 0 3e-04 1
5 0.005 2e-05 1
3 -0.005 3e-05 1
3 -0.0029 0.73642 3
3 -0.0071 0.05968 1
4 0 10.63047 1
4 0 0 1
4 0 0 0.3
4 0 2e-05 1
4 0 0.5555 1
4 0 4.95443 1
4 0 9.999996e-06 1
4 0 0 1
4 0 1e-05 1
4 0 0.00021 1
4 0 0.00073 0.01
2 -0.01 0.02378 0.2
4 0 1e-05 1
4 0 0 1
4 0 0.00077 1
4 0 0.25832 1
4 0 0.00075 1
4 0 0.00014 1
4 0 9.999996e-06 1
4 0 3e-05 1
4 0 9.999996e-06 1
4 0 8e-04 2
3 -0.01 0.80457 1
5 0.01 5.75432 1
4 0 1e-05 1
4 0 0 1
4 0 0.00015 1
4 0 0.00012 0.25
7 0.0304 0.07898 1
4 0 0.00019 1
4 0 5e-04 1
1 -0.0204 0.02135 2
4 0 0.00052 2
4 0 16.89167 1
4 0 0.020751 0.1
4 0 3.999994e-06 0.1
4 0 0.000158 0.1
5 0.003 3.807978 1.25
3 -0.003 2.38127 1
4 0 12.32819 0.01
5 1e-04 21.83179 0.14
3 -1e-04 0.57237 2
4 0 0.00023 0.1
4 0 0 0.9
4 0 1e-05 1
4 0 9.999996e-06 1
4 0 0.0518 1
4 0 0.14983 1
5 0.009 3.49475 0.35
5 0.001 6.559456 0.05
4 0 0.0003173 1
4 0 0.0007069 1
5 0.01 11.42196 1
4 0 0.00018 2
6 0.01 2.90592 0.15
2 -0.014 3.3849 0.14
5 0.004 3.5906 1
6 0.01 17.31234 0.85
4 0 0 0.3
4 0 3e-05 0.7
4 0 0 2
4 0 2e-05 0.2
4 0 0.00034 1
4 0 3e-05 1
4 0 6.05302 0.5
6 0.01 3.6091 1
4 0 1.72425 1
4 0 9.999996e-06 1
4 0 0 1
4 0 0 1
4 0 1e-05 0.02
4 0 0.00086 1.98
4 0 0.00048 0.02
1 -0.0209 1.19791 1
4 0 0.00095 1
4 0 0.00177 1
6 0.0119 0.57133 1
6 0.02 17.48297 0.27
2 -0.02 3.365393 0.1
6 0.019 7.02164 1
2 -0.0159 4.17691 0.81
6 0.0159 1.28943 0.04
2 -0.0132 4.5153 4
6 0.0132 3.61089 1
4 0 0.00376 1
4 0 6.000001e-05 1
3 -0.01 3.81252 1
4 0 0.00028 1
4 0 0.00037 1
4 0 0 1
4 0 0 1
4 0 2e-05 1
4 0 7e-05 1
4 0 6e-05 1
4 0 0.0034 1
2 -0.01 0.00185 0.97
4 0 0.29458 0.03
4 0 0.00064 0.97
4 0 0.00229 0.03
4 0 11.08708 0.78
5 0.001 3.09264 0.44
5 0.009 11.18105 1.39
4 0 0 1
4 0 3e-05 0.61
4 0 4.000001e-06 0.07
4 0 0.000678 0.45
4 0 0.000241 0.55
5 0.01 0.029816 1
4 0 7.3e-05 0.01
4 0 6.553724 1
4 0 0.355726 0.99
4 0 0 0.5
4 0 0.00087 0.51
4 0 8.000001e-05 0.49
4 0 2.59559 0.01
5 0.0099 0.81311 0.75
5 1e-04 5.35749 0.2
4 0 1.00172 0.14
4 0 0 0.86
2 -0.01 4.15322 1
4 0 0.003 0.4
4 0 3.41191 0.78
4 0 0.00039 0.86
4 0 0.0024 1
6 0.01 0.40442 1
4 0 0.36914 1
3 -0.005 5.28307 1.14
5 0.005 7.6043 1
4 0 3.24788 0.01
4 0 9e-05 0.01
4 0 6e-05 0.01
4 0 3.71024 0.77
4 0 2e-05 0.23
4 0 0.00013 0.77
4 0 0.00117 1
4 0 1e-05 1
4 0 0 1
3 -0.0052 1.64098 1.3
3 -0.0048 6.80439 0.21
5 0.0036 0.00187 0.21
4 0 0.00065 0.64
3 -0.0036 8.975375 0.01
4 0 3.000001e-06 0.69
4 0 6.999999e-05 0.14
4 0 6.000002e-06 0.26
4 0 6.000002e-06 0.3
4 0 3.000001e-06 0.31
4 0 4.000001e-06 0.39
4 0 0.000946 0.44
4 0 4.999994e-06 1.26
4 0 0.001357 0.1
4 0 2.4e-05 0.1
4 0 0.000108 0.1
4 0 0.00017 0.1
5 0.005 0.0029 1
3 -0.005 0.000378 1
4 0 1.2e-05 0.51
4 0 4.000001e-06 1
4 0 3.000001e-06 1
4 0 4.000001e-06 1
4 0 2.999994e-06 1
4 0 3.000001e-06 1
4 0 5.000002e-06 1
4 0 3.000001e-06 1
4 0 4.9e-05 0.26
4 0 1.1e-05 2
4 0 2.000001e-06 0.44
4 0 3.000001e-06 1
4 0 3.000001e-06 1
4 0 5.2e-05 0.74
4 0 1.600001e-05 2
4 0 0.000106 0.1
4 0 0.000438 0.5
4 0 3.000001e-06 1
4 0 4.2e-05 1.22
4 0 0 0.01
4 0 1e-06 1
4 0 0 1
4 0 1.5e-05 1
3 -0.01 0.000227 1
4 0 0.000242 0.1
5 0.01 0.006969 0.01
3 -0.01 0.001594 0.1
5 0.01 0.002317 0.01
4 0 0.000193 1
4 0 0.014052 0.01
3 -0.01 0.03429 1
4 0 0.000599 1
4 0 1e-06 0.2
4 0 0.036842 0.2
4 0 0.000651 0.1
5 0.01 0.054375 0.26
3 -0.01 0.212812 0.05
4 0 0.142159 0.25
4 0 0.012655 0.54
4 0 6.1e-05 0.46
4 0 7.000002e-06 0.01
2 -0.01 8.377821 1
4 0 0.00063 1
4 0 0.00037 1
4 0 0 1
4 0 9.999996e-06 3
4 0 0 1
4 0 0.00413 0.65
4 0 0.00588 1
4 0 0.66681 0.85
3 -0.0028 2.01357 0.25
3 -0.0072 5.69027 0.3
5 4e-04 0.32464 1.8
5 0.0053 1.66498 0.38
3 -0.0057 2.55215 0.48
6 0.01 16.38705 0.47
4 0 0.27492 0.15
4 0 1.27839 1
1 -0.0322 1.15314 157.5
7 0.0222 2.75799 0.03
6 0.01 7.42415 1
6 0.01 8.277708 1
4 0 0.000369 2
4 0 5.000002e-06 0.05
4 0 2.4e-05 0.2
4 0 5.000002e-06 1
4 0 1.6e-05 1
4 0 0.000118 2
4 0 0.000566 0.2
5 0.01 0.02794 1
6 0.011 7.626319 0.98
5 0.0089 0.00272 0.98
4 0 13.47951 1.35
2 -0.0199 18.64681 0.03
7 0.02 12.62189 0.53
2 -0.01 0.18914 1
4 0 8e-05 1
4 0 0.00029 1
4 0 0.00043 1
4 0 0.00127 1
5 0.005 0.0322 1
3 -0.005 3.500134 1
2 -0.01 0.931264 0.01
4 0 1.5e-05 0.09
4 0 0.000614 0.1
4 0 0.00015 0.1
6 0.01 0.000444 1
4 0 4.000001e-06 1
4 0 4.999994e-06 1
4 0 3.5e-05 1
2 -0.01 2.9e-05 0.1
6 0.01 0.000142 1
4 0 4.999994e-06 1
4 0 6.000002e-06 0.1
4 0 6.000002e-06 0.1
4 0 0.000322 0.1
4 0 0.000749 0.1
4 0 0.000135 0.1
4 0 0.00407 0.7
4 0 1.4e-05 1
4 0 3.000001e-06 1
4 0 8.999996e-06 1
4 0 5.329908 1
4 0 4.6e-05 0.55
3 -1e-04 0.776535 0.03
5 1e-04 2.251916 1
2 -0.01 6.13976 1
4 0 1.45619 1
4 0 0 1
4 0 1e-05 1
4 0 0 1
4 0 9.999996e-06 1
4 0 0 1
4 0 1e-05 1
4 0 0 1
4 0 9.999996e-06 1
4 0 0 0.04
4 0 0 0.99
4 0 2e-05 0.01
4 0 0 0.04
4 0 7e-05 0.96
4 0 3e-05 1
4 0 0 0.61
4 0 0 0.01
4 0 9.999996e-06 1
4 0 0 2
4 0 1e-05 1
4 0 0 1
4 0 0.00056 1
4 0 8e-05 1
4 0 0.00045 1
4 0 0.00653 2
3 -0.01 0.1708 2
4 0 1e-05 2
4 0 0 1
4 0 0 1
4 0 9.999996e-06 1
4 0 0 1
4 0 0 1
4 0 0.00038 0.01
4 0 0.11604 1
2 -0.01 2.07951 1
4 0 9.999996e-06 1
4 0 0 0.14
4 0 2.000001e-05 0.86
4 0 9.999996e-06 1
4 0 0.00036 1
4 0 0.00056 1
4 0 0 1
3 -0.0067 6.39677 7.12
3 -8e-04 1.64246 10.12
5 0.0075 0.01398 1
2 -0.01 0.21698 0.65
5 0.005 2.10244 0.24
3 -0.005 0.42132 1
6 0.01 0.74919 1
4 0 4e-04 1
6 0.01 0.00034 1
4 0 1.8217 0.39
2 -0.01 1.65084 1
6 0.01 5.01424 1
2 -0.016 11.66424 1
3 -0.0015 12.39696 0.22
5 0.0075 0.933215 1
2 -0.01 14.28573 625
4 0 13.3537 1
6 0.01 1.21226 1
6 0.01 0.03818 0.04
4 0 1e-05 0.96
4 0 0.04535 1
3 -0.0032 6.80743 0.66
3 -7e-04 10.17996 0.75
3 -0.0061 2.98411 1
5 0.005 6.349966 1.93
5 0.005 0.6434768 0.17
3 -0.0036 4.012894 2
3 -0.0064 0.611884 0.84
6 0.01 0.580257 17
3 -0.0061 13.9833 0.26
3 -0.0039 0.37575 0.11
5 0.0063 12.82084 3
5 0.0037 4.14901 1
4 0 0.36704 0.04
4 0 0 0.96
4 0 0.97862 1
4 0 24.19823 0.04
4 0 4.000001e-06 0.96
4 0 2.799999e-05 0.04
4 0 4.000001e-06 1
4 0 4.000001e-06 0.92
4 0 3e-05 0.08
4 0 4.000001e-06 1
4 0 6.999995e-06 0.2
4 0 5.000002e-06 1
4 0 5.000002e-06 3.2
4 0 3.3e-05 1.28
4 0 0.000257 0.52
4 0 2.1e-05 1
4 0 8.000003e-06 0.05
4 0 0 1
4 0 4.000001e-06 1
4 0 4.000001e-06 1
4 0 2.799999e-05 1
4 0 9.000003e-06 0.48
4 0 9.999996e-06 0.78
4 0 0.000309 0.1
4 0 1.8e-05 0.1
4 0 2.9e-05 0.1
3 -0.005 0.000106 1
5 0.005 0 1
4 0 3.8e-05 1
4 0 0.028659 1
4 0 0.029586 0.14
5 0.01 7.41996 1
4 0 3.39527 0.32
4 0 1.32643 1
4 0 0.39312 1
3 -1e-04 7.99315 1
5 1e-04 1.50063 0.5
4 0 1e-05 0.01
4 0 0 1
4 0 9.999996e-06 1
4 0 0 0.49
4 0 0.00012 0.51
4 0 0.02725 1
6 0.01 27.23182 1
4 0 1.7508 0.15
2 -0.01 0.34451 0.95
5 0.0082 7.361083 1.8
5 0.0018 1.110114 0.01
3 -0.005 0.176373 1
3 -0.005 6.51451 0.03
4 0 4.96976 0.1
5 0.0037 0.9613 0.32
5 0.0063 3.32502 0.33
4 0 9.999996e-06 1
4 0 0 0.67
4 0 0.00024 0.8
4 0 1e-05 0.2
4 0 9.999996e-06 3.33
4 0 1e-05 1
4 0 5e-05 2
4 0 4e-05 0.8
4 0 3e-05 1
6 0.01 0.07727 1
4 0 0.00047 0.1
4 0 2e-05 1
4 0 0.02871 1
4 0 1.96798 0.48
4 0 0 2
4 0 1e-05 0.52
4 0 2e-05 0.48
3 -0.005 0.00783 1
5 0.005 0.0554 1
4 0 0.11376 0.92
4 0 1.20427 0.2
4 0 0 0.8
4 0 1.35527 1
4 0 0.00133 1
4 0 0.22407 0.08
4 0 2e-05 1
5 0.01 0.52758 1
3 -0.0039 5.57074 0.79
3 -0.0061 4.88645 2
4 0 9.999996e-06 1
4 0 9e-05 2.92
4 0 1e-05 1
4 0 0 1
4 0 0 1
4 0 9.999996e-06 0.97
4 0 0 0.48
4 0 1e-05 0.03
4 0 0 0.97
4 0 4e-05 0.03
4 0 0 0.52
4 0 0 0.01
4 0 2e-05 0.01
4 0 0 0.99
4 0 3e-05 0.01
4 0 0.00019 1
4 0 9.999996e-06 1.29
5 0.005 6.000001e-05 1
3 -0.005 0 0.71
4 0 9.999996e-06 1
4 0 0 1
4 0 1e-05 1
4 0 0 1
4 0 9.999996e-06 0.08
4 0 0 1.08
4 0 1e-04 1.92
4 0 2e-05 0.92
4 0 8.999999e-05 0.1
4 0 2.000001e-05 1
4 0 0.00028 2
4 0 0 2
4 0 0 0.45
4 0 3e-05 1.55
4 0 0.00039 1
2 -0.01 0.00073 1
4 0 0 1
4 0 0 1
4 0 1e-05 1
4 0 0 2
4 0 9.999996e-06 1
4 0 0 1
4 0 1e-05 1
4 0 0 1
4 0 0 2
4 0 9.999996e-06 1
4 0 0 1
4 0 0.00036 0.53
4 0 0 0.46
4 0 1e-05 1
4 0 2e-05 2
4 0 1e-05 0.5
4 0 2e-05 0.04
4 0 9.999996e-06 1
4 0 0.00033 1
2 -0.01 4e-04 1
7 0.02 0.0027 1
2 -0.01 0.00146 0.01
4 0 0.00203 1
4 0 0.00163 0.01
4 0 0.00416 1
4 0 0.00724 1
6 0.01 0.00598 1
2 -0.01 0.41321 0.72
6 0.01 0.80405 0.28
1 -0.02 4.56088 1
4 0 1.01019 1
4 0 0 1
4 0 1e-05 0.91
4 0 3e-05 0.09
4 0 1e-05 0.1
4 0 0 0.09
4 0 9.999996e-06 1
4 0 0.00087 0.01
4 0 0 0.01
4 0 4e-05 1
5 0.005 0.00104 1
3 -0.005 0.07249 1
4 0 0.68983 0.1
4 0 1.39666 1
5 0.0021 1.13351 4.99
3 -0.0031 0.19188 1
3 -0.0039 0.00063 1.84
5 0.0049 9.95031 1
4 0 0.04684 0.9
4 0 0.00154 1
4 0 1.87292 0.1
3 -0.01 1.45018 0.12
5 0.01 5.582852 0.03
4 0 2.2986 1
4 0 3.632838 1
6 0.01 5.75164 1
4 0 1.41617 0.55
4 0 9.999996e-06 1.5
4 0 0 1
4 0 0.00015 1
4 0 3e-05 0.63
4 0 0.00053 1
4 0 1e-05 0.01
5 1e-04 0.60345 0.1
3 -1e-04 1.63477 0.1
4 0 0.00114 1
3 -0.0084 1.70533 0.13
3 -0.0016 0.85328 1
5 0.0067 11.7737 1
5 0.0032 8.13096 1
5 1e-04 3.80204 1
4 0 0.00032 1
4 0 5e-05 1
2 -0.011 5.68246 1
4 0 2e-04 1
4 0 5e-04 1
6 0.0129 5.62838 1
3 -0.0019 0.51553 1
6 0.01 0.00035 1
2 -0.01 0.00094 1
4 0 0.94943 1
4 0 0.71633 1
4 0 0.00067 1
3 -0.0023 0.4806136 0.33
3 -0.0076 1.199795 0.24
5 0.0099 2.706429 1
6 0.01 2.210926 0.55
4 0 5.000002e-06 1.5
4 0 3.999994e-06 1
4 0 4.000001e-06 1
4 0 3.000001e-06 0.95
4 0 0.000192 4
4 0 0.002362 1
4 0 0.002878 1
4 0 0.112279 1
5 0.01 5.746749 1
2 -0.02 0.0106 0.52
4 0 27.93854 0.1
4 0 0.00118 0.1
4 0 9e-04 0.1
4 0 0.00049 0.1
6 0.01 3.52162 0.05
4 0 0 0.95
3 -1e-04 4.32132 1
5 1e-04 1.9676 0.05
4 0 1e-05 1
4 0 0 1
4 0 0 0.1
2 -0.01 0.00016 1
5 0.0062 0.36503 0.49
5 0.0038 6.0551 0.9
4 0 5e-05 1
5 0.005 2.08471 1
3 -0.005 0.00022 1
5 1e-04 6.165285 0.05
5 0.0099 11.92161 1
3 -0.01 1e-05 0.01
4 0 9.999996e-06 0.01
4 0 0 0.98
4 0 0.00011 1
4 0 0 0.04
4 0 9.999996e-06 1
4 0 0 0.33
4 0 2.000001e-05 8.07
4 0 8e-05 1
4 0 0.00014 0.6
4 0 3e-05 0.02
4 0 0.00034 1
4 0 0.00122 1
4 0 0.00369 1
4 0 0.00676 0.01
4 0 0 0.99
4 0 0.1019 1
5 0.005 0.17051 1
3 -0.005 0.41185 1
5 0.01 4.33635 1
3 -0.005 1.57259 1
3 -0.005 4.74339 0.1
4 0 3.75305 1
5 0.01 3.66289 1
4 0 0 1
4 0 1e-05 1
4 0 9.999996e-06 1
4 0 0 1
4 0 2.000001e-05 1
4 0 9.999996e-06 2
4 0 0.00032 1
4 0 0.00061 0.54
6 0.01 0.00066 1
4 0 0.01435 1
4 0 0 1.05
4 0 2.000001e-05 10.95
4 0 9.999996e-06 1
4 0 0 1
4 0 0.00253 1
4 0 0.00118 1
4 0 0.00184 1
4 0 0.31131 1
4 0 0.00035 0.16
4 0 0.00062 0.84
4 0 0.00011 1
4 0 0.50176 1
4 0 2e-05 1
4 0 0.36957 0.05
4 0 0.0066 1
4 0 9.999996e-06 1
4 0 9e-04 0.16
2 -0.01 0.00035 0.05
6 0.01 6.12494 1
6 0.01 0.00689 0.54
4 0 0 0.41
3 -0.005 7.27587 1
3 -0.005 9.999996e-06 1
4 0 0 1
4 0 0 1
4 0 1e-05 1
4 0 0 1
4 0 8e-05 1
4 0 1e-04 1
4 0 0.00042 1
4 0 0.1087 1
4 0 0.66271 0.05
4 0 0.80887 0.02
5 1e-04 0.0953 0.17
5 0.0049 0.17017 0.17
5 0.005 7.74428 0.59
4 0 9.999996e-06 0.41
4 0 2.895959 0.09
4 0 5.000002e-06 0.91
4 0 2.4e-05 0.09
4 0 1e-06 0.13
4 0 0.000471 0.1
4 0 1.673398 0.87
4 0 4.000001e-06 1
4 0 3.000001e-06 1.13
4 0 0.000116 0.87
3 -0.005 0.000193 1
5 0.005 6.000002e-06 1
4 0 4.000001e-06 1
4 0 0.348132 1
4 0 0.635325 0.24
6 0.02 0.705585 1
3 -1e-04 0.663213 0.11
2 -0.0199 2.022686 0.1
5 0.01 4.626665 1
3 -0.0035 0.02723 2
4 0 0.00062 5.53
3 -0.0065 0.11805 1
5 0.01 0.39621 1
5 0.005 0.02176 1
5 0.005 1.84061 0.3
2 -0.01 9.44275 2
6 0.01 0.0128 1
2 -0.01 0.01645 2
4 0 0.00439 0.1
5 0.005 0.16044 1
3 -0.005 0.11539 1
4 0 0.67445 0.05
4 0 0.01904 1.95
4 0 0 0.05
4 0 8.000001e-05 0.95
4 0 0 0.05
4 0 5e-04 0.95
4 0 1e-05 0.05
4 0 5e-05 0.95
4 0 0.00111 1
4 0 0.41325 1
4 0 0.35042 0.47
4 0 0.00041 0.7
4 0 0.00111 0.53
6 0.01 0.00043 1
4 0 1e-05 0.3
4 0 0.27152 1
5 0.01 0.01614 3
4 0 0.0011 1
4 0 0.04759 1
3 -0.001 2.10572 0.04
3 -0.008 5.14818 0.01
5 0.0052 0.18702 0.15
3 -0.0062 0.16994 1
4 0 2e-05 1
5 0.01 2.8752 1
4 0 0 0.61
4 0 9.999996e-06 1.5
4 0 0 0.4
4 0 4e-05 1
4 0 0.00067 1
6 0.01 0.24104 0.78
2 -0.01 0.76851 0.05
4 0 0.00042 0.08
3 -0.01 1e-04 0.07
4 0 0.00276 0.05
6 0.0149 1.99488 0.06
3 -0.003 0.90659 5.27
5 0.0031 2.28791 1
3 -0.005 0 1
4 0 9e-05 1
4 0 0.00053 1
5 0.005 0.73257 1
3 -0.005 0.47362 1
5 0.0027 4.88149 1.25
3 -0.0027 0.00069 1
4 0 0 0.01
4 0 1e-05 0.85
4 0 0 1
4 0 0.00067 1
4 0 0 0.01
4 0 0 1
4 0 4e-05 1
4 0 0 2
4 0 4e-05 5
4 0 0.00018 1
5 1e-04 0.00274 1.25
3 -1e-04 0.00013 1
4 0 0.006 1
4 0 2e-04 2
4 0 0 1
4 0 3e-05 1
4 0 1e-05 0.9
4 0 3e-05 1
4 0 1e-05 0.1
4 0 0.00049 1.56
4 0 0.00045 1
4 0 0.00215 0.01
4 0 0.01668 0.01
4 0 0.00699 0.01
3 -0.01 0.05614 1
4 0 0.00233 1
5 0.01 0.05094 1
4 0 0.62998 1
5 0.0099 9.864558 1
3 -0.0099 3.699585 0.9
3 -1e-04 0.794738 0.03
3 -0.0099 1.598571 1
4 0 5.000002e-06 0.47
4 0 8.4e-05 0.53
4 0 5.000002e-06 0.47
4 0 0.000504 0.53
4 0 5.000002e-06 0.47
4 0 0.595024 1
5 0.0081 3.771551 2
3 -6e-04 2.80276 0.24
5 0.0025 0.78345 0.39
3 -0.01 4.22194 1
5 0.01 0.96792 1
4 0 0.00015 0.1
4 0 2e-05 0.1
4 0 0.23804 0.01
3 -0.01 0.49562 0.05
5 0.01 0.43457 1
4 0 6e-05 0.07
3 -0.01 0.96179 1
4 0 2.28408 0.04
5 0.01 14.26891 2
6 0.01 1.30354 0.01
2 -0.01 7.40929 3
3 -0.01 0.19803 1
5 0.01 18.62458 2
4 0 5.000002e-06 1
4 0 2.000001e-06 2
4 0 0.000211 1
4 0 0.000528 1
4 0 0 1
4 0 1e-06 1
3 -0.01 0.000158 0.09
4 0 5.800001e-05 0.07
6 0.015 0.001252 1
3 -0.005 3.135828 1
4 0 0.00048 1
3 -0.01 0.372522 1
5 0.01 1.417055 1
1 -0.0273 2.93569 1
4 0 0.00081 1
4 0 0.00091 1
6 0.0173 0.7314 1
5 0.01 0.32596 1
4 0 0.00143 0.05
4 0 0.00148 0.5
4 0 0.02061 1
4 0 9.999996e-06 0.1
4 0 1e-05 1
4 0 5.07087 1
4 0 0.71831 1
4 0 0.18172 1
4 0 2.69675 1
4 0 0 0.04
4 0 1e-05 0.01
4 0 0 1.95
4 0 9e-05 1
4 0 4e-05 0.05
4 0 6e-05 3
4 0 0.00129 0.01
4 0 0 0.99
4 0 0.00024 0.01
4 0 0.00083 1
4 0 0.00474 1
4 0 0.10513 1
3 -0.01 0.64918 1
5 0.01 0.73901 1
4 0 6.77867 1
4 0 0.13696 2
5 0.005 0.00317 0.46
3 -0.005 0.52666 1
5 0.0068 4.37687 1
3 -0.0067 2.52212 0.21
5 0.0024 11.1363 0.65
5 0.0074 0.16015 0.05
3 -0.0098 4.25328 0.18
5 0.0099 0.74807 0.42
4 0 4.458978 0.02
3 -0.0099 19.08169 0.62
5 0.0098 6.14154 0.24
3 -0.0049 0.7757 1
5 0.005 0.32431 1
4 0 4e-05 1
4 0 9.999996e-06 1
4 0 0 2
4 0 1e-05 1
4 0 0 1
4 0 0 0.27
4 0 9.999996e-06 0.73
4 0 0 0.27
4 0 1e-05 0.73
4 0 1e-05 1
4 0 0 1
4 0 2e-05 0.1
4 0 9.999996e-06 0.05
4 0 0.00013 1
4 0 1e-05 0.58
4 0 0.00011 0.42
4 0 0.00032 1
4 0 0.00013 0.1
4 0 0 0.05
4 0 9.999996e-06 1
4 0 0.79235 1
5 0.005 1.54677 1
3 -0.005 0.3165 1
6 0.01 3.27884 1
4 0 0 1
4 0 0 0.36
4 0 9.999996e-06 1
4 0 0.00035 1
4 0 9.999996e-06 1
4 0 1.71837 0.07
5 0.005 0.50635 1
3 -0.005 0 0.01
4 0 9.999996e-06 1
4 0 7e-05 1
4 0 0.00026 0.46
4 0 0 0.01
4 0 9.999996e-06 0.83
4 0 1e-05 0.99
4 0 1e-04 0.01
4 0 0.00046 2
2 -0.01 0.09852 1
4 0 0 0.39
4 0 0.14089 1
4 0 0.26211 0.61
4 0 0 0.17
4 0 0.21517 0.83
5 0.0062 0.15423 0.5
3 -0.0062 0.66004 1
4 0 1e-05 1
5 0.005 0.56715 1
3 -0.005 1e-05 1
4 0 0 1
4 0 1e-05 1
4 0 0 1
4 0 0 1
4 0 9.999996e-06 1
4 0 0.00031 1
4 0 9.999996e-06 1
4 0 1e-05 0.62
4 0 9.999996e-06 0.01
4 0 0.08364 0.76
2 -0.01 0.49648 1
4 0 1.63897 0.05
4 0 0.00071 0.1
4 0 0.01184 0.05
4 0 0.00477 0.05
6 0.016 2.65754 0.79
5 0.004 5.60264 1
2 -0.019 3.98935 1
4 0 0.00259 0.5
3 -0.001 5.4758 0.05
4 0 0.0168 0.05
6 0.01 0.48117 1
4 0 0.05673 0.6
4 0 0.00219 1
2 -0.01 0.51296 1
6 0.0199 3.025634 0.1
3 -0.0099 3.348041 0.9
6 0.01 2.959732 1
4 0 0.000374 2
4 0 3.000001e-06 1
4 0 4.799999e-05 1
2 -0.01 0.000411 0.1
4 0 0.00048 0.29
6 0.01 0.019402 1
3 -1e-04 6.075835 0.13
3 -0.0099 4.1099 0.01
4 0 0.00094 0.01
2 -0.01 4.72361 0.7
4 0 0.00056 0.6
4 0 0.00028 0.1
4 0 3e-05 0.1
4 0 6e-05 0.1
4 0 0.00227 0.1
5 0.0041 0.76538 0.37
6 0.0159 11.17297 0.67
1 -0.02 5.62781 0.1
4 0 4e-05 0.1
4 0 0 0.1
4 0 0.00079 0.1
6 0.01 1.9005 1
3 -0.009 1.4305 0.07
5 0.0031 3.38824 0.3
6 0.0159 8.19056 0.01
2 -0.01 2.42218 1
4 0 6.346563 1
4 0 0.001072 1
6 0.01 0.311941 1
2 -0.01 0.051699 1
4 0 0.000662 2
4 0 0.007173 0.62
5 0.0042 4.689731 10
5 8e-04 0.686695 1
3 -0.005 4.000001e-06 1
4 0 6.000002e-06 1
4 0 3.000001e-06 1
4 0 2.999994e-06 1
4 0 3.700001e-05 1
4 0 2.000001e-06 1
4 0 0.000308 0.46
4 0 6.000002e-06 1
4 0 2.9e-05 0.54
4 0 0.000569 1
4 0 0 1
2 -0.01 0.000667 0.9
4 0 5.000002e-06 0.01
4 0 2.000001e-06 1
4 0 5.000002e-06 1
4 0 3.999994e-06 2
4 0 3.000001e-06 1
4 0 3.000001e-06 1
4 0 5.000002e-06 1
4 0 3.000001e-06 0.09
4 0 6.5e-05 0.91
4 0 0.000297 0.5
4 0 3.2e-05 0.8
4 0 1.600001e-05 1
4 0 4.999994e-06 0.46
4 0 1.600001e-05 0.5
4 0 3.000001e-06 0.54
4 0 3.999994e-06 0.01
4 0 7.000002e-06 2
4 0 1.2e-05 1
4 0 4.000001e-06 1
4 0 6.000002e-06 1
4 0 2.000001e-06 1
4 0 9.4e-05 0.1
4 0 3.7e-05 0.1
3 -0.01 0.000346 0.5
5 0.01 3.6e-05 0.2
4 0 1e-06 1.8
4 0 2.000001e-06 1
4 0 4.2e-05 0.2
4 0 0 2
3 -0.01 0.000359 1
4 0 0.000376 0.03
4 0 0.000143 0.5
5 0.01 0.00305 1
4 0 0.001718 1
4 0 0.019428 1
2 -0.02 0.083052 1
4 0 0.001101 1
4 0 0.000878 1
5 0.001 0.467318 1.1
3 -0.001 0.327403 1
4 0 5.000002e-06 1
4 0 0 1
4 0 4.000001e-06 1
4 0 4.000001e-06 1
4 0 1.3e-05 0.01
4 0 0.000136 1
4 0 0.00011 1
4 0 0.000472 1
3 -0.01 0.020934 0.27
4 0 0.072201 1
4 0 6.6e-05 1
4 0 4.000001e-06 0.9
4 0 4.5e-05 0.1
4 0 4.000001e-06 0.9
4 0 0.000355 0.47
4 0 6.1e-05 0.63
4 0 0.000774 1
4 0 0.001213 1
4 0 0.003761 0.73
2 -0.01 0.713125 1
4 0 21.45567 0.05
4 0 2.37824 0.05
4 0 3.08439 1
4 0 0 1
4 0 9.999996e-06 1
4 0 0 0.01
4 0 0 0.56
4 0 0.00037 3.06
4 0 0.00051 1
4 0 5e-04 0.44
4 0 0.00026 1.89
4 0 0.00901 1
4 0 0.00337 2
2 -0.01 0.11937 1
6 0.01 0.8995 5
4 0 1e-05 1
4 0 0.00034 1
4 0 0.00156 1
4 0 0.00135 1
4 0 3.62932 1
3 -0.005 1.78653 1
3 -0.005 18.56593 0.1
5 0.005 1.46878 1
3 -0.005 3.121856 1
5 0.0068 6.43816 1.39
3 -0.0018 2.30107 0.21
4 0 0.86946 1
3 -0.005 0.17668 1
4 0 10.51233 0.05
5 0.005 0.02245 1
3 -0.005 8.36126 1
4 0 0.00026 0.08
4 0 2e-05 0.01
4 0 0 0.09
4 0 4e-05 0.91
4 0 0 0.01
4 0 0.00014 1
4 0 0.17393 1
4 0 4.2838 0.4
4 0 0.00097 0.1
4 0 0.00449 0.5
5 0.007 0.06663 0.05
3 -0.0042 1.21699 0.75
5 0.0072 3.816 1
3 -0.0034 0.49932 1.13
5 0.0034 6.19841 1
3 -0.005 0.8288 1
5 0.0034 2.05606 0.24
3 -0.0021 0.31585 0.75
5 0.0037 4.978364 2
4 0 3.199995e-06 1
4 0 0.0001623 0.5
4 0 6.500006e-06 0.31
4 0 5.599999e-06 0.19
2 -0.01 1.404761 0.01
6 0.01 0.008836 0.01
2 -0.01 0.200465 0.01
5 0.0098 0.501126 0.25
3 -0.0098 0.246715 0.2
4 0 0.000626 0.1
4 0 0.001265 0.1
4 0 0.006951 0.05
4 0 5.000002e-06 0.05
4 0 0.000186 0.1
4 0 0.000354 0.2
4 0 0.000366 0.1
4 0 0.00331 0.1
4 0 0.001375 0.1
5 0.005 1.434047 1
3 -0.005 2.653246 1
4 0 5.404485 1
4 0 0.00481 1
4 0 1.26891 0.11
4 0 13.33985 0.81
4 0 0 1
4 0 1e-05 1
4 0 0 2
4 0 0 1
4 0 9.999996e-06 0.04
4 0 1e-05 1
4 0 0 1
4 0 9.999996e-06 1
4 0 0 0.55
4 0 1e-05 0.45
4 0 0 1
4 0 0 0.01
4 0 0.00036 0.4
4 0 1e-05 1
4 0 9.999996e-06 1
4 0 0 0.35
4 0 0.00054 1
4 0 4e-05 0.55
4 0 0 0.45
3 -0.01 0.00105 1
4 0 1e-05 1
4 0 0 1
4 0 9.999996e-06 1
4 0 0 1
4 0 0 1
4 0 1e-05 1
4 0 0 1
4 0 1e-04 1
4 0 0.00054 0.39
4 0 0.00032 0.61
4 0 0 1
4 0 4e-05 0.39
4 0 0 0.61
4 0 0.00084 1
4 0 0.00405 2
4 0 0.01183 2
2 -0.01 0.01815 1
4 0 0.00075 1
6 0.01 0.00983 1
2 -0.01 0.00948 0.1
4 0 0.00068 0.1
4 0 0.00084 0.1
4 0 0.00077 0.1
5 0.0099 0.28313 1
3 -0.0056 0.22311 3
5 0.0057 0.12734 1
3 -0.005 5.06834 0.26
3 -0.005 1.8714 0.1
4 0 0.00068 0.1
6 0.01 6.76962 2
4 0 9e-05 1
4 0 0.00041 0.95
4 0 1e-04 0.05
2 -0.01 0.43914 1
4 0 1.13101 0.1
4 0 0.00088 0.1
6 0.01 0.23262 1
2 -0.01 0.86257 0.15
4 0 0.00018 0.1
4 0 8e-05 0.05
4 0 1.89889 0.05
4 0 0.00024 0.05
4 0 9.999996e-06 0.05
4 0 0.00019 0.1
4 0 0.00069 0.05
4 0 0.00095 0.05
4 0 0.00088 0.05
4 0 2.37972 0.1
4 0 4.000001e-05 0.2
4 0 0.00046 0.3
4 0 7e-04 0.1
4 0 1.60375 0.1
5 0.0099 2.87894 1
5 1e-04 1.8814 1
4 0 0 1
4 0 0 1
4 0 5e-05 1
4 0 5e-05 1
4 0 2e-05 1
4 0 0.00024 1
4 0 0.00013 1
4 0 0.00014 1
5 0.01 0.23303 1
3 -0.0043 3.37774 0.07
3 -0.0028 7.027946 0.09
5 0.0071 8.088644 1
4 0 7e-04 1
4 0 0 1
4 0 0.00014 1
4 0 2e-05 1
4 0 0.00022 1
6 0.01 0.00352 1
4 0 0.80278 1
3 -1e-04 6.38921 0.31
3 -0.0089 4.70903 1.85
5 0.004 1.90021 0.5
3 -0.005 7.31819 0.1
4 0 0.09519 0.01
4 0 9.999996e-06 0.01
6 0.01 0.00044 0.02
3 -0.001 5.71464 0.15
3 -0.008 1.48917 0.6
3 -0.001 12.08889 0.1
6 0.01 3.3404 1
2 -0.01 5.022777 0.1
6 0.01 0.636416 0.01
4 0 1.1e-05 1
4 0 3.999994e-06 1
4 0 3.000001e-06 0.03
4 0 5.000002e-06 1
4 0 3.000001e-06 1
4 0 4.000001e-06 1
4 0 3.000001e-06 1
4 0 2.1e-05 0.01
4 0 0.000101 0.98
4 0 1e-06 1
4 0 1e-06 0.1
4 0 6.000002e-06 0.1
4 0 1.2e-05 0.1
4 0 4.000001e-06 0.1
4 0 5.000002e-06 0.2
4 0 1.2e-05 0.24
4 0 1.1e-05 0.78
4 0 4.999994e-06 0.83
6 0.01 0.002801 0.23
4 0 0.236966 1
4 0 0.000259 1
2 -0.01 0.117583 0.1
4 0 0.000364 0.1
4 0 0.399368 0.1
4 0 0.502838 0.1
4 0 0.998599 0.1
4 0 1.099518 0.1
5 0.0018 5.888749 3.51
3 -0.0018 1.72679 0.85
4 0 7.8815 0.11
5 0.001 6.54948 0.01
3 -0.001 0.03168 1
4 0 5.20456 0.1
4 0 0.00066 0.1
4 0 0.00703 0.1
4 0 0.00094 0.1
4 0 0.00042 0.1
4 0 0.00592 0.1
4 0 0.01411 0.1
4 0 0.01678 0.1
4 0 0.06835 0.1
4 0 0.00411 0.1
4 0 0.30509 1
5 0.005 0.00377 3
3 -0.005 2.56752 0.91
6 0.01 0.24614 1
4 0 7.79985 0.11
4 0 0 0.48
4 0 1e-05 0.41
3 -0.003 0.31527 0.18
5 0.003 1.2119 0.43
4 0 0 0.52
4 0 1e-05 0.05
4 0 0.12786 0.54
3 -0.009 2.45724 7.5
3 -0.001 0.02449 1
5 0.005 0.01013 1
3 -0.0049 2.87332 0.79
3 -1e-04 3.51509 0.05
6 0.01 2.7756 0.38
4 0 9.999996e-06 0.58
4 0 1e-05 0.34
4 0 0 0.48
2 -0.01 1.32535 0.2
6 0.01 3.861271 0.71
4 0 4.999994e-06 0.24
4 0 1.500001e-05 0.05
4 0 2.105299 1
4 0 0.000121 1
4 0 4.999994e-06 1
4 0 4.000001e-06 1
4 0 4.000001e-06 0.5
4 0 0.000254 0.22
4 0 6.000002e-06 0.61
4 0 5.3e-05 1
3 -0.005 2.2e-05 1
5 0.005 6.000002e-06 0.95
4 0 4.1e-05 1
4 0 4.000001e-06 1
4 0 5e-05 1
4 0 0.000127 1
4 0 0.000364 0.21
4 0 0.001119 0.79
4 0 5.000002e-06 0.21
4 0 4.599999e-05 0.5
4 0 0.000102 0.5
4 0 0.000147 0.2
3 -0.005 0.000781 1
4 0 0.000369 1
5 0.005 0.020135 1
4 0 0.000825 0.79
5 0.01 0.245738 0.64
4 0 4.000001e-06 1
4 0 5.000002e-06 0.01
4 0 5.000002e-06 0.35
4 0 4.5e-05 0.65
4 0 0.001558 0.88
4 0 0.001393 0.12
4 0 4.000001e-06 0.88
3 -0.009 12.10477 0.1
3 -0.001 1.4149 0.05
5 0.01 0.55303 1
4 0 9.999996e-06 1
4 0 0 1
4 0 0 1
4 0 1e-05 1
4 0 0 2
4 0 0.00016 1
4 0 1e-05 2
4 0 1e-04 1
4 0 1e-05 0.2
4 0 0 0.1
4 0 9.999996e-06 0.1
3 -0.005 0.00256 1
5 0.005 0.00135 0.4
4 0 12.31973 1
4 0 0.00126 2.6
4 0 1e-05 1
4 0 0 0.4
4 0 0.00014 0.2
4 0 0 0.1
4 0 1e-05 0.1
4 0 2e-05 1
4 0 0.00313 0.6
4 0 0.00119 0.3
4 0 0.00053 0.1
4 0 0.38111 1
4 0 1.91753 0.2
4 0 0.0014 0.1
4 0 2e-05 0.1
4 0 0.00058 0.1
4 0 0.00208 0.1
4 0 0.00754 0.1
4 0 0.00021 0.1
4 0 0.00021 0.1
4 0 0.00073 0.1
4 0 0.00035 0.1
4 0 0.00038 1
4 0 1e-05 0.1
4 0 4e-04 0.3
4 0 1e-05 1
3 -0.01 0.00043 2
4 0 0 1
4 0 0 1
4 0 1e-05 1
4 0 0 1
4 0 1e-05 1
4 0 0 1
4 0 9.999996e-06 0.01
4 0 0 1
4 0 0 1
4 0 0 1
4 0 1e-05 2
4 0 0 0.01
4 0 0 2
4 0 9.999996e-06 0.34
4 0 0 2
4 0 0 1
4 0 1e-05 1
4 0 0 0.98
4 0 9.999996e-06 0.02
4 0 0.00033 1
4 0 0 1
4 0 2e-05 2.5
5 0.005 9.999996e-06 1
3 -0.005 0 1
4 0 1e-05 0.99
4 0 3e-05 1
5 0.005 0.00034 1
3 -0.005 0.00017 1
4 0 3e-05 1
4 0 0 1
4 0 0 1
4 0 4e-05 1
4 0 0 1
2 -0.01 0.00097 0.06
4 0 8.999999e-05 0.06
4 0 0.00494 0.1
4 0 0.00466 0.1
4 0 0.0014 0.1
4 0 0.00709 0.1
4 0 0.00975 0.1
4 0 0.00478 0.1
4 0 0.05176 0.1
4 0 0.17582 0.1
4 0 0.25597 2
4 0 0.00285 1
4 0 1.95029 0.1
4 0 1.09499 0.1
4 0 0.00275 0.1
6 0.01 0.66984 1
4 0 0.08923 1
4 0 0.03251 0.1
4 0 0.39715 0.1
4 0 1.3972 0.1
4 0 0.29828 0.1
4 0 0.60046 0.1
4 0 1.39339 0.1
4 0 0.89667 0.1
5 0.005 0.33181 6.84
5 0.005 1.60594 1
3 -0.01 4.40452 0.05
4 0 0.37021 0.05
4 0 1.38973 0.05
4 0 4e-05 0.05
6 0.02 4.22352 0.4
2 -0.01 8.002686 0.02
5 0.0099 4.053473 0.53
2 -0.0199 7.382711 0.5
4 0 0.00087 0.1
6 0.02 0.28515 0.1
4 0 1.70451 1
2 -0.01 0.01051 1.7
4 0 0.00014 0.1
4 0 9.999996e-06 0.1
4 0 1e-05 0.1
4 0 1e-05 0.1
4 0 0 0.1
4 0 0.00076 1
4 0 0.00016 1
4 0 0.08204 0.05
6 0.01 10.06429 1
4 0 0.05363 0.01
4 0 0 0.99
4 0 7e-05 0.01
4 0 6.999999e-05 0.07
4 0 0.00039 1
4 0 0 1
4 0 0.00114 1
2 -0.01 0.23185 1
4 0 9.999996e-06 1
4 0 3e-05 1.73
4 0 0.00028 1
4 0 9.999996e-06 1
4 0 0 1.07
4 0 2e-05 0.93
4 0 1e-05 0.01
4 0 0 1
4 0 0.00035 3.27
4 0 0.00028 1
4 0 0 2
4 0 0 0.01
3 -0.01 0.34731 1
4 0 0.00041 1
4 0 1e-05 0.01
4 0 0 0.04
4 0 2e-05 1
4 0 0.00035 2
4 0 1e-05 0.82
4 0 4e-05 1
4 0 9.999996e-06 1
4 0 1e-05 0.01
4 0 0.00031 1
4 0 0 1
4 0 0 1
2 -0.01 0.82093 1
6 0.01 3.50952 1
4 0 2.05174 1
4 0 0.00073 1.39
4 0 0.00797 3
3 -0.005 0.11269 1
3 -0.004 0.00067 0.5
3 -0.001 0.06019 1
6 0.01 1.87963 1
4 0 0.00179 1
3 -0.003 0.43409 0.22
3 -0.007 0.03404 0.28
4 0 0.00061 2
4 0 1e-05 1
4 0 0 1
4 0 0 1
4 0 0 2
4 0 9.999996e-06 0.72
4 0 0 1
4 0 0 2
4 0 1e-05 1
4 0 0 1
4 0 0.00014 1
4 0 1e-05 0.01
4 0 9.999996e-06 1
4 0 2e-05 1
4 0 0 2
2 -0.01 0.00034 0.18
6 0.01 0.00085 1
2 -0.01 0.00323 1
4 0 0.00073 1
4 0 8e-05 0.82
4 0 0.00029 1
4 0 0 1
4 0 0.00076 1
5 0.005 9e-05 1
3 -0.005 0.00104 1
3 -0.01 0.10876 1
4 0 0.00063 1
6 0.02 0.10451 1
2 -0.02 0.70476 1
4 0 6.02976 0.81
4 0 7e-05 0.19
4 0 0 1
4 0 0 0.81
4 0 1e-05 0.01
4 0 2e-05 0.19
4 0 9.999996e-06 1
4 0 0 1
4 0 0 2
4 0 1e-05 2
4 0 2e-05 0.18
4 0 0.01109 0.1
4 0 9e-05 7.8
4 0 0.00028 0.2
4 0 0 0.8
4 0 0.00401 0.1
4 0 1e-05 0.1
2 -0.01 0.54402 1
4 0 3.20104 0.2
4 0 0.00089 0.1
5 0.0028 0.9625 1.5
3 -0.0028 6.23864 0.1
4 0 1.0505 0.4
4 0 0.25955 0.05
6 0.01 3.14369 0.01
2 -0.01 2.063823 0.1
4 0 2.760734 0.1
4 0 2.912926 1
6 0.01 0.255421 1
4 0 0.000445 1
2 -0.01 0.051211 1
6 0.01 2.045452 1
4 0 1.167048 0.01
4 0 1e-05 0.76
2 -0.01 0.90013 1
4 0 0.42201 0.1
7 0.0441 1.85526 1
1 -0.0341 6.15455 1
4 0 0.00011 0.17
4 0 0 0.83
4 0 0.00054 0.17
4 0 0 0.83
4 0 9e-05 0.1
4 0 5.64048 0.07
4 0 0 0.04
4 0 0 0.89
4 0 0.00051 0.11
4 0 0.00036 0.24
4 0 0.76331 0.56
4 0 0.00015 0.24
2 -0.01 1.04826 1
6 0.01 8.52912 1
4 0 0.01306 1
4 0 0.02046 1
4 0 0 1
4 0 0.00017 1
4 0 9.999996e-06 0.1
4 0 1e-05 0.1
4 0 0.00034 1
4 0 1.67756 1
3 -1e-04 2.91618 0.25
3 -0.0089 1.50831 5
3 -0.001 4.67928 1
4 0 1e-05 0.01
4 0 0 1
4 0 9.999996e-06 1
4 0 4e-05 0.95
4 0 1e-05 2
4 0 2e-05 1
4 0 0.00221 0.78
5 0.0076 4.50496 2
3 -0.0076 4.53095 0.24
4 0 0.44543 0.4
4 0 1.6236 0.05
4 0 0.00022 0.05
4 0 0.00053 0.1
4 0 0.61769 0.07
4 0 4e-05 0.08
4 0 0.00039 0.93
4 0 9.999996e-06 1
4 0 0 1
4 0 0 1
4 0 1e-05 1
4 0 0 0.01
4 0 0 2
4 0 9.999996e-06 1
4 0 0 1
4 0 0.00015 0.4
4 0 0.00021 0.72
4 0 3e-05 2
4 0 0 0.6
4 0 2e-05 2
4 0 1e-05 1
4 0 0.00051 0.22
4 0 0 1
4 0 0 1
4 0 4e-05 1
2 -0.01 8.000001e-05 1
4 0 0 0.8
4 0 6.999999e-05 1
4 0 0 1
4 0 2e-05 1
4 0 0.00015 0.2
4 0 0 0.41
4 0 0.00027 0.59
4 0 0 1
4 0 0 1
4 0 9.999996e-06 0.71
4 0 5e-05 0.29
4 0 0.00091 1
4 0 0.00086 0.21
4 0 0.00623 1
4 0 0.00191 1
4 0 0.03108 1
6 0.01 3.580125 1.5
2 -0.01 2.310161 0.21
4 0 3.999994e-06 0.79
4 0 3.502662 0.1
4 0 0.001021 0.1
6 0.01 1.111281 5
2 -0.01 4.387846 0.1
4 0 1.7816 0.1
4 0 4.0096 0.1
4 0 2.10988 0.1
5 0.0016 0.53017 5
3 -0.0016 0.07183 0.1
6 0.01 0.0951 1
3 -0.001 1.81034 0.15
3 -0.009 0.15074 0.1
4 0 0.64776 0.1
6 0.01 0.40616 1
4 0 0.00013 0.5
2 -0.01 7.98183 0.1
4 0 0.00597 0.1
4 0 0.00447 0.1
4 0 0.01375 0.1
6 0.01 2.37561 1
4 0 1e-05 1
4 0 0.00101 0.47
2 -0.01 0.11681 1
5 0.0046 0.13591 2
3 -0.0046 7.97451 0.1
4 0 0.00043 0.1
6 0.01 4.61053 0.05
2 -0.01 3.12668 0.4
4 0 0.00068 0.1
4 0 0.00607 0.2
4 0 0 0.2
4 0 0.00041 0.1
4 0 0.00488 0.2
4 0 0.00035 0.1
4 0 0.00338 0.1
4 0 5e-05 0.1
4 0 8e-04 0.1
4 0 0.00188 0.1
4 0 2e-05 0.01
4 0 1e-05 0.09
4 0 0.00034 0.1
4 0 0.00444 0.2
4 0 0.00032 0.1
4 0 0.066 1
5 2e-04 0.003 1
3 -2e-04 0.00844 1
5 2e-04 0.00331 1
3 -2e-04 0.00593 1
4 0 0 1.21
4 0 0 0.28
4 0 0.00013 0.51
4 0 0.00447 1.72
4 0 0 1
4 0 0 1
4 0 9.999996e-06 1
4 0 0 0.28
4 0 2e-05 0.72
4 0 0.00092 0.69
4 0 0.00012 0.31
4 0 0 0.57
4 0 4e-05 0.43
5 2e-04 0.00228 0.51
4 0 0.00052 1
4 0 0.00027 1.21
4 0 0.00043 0.28
3 -3e-04 0.00119 0.1
3 -0.0099 0.01898 0.91
4 0 0.04967 2
4 0 5.6448 0.1
4 0 1e-05 1.5
4 0 0 1
4 0 9.999996e-06 0.4
4 0 0.00011 1
4 0 0.13536 1
4 0 0.3729 0.3
5 1e-04 7.377918 23.27
3 -1e-04 0.345011 0.9
4 0 0.000406 0.1
4 0 0.005731 0.1
4 0 0.000522 0.1
4 0 0.006143 0.1
4 0 0.000358 0.1
4 0 0.039039 0.6
4 0 4.000001e-06 0.4
4 0 0.000766 1
4 0 0.002269 0.6
4 0 3e-05 0.4
4 0 5.000002e-06 0.1
4 0 4.000001e-06 0.01
4 0 3.999994e-06 0.28
5 0.005 0.124167 1
3 -0.005 3.055486 0.01
4 0 0.000549 0.39
4 0 0.000158 1.6
4 0 7.57325 0.3
4 0 0.00036 0.1
4 0 0.00633 0.1
4 0 1.23842 0.2
4 0 0.00029 0.1
4 0 0.00622 0.1
4 0 0.00054 0.1
4 0 0.00017 0.1
4 0 0.0037 0.1
4 0 0.00963 0.1
4 0 0.00949 0.03
4 0 1e-05 0.07
4 0 0.00508 0.1
4 0 2.3835 0.08
5 0.0046 4.23914 1.5
3 -0.0046 0.19969 1
5 0.01 4.38883 1
4 0 0.00038 0.72
4 0 21.897 0.01
3 -0.01 1.40266 1
4 0 6.18709 0.3
5 0.0099 2.465856 0.09
3 -0.0099 1.408581 0.83
4 0 2.000001e-06 0.01
4 0 4.999994e-06 0.16
4 0 1.045509 0.58
5 0.0035 0.004254 0.58
3 -0.0035 0.012748 0.84
4 0 3.000001e-06 1
4 0 6.999995e-06 1
4 0 2.000001e-06 1
4 0 3.000001e-06 1
4 0 4.000001e-06 1
4 0 7.000002e-06 0.16
4 0 0.001605 1
4 0 0.590053 1
4 0 2.260937 1
4 0 1e-06 1
4 0 0.000438 0.1
4 0 0.187415 0.2
4 0 2.2e-05 1
4 0 3.999994e-06 0.9
4 0 7.000002e-06 1
4 0 3.000001e-06 1
5 0.005 0.000107 1
3 -0.005 5.000002e-06 0.8
4 0 7.999995e-06 0.01
4 0 0.000152 0.1
4 0 0.000148 0.89
4 0 2.2e-05 0.01
2 -0.01 0.000307 0.2
4 0 0.000218 0.28
4 0 4.000001e-06 0.01
4 0 9e-05 0.1
4 0 0.000143 0.7
4 0 5.000002e-06 1
4 0 1.4e-05 1
4 0 5.000002e-06 1
4 0 6.5e-05 0.1
4 0 8e-05 0.63
4 0 1.6e-05 0.87
4 0 4.000001e-06 0.13
4 0 5e-05 0.87
4 0 3.000001e-06 0.13
4 0 0.00037 1
4 0 0 1
4 0 0 1
4 0 0 1
4 0 2.3e-05 0.7
4 0 8.000003e-06 0.1
4 0 0.000163 0.07
4 0 4.000001e-06 0.03
4 0 4.8e-05 0.1
4 0 0.000136 0.87
4 0 4.999994e-06 1
4 0 4.000001e-06 1
4 0 0.000504 1
4 0 9.6e-05 1
4 0 0.000123 1
4 0 7.999995e-06 1
4 0 3.3e-05 1
2 -0.01 4.2e-05 0.1
6 0.01 2.599999e-05 1
2 -0.01 0.011908 1
4 0 5.000002e-06 1
4 0 2.000001e-06 1
4 0 0.991388 0.4
6 0.01 0.998602 1
3 -0.0062 3.01941 0.1
3 -0.0038 6.0749 0.05
5 1e-04 2.95528 0.5
5 0.0099 0.0012 1
4 0 9.999996e-06 1
4 0 0 0.39
4 0 1e-05 1.61
4 0 0.00013 0.39
4 0 2e-05 1
3 -0.005 0 1
5 0.005 9.999996e-06 0.01
4 0 1e-05 0.39
4 0 2e-05 1
4 0 8e-05 0.61
4 0 0.71478 1
4 0 0.00016 0.7
4 0 0.00689 1
4 0 1.93047 0.1
4 0 2.66734 0.2
2 -0.01 0.04295 0.1
7 0.02 9.55244 1
4 0 0.00039 1
4 0 0 1
4 0 0.00161 1
4 0 0.00121 1
4 0 0.00096 1
4 0 0.00039 1
4 0 1.46584 0.05
5 0.005 2.75755 1
3 -0.005 0.70434 0.1
4 0 0.00613 0.1
4 0 0.01287 0.1
4 0 0.83901 1
5 0.0027 0.00398 1
3 -0.0027 0.00435 1
5 0.0027 0.00287 1
3 -0.0027 0.00224 1.61
4 0 0.00502 0.7
4 0 9.999996e-06 1
5 0.0027 0.00062 1.61
2 -0.0127 0.00701 1
4 0 0 1
4 0 1e-05 1
4 0 0 1
4 0 0 0.04
4 0 9.999996e-06 1
4 0 0 1
4 0 1e-04 0.01
4 0 0 3
4 0 2e-05 1
4 0 0.00064 1
4 0 0 1
4 0 0.00028 0.1
4 0 4e-05 0.1
4 0 0.00709 1
4 0 2e-05 0.1
4 0 0.00056 2
4 0 2e-05 0.8
4 0 1e-04 1
4 0 0 1
4 0 9.999996e-06 1
4 0 1e-05 0.9
2 -0.01 0.00646 1
4 0 0 1
4 0 1e-05 1
4 0 0 1
4 0 9.999996e-06 0.99
4 0 9e-05 1
4 0 2e-05 1
6 0.01 0.00887 1
4 0 0.00117 1
4 0 0.00077 1
4 0 0.00127 1
4 0 0.00038 1
4 0 0.00063 1
4 0 0.00068 0.99
2 -0.01 0.19375 0.1
4 0 0.17808 1
4 0 0.00053 0.9
4 0 0 0.1
4 0 8e-04 1
4 0 4e-05 1
5 0.0095 1.78025 0.46
3 -0.0095 8.6775 0.1
6 0.01 1.17776 0.94
4 0 0.00011 0.06
4 0 0 0.01
4 0 4e-05 1
4 0 0.00031 1
4 0 0.63648 1
4 0 2.0731 0.6
4 0 0.00039 0.1
4 0 0.01106 0.12
4 0 0 0.18
4 0 0.00607 0.3
4 0 0.00031 0.1
4 0 0.00494 0.1
4 0 5e-05 0.1
4 0 0.00081 0.1
4 0 1.96807 0.3
4 0 2.15106 0.05
4 0 0.00016 0.05
4 0 0.00068 0.1
4 0 0.00044 0.05
4 0 0.02243 0.05
4 0 0.07569 0.06
4 0 1.206772 1
4 0 4.699999e-06 0.9
4 0 3.699999e-06 1
4 0 6.399998e-06 1
4 0 0.0006988 1
4 0 2.99995e-07 0.01
4 0 2.000015e-07 2
4 0 0.0001152 0.7
4 0 0.0026298 1
4 0 0.0064944 2
4 0 0.0107796 1
2 -0.01 0.004131 0.1
4 0 0.000485 0.1
4 0 0.647666 1
6 0.01 2.497142 0.15
4 0 8.000003e-06 1
4 0 1e-06 0.85
2 -0.01 5.430277 0.7
4 0 6.1e-05 0.3
4 0 5.000002e-06 0.1
4 0 0.000381 0.1
4 0 0.000305 0.1
4 0 0.264188 1
4 0 8.2e-05 0.1
4 0 5.000002e-06 0.9
4 0 2.1e-05 0.1
4 0 7.000002e-06 0.1
4 0 0.000509 0.9
4 0 4.000001e-06 0.1
4 0 1.6e-05 0.9
4 0 0.00039 1.7
4 0 6.000002e-06 1
4 0 1.4e-05 1
4 0 7.999995e-06 1
3 -0.01 0.610133 0.4
4 0 7e-05 0.2
4 0 0.00036 0.1
4 0 2e-04 0.1
4 0 0.83333 0.1
5 1e-04 0.69912 0.01
5 0.0024 0.00106 0.04
3 -0.0025 0.00184 0.01
4 0 0.00158 0.04
4 0 0.31725 0.1
4 0 0.00761 1
4 0 1.02496 0.6
4 0 0.00032 0.1
4 0 0.00053 0.2
4 0 9.999996e-06 0.3
4 0 0.00042 0.1
4 0 5.45684 1
4 0 0.38561 0.1
4 0 0.26012 0.6
4 0 1e-05 0.3
4 0 4e-04 0.1
4 0 0.02352 0.2
4 0 3e-04 0.1
4 0 5.34787 0.01
5 0.01 2.16749 1
4 0 1e-04 0.28
4 0 0.00023 0.02
4 0 4.15964 1
4 0 1e-05 1
4 0 0 1
4 0 9.999996e-06 1.15
4 0 0 2.4
4 0 0 1
4 0 0.00034 1
4 0 0.00149 1
4 0 4e-05 1
4 0 0.10786 1
4 0 5.55757 2
4 0 0 1
4 0 3e-04 1
4 0 5e-05 1
3 -0.01 0.2121 1
4 0 0.8507 0.1
6 0.0199 0.03055 0.33
2 -0.0199 9.45103 0.08
6 0.0199 1.58424 0.02
3 -0.0059 4.07421 0.06
2 -0.014 1.11286 1
4 0 1.43303 0.2
4 0 5e-04 0.1
4 0 0.00611 0.1
4 0 0.00029 0.1
4 0 0.00754 0.1
4 0 0.00452 0.1
4 0 0.00752 0.1
4 0 0.01201 0.1
4 0 3.43664 0.2
5 0.01 3.86829 1
4 0 2.092966 1
4 0 0.10055 2
4 0 4.000001e-06 0.25
4 0 0.000136 0.1
4 0 0.000444 0.65
4 0 3.999994e-06 0.35
4 0 0.583764 1
4 0 4.113873 0.3
4 0 0.000291 0.1
4 0 0.006984 0.1
4 0 0.000236 0.1
4 0 3.759558 0.1
4 0 0.00038 0.1
4 0 0.00683 0.1
4 0 0.00644 0.1
4 0 0.00501 0.1
4 0 0.00937 0.1
6 0.0192 0.12749 1
4 0 0.00097 1
2 -0.0192 2.67954 0.1
5 1e-04 5.19497 0.02
4 0 0.00201 0.08
3 -1e-04 0.00219 0.02
4 0 0.00119 0.08
4 0 1.42921 0.1
6 0.01 0.26821 0.8
4 0 9.999996e-06 0.2
2 -0.01 0.58465 0.01
4 0 0.8946 0.25
4 0 9.999996e-06 0.35
4 0 9e-05 0.4
4 0 1e-05 1
4 0 0 1
4 0 0.00049 0.65
4 0 9.999996e-06 1
4 0 0 1
4 0 0 1
4 0 0.00029 1
4 0 0.00019 0.01
4 0 0 1
4 0 0 0.01
4 0 0.00014 0.2
4 0 0.00067 0.7
3 -0.01 0.42699 1
5 0.0016 5.48101 0.09
5 0.0034 0.96382 1
5 0.005 0.64344 1
4 0 5e-05 1
4 0 1e-04 0.01
4 0 0.00191 1
4 0 0.19604 0.1
4 0 4e-05 0.1
4 0 0.00059 0.1
5 0.0099 2.23806 0.25
3 -0.0099 2.41175 1
5 0.0099 0.55696 0.2
2 -0.0199 0.24241 1
5 1e-04 2.09868 0.16
5 0.0045 2.42511 1.25
3 -0.0046 2.70771 0.9
4 0 0 1
4 0 0 1
4 0 1e-05 1
4 0 9.999996e-06 1
4 0 0 2
4 0 0 1
4 0 1e-05 1
4 0 0 1
4 0 8e-05 0.3
4 0 0 1
4 0 0.00023 0.9
4 0 0 2
4 0 1e-04 1
4 0 0.00015 1
4 0 0 0.01
4 0 7e-05 1
2 -0.01 0.58891 1
4 0 0.00053 1
4 0 0.24217 0.08
4 0 0.00031 1
4 0 0.00019 0.02
6 0.01 2.50924 0.26
4 0 2.92331 0.74
4 0 0.84126 1
2 -0.01 0.50738 0.1
4 0 0.00107 0.1
4 0 0.00129 0.55
4 0 1e-05 0.05
4 0 0.00042 0.1
4 0 0.00132 0.1
4 0 0.00033 0.1
4 0 0.00494 0.1
4 0 0.00294 0.4
4 0 0.00024 0.1
4 0 0.00344 0.05
4 0 1e-05 0.05
4 0 0.00011 0.1
4 0 0.00122 0.1
4 0 0.00066 0.1
4 0 0.00375 0.1
4 0 0.00015 0.1
4 0 2e-04 0.1
4 0 0.00014 0.1
4 0 0.00093 0.2
4 0 0.00039 0.05
4 0 0 0.05
4 0 0.00647 0.1
4 0 0.00032 0.1
4 0 0.00421 0.1
4 0 0.00238 0.1
4 0 0.00294 0.1
4 0 0.009 0.1
4 0 0.0108 0.1
4 0 13.32832 0.1
4 0 2.061809 0.1
5 0.0099 4.069471 0.28
5 1e-04 0.00044 0.14
4 0 0 1
4 0 0 1
4 0 1e-05 1.86
4 0 0.00011 1
4 0 9e-05 1
4 0 0.00011 0.98
4 0 2.000001e-05 1
4 0 3e-05 0.02
4 0 0 1
4 0 4e-05 1
4 0 3e-05 1
4 0 0.00052 1
4 0 0.42395 1
4 0 0.00026 1
5 0.002 0.95458 1
2 -0.012 0.04058 0.38
6 0.0199 16.20082 0.4
5 1e-04 0.6425 0.02
4 0 1e-05 1
3 -0.0023 1.41802 0.48
6 0.0122 1.78446 0.15
3 -0.0099 3.09676 1
5 0.008 0.00633 2
3 -0.008 0.01675 1
3 -0.01 0.46549 1
6 0.0113 7.3171 0.02
5 0.0086 2.32028 0.05
3 -0.0099 1.24542 1
4 0 0 1
4 0 0 1
4 0 9.999996e-06 1
4 0 1e-05 1
4 0 0 1.64
4 0 0 1
4 0 0.00136 0.36
4 0 0 0.01
4 0 0.00027 1
4 0 2e-05 1
4 0 0 1
4 0 0.00038 1
4 0 0 0.01
3 -0.01 0.55326 1
5 0.01 4.64784 1
4 0 0.00024 0.01
4 0 0.01033 0.1
4 0 0.0191 1.26
4 0 1e-05 0.74
5 0.0081 0.62596 1.3
2 -0.0181 1.36714 0.3
4 0 5e-04 0.1
4 0 8.000001e-05 0.1
4 0 0.00085 0.1
4 0 0.00519 0.2
4 0 0.00031 0.1
4 0 3.53081 0.2
5 0.01 5.817948 1
4 0 0.002137 0.1
4 0 4.999994e-06 1
4 0 1e-06 1
4 0 5.000002e-06 0.5
4 0 0.057928 1
4 0 0.560292 0.2
4 0 0.160049 0.8
4 0 1.914272 1
4 0 2.076522 1
4 0 2.901621 1
4 0 0.00035 0.1
3 -3e-04 4.49046 1
4 0 0.00012 1
4 0 0.00123 1
5 3e-04 1.26523 0.1
4 0 3e-05 1.9
4 0 1e-05 1
4 0 0 2
4 0 9.999996e-06 1
4 0 0 0.01
4 0 0.00011 1
4 0 1e-05 0.6
4 0 0 1
4 0 0 0.63
4 0 9.999996e-06 0.37
4 0 0 2
4 0 3e-04 1
3 -0.01 0.00071 1
4 0 0.07584 1
5 0.007 8.39238 0.06
5 0.003 10.08589 0.1
4 0 3.68517 1.75
3 -0.005 5.34793 1
3 -0.005 1.30952 0.4
4 0 3e-05 0.2
4 0 1e-04 0.2
4 0 9e-05 0.4
4 0 0.00063 0.1
4 0 0.00031 0.1
4 0 2e-05 0.6
4 0 2.24922 1
4 0 2e-05 1
4 0 0 2
4 0 0 1
4 0 9.999996e-06 0.01
4 0 2e-05 0.3
4 0 0 1
4 0 0.00015 0.7
2 -0.01 0.02013 1
6 0.01 6.62867 2
4 0 1e-05 1
4 0 4e-05 1
4 0 0.00011 0.2
5 0.0038 3.42007 0.19
5 0.0062 0.49278 1
3 -0.007 0.1034599 0.3
5 0.007 2.557858 1
4 0 0.979216 1
4 0 4.000001e-06 1
4 0 2.799999e-05 1
6 0.01 0.002481 1
2 -0.02 8.541133 1
4 0 0 1
4 0 0 0.13
4 0 0.00097 0.5
4 0 0 0.37
4 0 0.00011 0.13
5 0.01 21.45447 1
4 0 9.00698 0.02
5 0.0099 9.76862 0.05
3 -0.0049 3.18823 0.5
3 -0.005 2.08927 0.84
4 0 4e-05 0.14
4 0 1.06471 0.2
4 0 1.515645 0.1
5 0.005 4.91505 1
5 0.004 0.005578 1
5 0.001 0.821045 0.8
4 0 5.000002e-06 0.2
2 -0.01 18.64751 1
6 0.01 3.49049 1
4 0 1.32363 0.8
4 0 9.999996e-06 1
4 0 1e-05 1
4 0 0 0.01
4 0 0 1
4 0 9.999996e-06 0.06
4 0 0 1
4 0 0 1
4 0 6e-05 1
4 0 1e-05 0.62
4 0 0.00015 1
4 0 9.999996e-06 1
4 0 3e-05 1.38
4 0 3e-05 1
4 0 9.999996e-06 0.67
4 0 1e-05 1
4 0 3e-05 0.2
4 0 2e-05 0.33
4 0 1e-05 0.1
4 0 0 1
4 0 0 0.1
4 0 0 0.2
4 0 0.00057 1
4 0 0 1
3 -0.005 0.00197 1
4 0 0.00043 1
5 0.005 0.00574 1
4 0 0.10405 1
4 0 0.02243 1
5 0.005 0.00619 1
5 0.005 4.90628 1
2 -0.01 0.21242 0.4
4 0 0.00084 0.9
4 0 0.00012 0.1
4 0 0.00029 0.3
4 0 0.00168 0.1
4 0 0.8856 1
4 0 0 1
4 0 0 1
4 0 0 1
4 0 1e-05 2
4 0 0 1
4 0 0 1
4 0 9.999996e-06 0.04
4 0 0.00063 1
4 0 1e-05 2
4 0 0.00026 1
4 0 0 0.1
4 0 0.02342 1
4 0 0.11031 1
2 -0.01 0.31756 1
6 0.01 0.30995 0.6
4 0 0.00015 1
4 0 0.52523 1
4 0 1.32159 1
4 0 0.90075 2
4 0 15.87203 1
4 0 0.00038 1
4 0 0.00077 1
4 0 4.000001e-05 0.1
4 0 1.14965 1
4 0 0.17717 1
2 -0.01 0.16013 1
4 0 1.87776 0.13
6 0.01 0.82087 1
4 0 0.53264 0.1
4 0 3.539476 1
4 0 6.000002e-06 0.52
4 0 0.290881 0.05
4 0 0.000266 0.2
4 0 1.2e-05 0.05
4 0 0.000248 0.1
4 0 0.002023 0.05
4 0 0.001464 0.05
4 0 0.735352 0.1
5 0.001 5.400786 0.5
5 0.004 1.141566 0.42
4 0 0.20342 1
3 -0.005 3.5263 0.05
4 0 1.22018 1
4 0 2.6147 1
4 0 9.999996e-06 0.01
4 0 0 1
4 0 1e-05 1
4 0 0 1
4 0 3e-05 1
4 0 0.00012 0.83
4 0 0.00021 0.01
4 0 9.999996e-06 0.64
4 0 0.00055 1
4 0 0 1
4 0 0 1
4 0 4e-05 0.01
4 0 0 1
4 0 0 1
4 0 0.00836 0.01
3 -0.005 0.0989 1
3 -0.005 0.12115 1
4 0 9.999996e-06 1
6 0.01 0.52825 1
4 0 0.86216 1
4 0 0.95455 1
2 -0.01 0.68717 1
5 0.0069 0.85423 1.49
3 -0.0044 0.02924 0.39
3 -0.0015 0.42414 0.51
5 0.009 2.28895 1
2 -0.01 2.76944 0.05
5 0.0036 2.94239 0.02
5 0.0064 5.20679 0.05
4 0 6.94315 1
4 0 0 1
4 0 4e-05 0.95
4 0 4e-04 0.05
4 0 0 0.08
4 0 0.00011 0.05
4 0 2e-04 0.95
4 0 0.5145 1
5 0.0031 3.5599 12.2
3 -0.0031 0.16014 0.4
4 0 0.00023 1
4 0 12.37579 0.1
6 0.01 0.334055 1
4 0 0.01080506 1
4 0 4.369998e-06 1
4 0 4.169997e-06 1
4 0 4.190006e-06 1
4 0 4.119996e-06 1
4 0 3.770001e-06 0.02
4 0 2.281e-05 1
4 0 0.0001357 1
4 0 2.833999e-05 1
4 0 5.406e-05 1
4 0 4.430003e-06 1
4 0 5.959999e-06 1
4 0 9.582e-05 1
4 0 6.286e-05 1
4 0 2.940003e-06 1
4 0 0.00029805 1
4 0 0.00093551 1
4 0 7.737e-05 1
2 -0.01 1.713879 0.4
4 0 0.000943 0.1
4 0 7.6e-05 0.6
4 0 0.00059 0.1
4 0 0.001741 0.7
4 0 0.000316 0.1
4 0 0.003526 0.2
4 0 0.000296 0.1
4 0 0.000148 0.1
4 0 0.000205 0.1
4 0 0.000151 0.1
4 0 0.000542 0.1
4 0 0.003129 0.1
4 0 0.000418 0.2
4 0 0.000296 0.1
4 0 0.000404 0.1
4 0 0.003086 0.1
4 0 0.000312 0.1
4 0 0.000374 0.1
4 0 0.002936 0.1
5 0.003 0.867678 0.18
5 0.007 1.299818 1
3 -0.005 0.205181 1
5 0.005 0.000985 1
2 -0.01 2.217286 0.1
6 0.01 11.8104 1
3 -0.0023 1.38186 1.1
3 -0.0077 0.76127 0.05
4 0 0.82349 0.1
6 0.01 3.89942 0.39
3 -1e-04 4.27751 1.55
5 1e-04 0.21113 1
3 -0.005 8.32118 1
3 -0.005 1.62843 0.85
5 0.0035 0.00369 0.85
3 -0.0035 0.227 1
4 0 0 1
5 0.005 0.00045 1
3 -0.005 0.80497 0.05
4 0 1e-05 0.05
4 0 9.999996e-06 0.05
4 0 1e-05 0.1
5 0.001 4.2544 0.5
5 0.009 6.04897 1
4 0 9e-05 1
4 0 1e-05 1
4 0 0 1
4 0 9.999996e-06 1
4 0 0 1
4 0 0 1
4 0 1e-05 1
4 0 0.00031 0.1
4 0 1e-05 0.1
4 0 9.999996e-06 0.1
4 0 0 0.2
4 0 2.000001e-05 0.3
4 0 9.999996e-06 0.28
3 -0.005 1e-05 1
5 0.005 0 1
4 0 2e-05 1
4 0 9.999996e-06 1
4 0 0.00013 1
4 0 0 1
3 -0.005 0.00049 1
5 0.005 1e-04 0.61
4 0 1e-04 1
4 0 0.00379 0.1
4 0 0.01703 0.1
4 0 0.00993 0.1
5 0.005 0.17458 1
5 0.005 0.9048 1
4 0 1.30626 0.82
4 0 1e-05 0.18
4 0 0.23792 1
4 0 3e-05 1
4 0 1e-05 0.11
4 0 0 1
4 0 1e-05 1
4 0 0.00118 0.12
4 0 3e-05 1
4 0 2e-04 0.88
4 0 0.00018 1
4 0 4e-05 1.4
6 0.01 0.35724 1
2 -0.01 0.02364 1
4 0 0.16673 1
4 0 0.00076 1
4 0 4e-05 1
4 0 0.00027 1
4 0 3e-04 1
4 0 9e-05 1
4 0 0.00028 1
4 0 0.23062 1
4 0 0.68236 1
6 0.01 0.05264 0.3
4 0 1e-05 0.03
2 -0.01 0.14346 1
4 0 0.00513 1
4 0 0.00033 1
4 0 2e-05 1
4 0 2.89423 1
6 0.01 0.80612 1
4 0 0.00368 1
2 -0.01 0.05801 1
4 0 0.00038 1
3 -0.01 0.6335 0.05
4 0 0.08658 0.95
4 0 1e-05 2
4 0 0 1
4 0 0.11275 0.1
5 0.0084 0.4646095 2
3 -0.0034 0.0137808 1
5 0.005 0.2985739 1
3 -0.01 0.5201578 0.01
4 0 7.000002e-06 1
4 0 3.000001e-06 1
4 0 2.999994e-06 1
4 0 3.000001e-06 1
4 0 5.000002e-06 1
4 0 5.000002e-06 2
4 0 5.000002e-06 0.99
4 0 0.000173 1
4 0 5.999995e-06 2
4 0 9.9e-05 1
4 0 6.999995e-06 2
4 0 8.000003e-06 0.01
4 0 5.000002e-06 2
4 0 0.000153 0.01
4 0 2.999994e-06 0.01
4 0 4.000001e-06 1
4 0 3.000001e-06 1.98
4 0 8.000003e-06 2
4 0 2.000001e-06 1
4 0 2.000001e-06 1
4 0 0.000125 1
4 0 0 1
4 0 0 0.01
4 0 1e-06 1
2 -0.01 0.00452 0.1
4 0 0.000214 0.7
4 0 0.000497 1
4 0 0.000974 1
4 0 0.000512 1
4 0 0.000462 1
4 0 7.7e-05 0.2
4 0 5.000002e-06 1
4 0 2e-05 1
4 0 5.000002e-06 0.16
4 0 1.1e-05 1
4 0 3.6e-05 1
4 0 0.000645 0.84
4 0 4.999994e-06 0.6
4 0 0 1
4 0 3.000001e-06 1
4 0 4.000001e-06 1
4 0 2.000001e-06 1
4 0 5.000002e-06 1
4 0 1e-06 1
4 0 4.999994e-06 1
4 0 2.000001e-06 1
4 0 5.000002e-06 1
4 0 3.000001e-06 1
6 0.01 0.043997 0.01
2 -0.01 0.060074 0.02
4 0 0.000614 1
4 0 0.097776 0.5
4 0 0.009954 0.5
2 -0.01 0.214806 0.5
6 0.01 0.920152 1
5 0.0047 10.23522 0.25
3 -0.0047 0.05818 0.1
6 0.01 6.70777 2
4 0 0.81855 1
3 -1e-04 0.79181 3
5 1e-04 1.00967 1
4 0 1e-05 1
4 0 0.00013 1
4 0 5e-05 1
4 0 0.00018 1
4 0 0.00036 1
4 0 0.00166 0.1
4 0 1.22749 1
4 0 0.00052 0.1
4 0 4e-05 1
4 0 0.00018 0.14
4 0 1.18442 0.15
4 0 2.1406 0.05
4 0 0.83575 0.3
4 0 0.00043 0.1
5 0.009 9.85008 0.28
5 0.001 0.53138 1
5 0.0038 1.55108 0.24
5 0.0011 2.99133 2
5 1e-04 0.93355 1
3 -0.005 1e-05 1
4 0 0 1
4 0 9.999996e-06 1
4 0 0 1
4 0 0.00031 1
4 0 6e-05 1
4 0 1e-05 1.95
4 0 9.999996e-06 1
4 0 0.00035 0.05
4 0 0.00068 1
4 0 0.00231 1
4 0 11.68128 1
4 0 1.14161 1
4 0 0.00069 1
3 -0.01 2.63544 0.7
4 0 0.00091 0.1
4 0 0.00118 0.4
4 0 0.00044 0.1
4 0 5e-05 0.5
4 0 9.999996e-06 0.1
4 0 4e-05 0.1
4 0 0.00033 0.6
4 0 0.00053 0.1
4 0 0 0.1
4 0 1.986602 0.3
4 0 7.299997e-06 0.1
4 0 0.0004016 0.1
4 0 0.0005734 0.1
4 0 0.5435449 0.9
4 0 4.000001e-06 1
4 0 4.000001e-06 0.01
4 0 4.999994e-06 0.01
4 0 5.000002e-06 1
4 0 6.000002e-06 1
4 0 1e-06 0.4
4 0 0.000127 0.6
4 0 4.000001e-06 0.04
4 0 0.000366 0.6
4 0 0.000573 0.94
4 0 4e-05 1.06
4 0 0 1
3 -0.004 0.082378 0.79
6 0.01 2.722713 8.91
3 -0.001 0.145019 3.09
3 -0.004 3.496959 0.8
3 -0.001 15.62373 0.02
4 0 0.00062 0.01
4 0 0.00027 0.02
4 0 2.36402 1
5 0.01 4.30172 0.49
3 -0.01 8.90863 1
5 0.01 1.40768 1
4 0 0.00034 1
4 0 1e-05 1
4 0 0.0041 1
4 0 1.02722 1
2 -0.0151 3.6046 1
4 0 0.00079 1
4 0 0.00055 1
5 0.0051 1.90734 0.62
5 0.0035 0.00386 0.62
3 -0.0035 5.41713 0.01
4 0 9.999996e-06 0.99
4 0 7e-04 1
4 0 0.00199 1
4 0 0.0044 0.98
4 0 1e-05 1
4 0 0 1
4 0 0 1
4 0 9.999996e-06 1
4 0 0 1
4 0 0 1
4 0 1e-05 1
4 0 9e-05 0.01
4 0 9.999996e-06 0.11
4 0 2e-05 0.01
4 0 1e-05 1
4 0 0 0.01
4 0 0.00034 0.89
4 0 0.00031 1
4 0 0 1
4 0 0 1
2 -0.01 0.00083 1
4 0 9.999996e-06 1
4 0 0 1
4 0 1e-05 1
4 0 0 1
4 0 0 1
4 0 1e-05 1
4 0 0 1
4 0 0 1
4 0 9.999996e-06 1
4 0 0 1
4 0 8e-05 1
4 0 0.00032 1
4 0 7e-05 0.02
4 0 5e-04 1
4 0 0 1
4 0 0 1
2 -0.01 0.0014 1
4 0 5e-05 0.1
4 0 8.000001e-05 0.94
4 0 0.00047 0.55
4 0 0.0143 0.9
4 0 9.999996e-06 1
4 0 0 0.04
4 0 8e-05 0.96
4 0 1e-05 2
4 0 2e-05 0.06
4 0 9e-05 2
4 0 0 0.04
4 0 9.999996e-06 0.5
4 0 0 0.46
4 0 1e-05 2
4 0 0 1
4 0 0.00083 0.45
4 0 0 1
3 -0.01 0.00924 0.5
5 0.009 0.4442 0.16
5 0.001 0.53551 1
3 -1e-04 0.01049 0.76
5 1e-04 5.894 1
3 -0.01 0.56366 0.1
5 0.004 2.85802 1.88
3 -0.004 0.988029 1.45
4 0 7.4e-05 1
4 0 2.4e-05 1
4 0 4.4e-05 1
4 0 1e-06 0.5
4 0 1e-06 1
4 0 2.000001e-06 1
4 0 3.999994e-06 0.81
4 0 3.000001e-06 1
4 0 0.000465 0.05
4 0 4.999994e-06 0.95
4 0 2.958385 1
4 0 0 1
4 0 1.999993e-06 0.74
4 0 0.000318 0.26
4 0 0.000231 0.05
4 0 5.000002e-06 0.19
4 0 4.2e-05 0.5
4 0 5.7e-05 0.31
4 0 3.000001e-06 0.01
4 0 4.000001e-06 0.18
4 0 0.64099 1
5 0.0099 2.808521 0.03
3 -0.0099 1.1053 1
4 0 0.03496 0.54
5 0.0035 0.00405 0.54
3 -0.0035 1.80425 1
4 0 1e-05 0.7
4 0 9e-05 2.3
4 0 9.999996e-06 2
4 0 0 0.7
4 0 3e-05 0.8
4 0 9.999996e-06 1
4 0 0 1
4 0 0 1
4 0 0.00092 0.01
4 0 0 0.52
4 0 0.00012 0.48
3 -0.0025 8.10614 1.31
3 -0.0075 0.67136 1
4 0 2.28846 1
4 0 0.0028 1
5 0.0039 0.00385 1
4 0 3e-04 1
3 -0.0039 0.01202 1
4 0 9e-04 1
4 0 0.00265 0.44
5 0.0039 0.00398 1
4 0 0.00127 0.44
3 -0.0039 0.00029 1.44
4 0 8.000001e-05 1
4 0 5e-05 0.5
4 0 0.00048 1
4 0 0.00319 1
4 0 0.00162 1
5 0.0039 0.00232 1.44
3 -0.0089 0.00425 1
3 -0.005 0.01065 0.88
4 0 0.00072 0.12
5 1e-04 6.36945 0.45
3 -1e-04 4.91821 0.3
4 0 8.000001e-05 0.2
4 0 4e-05 0.3
4 0 0.00113 0.1
5 0.0062 1.77749 0.13
3 -0.0012 0.68487 0.14
4 0 0.00236 0.1
5 0.0025 4.52021 0.25
3 -0.0075 0.68027 0.1
4 0 1.04438 0.1
4 0 0.00084 0.1
4 0 0.08863 0.1
6 0.01 0.42262 0.3
4 0 0 0.36
4 0 1e-05 0.34
2 -0.01 0.53122 0.1
4 0 2.08198 0.1
4 0 1.04109 0.1
4 0 2.07875 0.1
6 0.01 0.33541 1
3 -0.005 1.74662 1
3 -0.005 0.49524 0.19
6 0.01 0.69233 1
2 -0.01 6.2201 0.2
4 0 0.00107 0.1
4 0 0.09411 0.1
5 0.0039 0.3835249 21.65
5 0.0061 0.0308466 1
2 -0.01 0.4666072 0.1
6 0.01 0.7142023 0.69
4 0 8.000003e-06 1
4 0 4.999994e-06 2
4 0 7.000002e-06 0.09
3 -1e-04 0.026484 2.22
3 -0.0099 2.164597 0.1
5 0.0093 2.724359 0.5
3 -0.0086 2.694344 1
3 -7e-04 2.159555 0.2
4 0 0.00055 0.1
4 0 3.55491 1
4 0 8e-05 0.3
4 0 0 0.7
4 0 2e-05 0.3
4 0 0 1
4 0 1e-05 1
4 0 0 1
4 0 0 1
4 0 9.999996e-06 0.7
4 0 0 0.3
4 0 1e-05 1
4 0 0 1
4 0 9.999996e-06 1
4 0 0 1
4 0 0.00036 1
4 0 3e-05 1
4 0 0.00461 0.1
4 0 0.86519 0.1
4 0 1.21139 1
4 0 9.999996e-06 1
4 0 0 1
4 0 0 1
4 0 1e-05 0.8
4 0 0.00035 1
4 0 2e-05 0.9
4 0 1e-05 1
4 0 9.999996e-06 1.24
4 0 0.00181 1
4 0 1e-05 1
4 0 0.00128 0.76
4 0 0 0.24
4 0 1e-04 0.3
4 0 0 0.01
4 0 0 1
4 0 4e-05 1
4 0 0 0.69
4 0 2e-04 0.31
4 0 2e-04 0.42
4 0 0.00016 0.5
3 -0.01 0.02742 0.1
5 0.01 0.4153 1
4 0 0.15155 1
4 0 0.58039 1
3 -0.005 8.17694 1
5 0.005 1.53375 0.1
4 0 0.00066 1
4 0 0.00065 1
3 -0.005 5e-05 1
5 0.005 0 1
4 0 9.999996e-06 2
4 0 1e-05 1
4 0 9.999996e-06 0.1
4 0 0.00031 1
6 0.01 0.00033 1
2 -0.015 0.00036 1
4 0 0.00055 1
6 0.011 0.12351 1.1
3 -0.006 0.01014 1
5 0.005 0.34608 1
3 -0.005 10.88901 1
6 0.01 1.95633 0.27
4 0 2.56271 0.9
2 -0.01 0.0046 1
4 0 0.00055 1
4 0 0.00018 1
4 0 0.00021 2
4 0 0.00079 1
4 0 0.00057 1
4 0 0.00012 1
4 0 0.0016 1
4 0 0.00013 7.12
4 0 0.00065 1
4 0 0.00252 2
4 0 0.00221 2
4 0 1e-05 1.5
4 0 0 2
4 0 0 1
4 0 9.999996e-06 1
4 0 0 1
4 0 0 1
4 0 9e-05 1
4 0 1e-05 1
4 0 9.999996e-06 0.01
4 0 1e-05 1
4 0 9.999996e-06 1
4 0 1e-05 1
4 0 0.00066 1
4 0 0 1
3 -0.01 0.00806 1
4 0 0 1
4 0 0 1
4 0 1e-05 1
4 0 0 1
4 0 9.999996e-06 1
4 0 0 1
4 0 0 1
4 0 1e-05 1
4 0 0 1
4 0 0 2
4 0 6.999999e-05 1
4 0 1e-05 1
4 0 1e-05 1
4 0 0 1
4 0 9.999996e-06 1
4 0 0 1
4 0 1e-05 1
4 0 3e-04 1
4 0 0.00039 1
4 0 0 1
4 0 0 1
2 -0.01 3e-05 0.02
6 0.01 1e-05 1
4 0 0 1
4 0 0 1
2 -0.01 0.05765 0.88
6 0.02 0.03946 1
4 0 0.01237 1
2 -0.02 0.90066 1
4 0 9.999996e-06 1
4 0 0.00074 1
4 0 0 1
4 0 0 1.59
5 0.005 4.17833 1
5 0.005 4.54422 2.5
4 0 0.74338 1
3 -0.005 9.812539 1
3 -0.005 1.712462 0.35
4 0 2.3e-05 1
4 0 4.000001e-06 1
4 0 5.999995e-06 1
4 0 5.000002e-06 1
4 0 0 0.01
4 0 2.000001e-06 1
4 0 5.000002e-06 0.12
4 0 0.000794 1
4 0 4.000001e-06 1
4 0 0.000646 1
4 0 0 0.44
4 0 0.000517 0.56
4 0 0 0.75
4 0 0.001988 1
4 0 0.000251 0.5
4 0 0.000227 1
4 0 6.4e-05 0.88
4 0 4.000001e-06 1
4 0 8.999996e-06 1
4 0 2.000001e-06 1
4 0 3.000001e-06 1
4 0 3.000001e-06 1
4 0 8.6e-05 1
4 0 1.3e-05 1
4 0 4.1e-05 1
4 0 0.00817 2
4 0 0.00036 1
4 0 0.044555 2
3 -0.01 0.017626 0.1
5 0.01 0.042149 0.12
4 0 0.00524 1
4 0 1.093388 1
3 -0.005 0.75173 0.16
4 0 9.169234 1
3 -0.005 0.85253 0.4
4 0 0.00039 0.1
4 0 1.30857 0.1
4 0 0.36817 0.2
4 0 0.00012 0.07
4 0 0.00026 0.1
4 0 6e-05 0.08
4 0 0.33077 0.2
4 0 1e-05 0.25
4 0 8.999999e-05 0.5
4 0 0 0.2
4 0 0.00017 0.5
4 0 6.000001e-05 0.44
4 0 5e-05 0.01
4 0 0 0.1
4 0 3e-05 0.2
4 0 5e-05 0.2
4 0 0.00062 0.1
4 0 0.00062 0.1
4 0 0.00436 0.1
5 0.005 6.6372 1
3 -0.005 0.00143 0.1
4 0 0.00098 0.1
5 0.01 4.44129 0.17
3 -0.01 1.18202 0.1
4 0 6e-04 0.1
4 0 4.09923 0.1
5 0.005 1.94834 1
3 -0.005 4.10106 0.05
5 0.001 4.61793 0.31
5 0.009 4.25208 0.54
3 -0.005 8e-04 1
4 0 0.00585 1
5 0.005 0.80451 1
4 0 1e-05 1
4 0 0 1
4 0 0 1
4 0 9.999996e-06 1
4 0 0 0.03
4 0 2e-05 1
4 0 0.00011 1
4 0 2e-04 1
4 0 0.00044 1
4 0 8.000001e-05 1
4 0 0.00021 1
4 0 9.999996e-06 1
4 0 0.00098 1
4 0 0.00027 1
4 0 0.16697 1
4 0 0.01138 2
4 0 0 1
4 0 0.00018 1
4 0 0.00029 1
4 0 0.01627 1
4 0 0.07133 1
4 0 2.32854 1
4 0 0.0016 0.7
3 -0.01 0.00082 0.1
5 0.01 0.02259 1
4 0 0.15844 0.7
4 0 1e-05 0.3
4 0 6e-05 0.7
3 -0.01 0.50635 0.2
4 0 0.00056 0.1
5 0.005 0.33995 7.41
5 0.005 0.73542 1
4 0 0.01065 2
4 0 5e-04 1
4 0 4.992925 2
4 0 4.000001e-06 0.41
4 0 6e-05 0.59
4 0 4e-04 1
4 0 1.214782 0.1
4 0 0.004448 0.1
4 0 0.001478 0.3
4 0 0.000742 0.1
4 0 0.04369 0.1
4 0 0.000731 0.1
4 0 0.268186 0.1
5 0.005 1.299728 1
5 0.005 1.932194 1
2 -0.01 1.907755 0.1
4 0 0.005707 0.1
4 0 0.000443 0.1
4 0 0.004432 0.1
4 0 0.000989 0.1
4 0 0.000478 0.1
4 0 0.003045 0.1
4 0 0.009416 0.1
4 0 0.47126 0.1
4 0 0.008095 0.1
6 0.01 0.602821 1
4 0 0.003677 2
3 -1e-04 0.023307 3
3 -0.0099 1.766787 0.1
4 0 2.30381 1
4 0 0.90024 0.1
4 0 0.02046 0.1
4 0 0.7359 1
6 0.01 0.32614 1
4 0 1e-05 0.01
4 0 0 0.99
4 0 6e-05 1.01
4 0 0 1
4 0 9.999996e-06 1
4 0 0 1
4 0 0 1
4 0 1e-05 1
4 0 3e-05 1
4 0 1e-05 1
4 0 1e-04 2
4 0 2e-05 1
4 0 0 1
4 0 0.00055 1
4 0 0.00712 1
4 0 9.999996e-06 1
4 0 3e-05 1
4 0 9.999996e-06 1
4 0 0.00215 1
4 0 0 1
4 0 0.00121 2
4 0 0.00088 2
4 0 0.0027 2
4 0 0.00117 2
4 0 0 1
4 0 9.999996e-06 4
4 0 0 4
4 0 0 1
4 0 0.00011 2
4 0 1e-05 2
4 0 9.999996e-06 2
4 0 2e-05 2
4 0 0 1
4 0 6e-04 1
4 0 0 0.5
4 0 4e-05 1
4 0 0.00212 2
2 -0.01 0.00229 1
4 0 0.00519 1
4 0 0 0.22
4 0 0 1
4 0 1e-04 0.8
4 0 1e-05 1
4 0 0 2.7
4 0 9.999996e-06 1
4 0 2e-05 2
4 0 1e-05 0.01
4 0 2e-05 0.02
4 0 0 1
4 0 2e-04 0.08
4 0 0.0768 0.1
4 0 0.00222 0.1
4 0 0.01131 0.1
4 0 4.26631 0.1
5 0.007 2.42197 0.1
3 -0.002 2.004 1
5 0.005 2.40519 1
3 -0.005 0.00553 1
4 0 0.00171 1
5 0.005 0.01129 1
4 0 0.53956 1
4 0 3e-05 1
4 0 0.00038 1
4 0 1.19072 1
4 0 2.20296 0.21
4 0 0.09639 0.21
5 0.008 1.78167 2.15
3 -0.003 0.1686 1
5 0.005 5.75723 1
4 0 2.9954 0.69
4 0 1.42186 0.13
3 -0.005 0.00019 0.13
4 0 0.00127 0.13
5 0.005 0.00042 0.13
3 -0.005 0.00046 0.13
4 0 0.00079 0.13
5 0.005 0.00083 0.13
4 0 0.00132 0.13
4 0 0.2773 0.01
4 0 1.77967 0.7
4 0 0.00016 0.2
4 0 1e-05 0.1
4 0 1.48891 1
4 0 4e-05 0.3
4 0 0 1
4 0 0 1
4 0 9.999996e-06 1
4 0 0 1
4 0 4.000001e-05 1
4 0 0.00041 1
4 0 8e-04 1
3 -0.005 0.00066 1
6 0.015 0.1006 1
4 0 3e-05 1
2 -0.01 0.78013 0.1
4 0 1.77254 0.09
6 0.01 4.767 0.1
4 0 0.00314 1
4 0 0.00376 0.9
4 0 0.00057 2
4 0 5.17291 0.25
4 0 1.428467 0.01
4 0 0.8024827 1
4 0 0.2154475 1
4 0 0.008972 0.75
4 0 5.000002e-06 0.25
4 0 0.017638 0.75
4 0 4.000001e-06 0.25
4 0 0.010318 1
3 -0.005 0.001639 1
3 -0.005 1.623821 0.1
4 0 0.709224 0.1
6 0.01 0.783118 1
2 -0.01 0.144373 0.1
6 0.01 0.992033 0.75
4 0 5.000002e-06 2
4 0 3.999994e-06 0.25
4 0 0.000156 1
4 0 0.016387 0.75
4 0 4.000001e-06 0.25
4 0 0.01571 0.75
4 0 3.999994e-06 0.25
4 0 0.280262 0.75
4 0 4.000001e-06 0.25
4 0 0.193223 0.75
4 0 6.000002e-06 0.25
4 0 5.4e-05 0.75
4 0 0.000393 1
4 0 0.001772 1
4 0 0.000864 0.62
5 0.005 0.000982 1
5 0.005 0.016272 1
2 -0.01 0.044735 1
4 0 0.101636 2
4 0 4.000001e-06 1
4 0 4.000001e-06 1
4 0 5e-05 1
4 0 0.000196 0.5
4 0 3.4e-05 1.5
4 0 0.000739 1
4 0 0 1
4 0 0.005882 1
4 0 0.011751 0.45
4 0 2.7e-05 0.55
4 0 0.098824 1
4 0 2.838555 1
2 -0.01 1.805789 0.1
4 0 1.20874 0.1
4 0 4e-04 0.1
6 0.01 1.27405 0.38
4 0 4e-04 1
6 0.01 0.00073 1
2 -0.01 0.68705 0.1
5 0.005 0.94273 0.01
3 -0.005 0.44854 0.1
4 0 0.00034 0.1
4 0 0.00149 0.1
4 0 0.01976 0.1
4 0 0.00026 0.1
4 0 1.73514 1
4 0 0.46857 0.1
5 0.005 1.99747 1
5 0.005 1.4902 0.1
4 0 9.999996e-06 0.1
4 0 4e-05 0.8
2 -0.01 1.66873 0.1
6 0.01 2.80102 0.01
4 0 0.09896 2
3 -1e-04 0.02278 4
5 1e-04 3e-04 1
4 0 8e-05 1.5
4 0 9.999996e-06 0.48
4 0 3e-05 0.3
4 0 0 1
4 0 1e-05 1
4 0 0 1
4 0 0 1
3 -0.005 4e-04 1
5 0.005 7e-05 1
4 0 4e-04 0.94
4 0 4e-05 0.05
4 0 0.02478 1
4 0 0 1
4 0 0.00021 1
4 0 0.33788 2
4 0 9.999996e-06 1
4 0 5e-05 1
4 0 0.00011 1
4 0 0.03936 1
5 0.01 0.02715 1
3 -0.01 0.23016 0.1
4 0 0.15993 0.1
4 0 4.86998 0.1
5 0.001 6.36219 0.25
5 0.009 3.86678 1
4 0 0.00026 1
4 0 2e-05 1
4 0 0.00046 1
4 0 0 1
4 0 0.27071 1
4 0 0.0017 1
4 0 0.01157 1
4 0 0.00412 1
4 0 1.346 1
4 0 1e-05 1
4 0 0.81786 1
4 0 1e-05 1
4 0 0 1
4 0 6e-05 1
4 0 5e-05 1
4 0 5e-05 1
4 0 8e-04 1
4 0 0.00128 1
4 0 0.00421 1
4 0 0.00245 1
3 -0.01 7e-05 1
5 0.01 0.25565 1
4 0 0.00156 1
4 0 0.0126 1
4 0 0.01335 1
1 -0.027 0.45043 1
6 0.0195 2.14183 0.2
5 0.0075 0.08705 0.6
4 0 0.028 0.01
3 -0.01 0.15756 0.5
4 0 1e-05 0.7
4 0 0.00021 0.3
4 0 9.999996e-06 0.9
4 0 8e-04 0.1
4 0 0 0.2
4 0 9e-05 0.1
4 0 0.00015 0.1
5 0.01 0.00091 1
3 -0.01 0.00019 0.1
5 0.01 0.09165 0.01
4 0 0.16571 1
4 0 0.00232 2
4 0 1.29242 1
4 0 0.42865 1
4 0 0.00082 1
4 0 1.27566 0.1
4 0 1.33994 1
4 0 0 1
4 0 0.00024 0.01
4 0 0 0.49
4 0 4.000001e-05 0.01
4 0 0.00017 0.49
4 0 6e-05 0.5
4 0 0.00015 0.01
4 0 0 0.49
4 0 0.00369 0.1
4 0 1.00055 1
6 0.01 1.29091 1
4 0 0.04209 1
4 0 0.33717 0.05
4 0 1.47573 1
4 0 0 1
4 0 1e-05 1
4 0 6e-05 1
4 0 3e-05 2
4 0 0 1
4 0 9.999996e-06 1
4 0 0 1
4 0 8e-05 1
4 0 0 1
4 0 2e-05 1
4 0 9e-04 2
4 0 0.00024 1
4 0 0.00546 1
4 0 0.00048 1
4 0 0.00095 1.46
4 0 0.00322 1
4 0 0.01789 1
4 0 0.0708 1
4 0 0.02399 1
4 0 0.78155 1
6 0.01 3.336748 2
4 0 0.1007983 0.4
4 0 0.0081414 0.6
4 0 0.1989551 1
4 0 2.51e-05 2.11
4 0 0.0003823 8.89
4 0 0.000231 0.11
4 0 0.0001334 1.89
4 0 4.31e-05 1
4 0 8.200004e-06 0.04
4 0 0.0209481 1
4 0 4.599999e-06 0.44
4 0 5.7e-06 0.5
4 0 1.18e-05 0.5
5 0.01 0.4174633 1
4 0 0.0010995 0.86
4 0 0.0001723 0.14
4 0 1.702553 0.64
4 0 4.000001e-06 1
4 0 4.000001e-06 0.36
4 0 1.1e-05 0.38
4 0 5.1e-05 0.26
4 0 0.000761 1
6 0.01 0.007451 0.41
4 0 0.000523 4.94
4 0 0.01619 1
2 -0.01 0.095657 1
4 0 6.000002e-06 1
4 0 0.271338 2
4 0 5.6e-05 1
4 0 2e-05 1
3 -1e-04 0.016449 0.67
5 1e-04 0.0011 1
3 -0.01 0.178538 0.1
5 0.008 1.204654 0.09
3 -0.008 0.454845 0.05
5 0.005 3.025911 0.19
5 0.005 0.580658 1
4 0 0.000704 6
4 0 0.007279 0.03
6 0.01 0.027943 1
2 -0.01 0.12042 0.02
4 0 0.680412 0.4
4 0 0.9388 0.6
4 0 0 0.4
4 0 7e-05 0.6
3 -0.01 0.54393 1
5 0.01 0.86782 1
4 0 0.0133 1
4 0 0.01318 1
6 0.01 0.01876 1
2 -0.01 3.34383 0.1
4 0 0.70551 1
4 0 0.01447 1
4 0 0.00065 1
4 0 5e-04 0.5
4 0 8e-05 0.5
4 0 0.00014 0.5
4 0 5e-05 1
4 0 1e-05 0.5
4 0 9.999996e-06 0.04
4 0 0.00034 1
4 0 0.00051 1
4 0 0.08148 1
3 -0.01 0.53665 1
5 0.0062 2.18929 2.5
5 0.0038 0.00335 0.1
4 0 1e-05 0.1
4 0 4e-05 0.8
3 -0.01 1.07281 1
4 0 1e-05 1
4 0 0 0.5
4 0 9.999996e-06 0.06
4 0 0 0.64
4 0 5e-05 0.3
4 0 9.999996e-06 5.9
4 0 0 0.6
4 0 2.000001e-05 1
4 0 0 1
4 0 0.00032 1
4 0 9.999996e-06 0.42
4 0 1e-05 0.36
4 0 9.999996e-06 2
4 0 0 0.58
4 0 0 1
4 0 1e-05 2
4 0 0 6
4 0 0.00032 1
4 0 0.00057 0.83
4 0 4.000001e-05 0.17
4 0 0.00724 1
4 0 0 1
4 0 0.10419 1
4 0 0.26972 1
4 0 0.08864 8
4 0 0.00123 1
5 0.01 0.00047 0.76
4 0 0.00042 1
3 -0.01 0.26585 1
4 0 0 1
4 0 0.00011 1
4 0 0 1
2 -0.01 0.00685 1
6 0.01 0.00399 4
4 0 0 0.59
4 0 0.71808 1
4 0 0.00056 0.6
4 0 0 0.4
2 -0.01 0.06812 1
4 0 0.5271 0.15
6 0.01 2.51337 1
4 0 1e-05 1
4 0 2e-05 1
4 0 0.00036 1.4
4 0 2e-04 1
5 0.01 3.14474 0.01
2 -0.02 0.79403 0.05
6 0.01 1.3265 0.01
4 0 0.58755 1
6 0.02 0.4408 0.13
2 -0.01 1e-05 1
6 0.01 9.999996e-06 0.53
4 0 0 1.5
4 0 0 1
4 0 1e-05 0.7
4 0 0 1
4 0 0 0.27
4 0 5e-05 1
4 0 0.00022 0.73
4 0 1e-05 0.27
4 0 0.00019 1
4 0 0.00026 0.61
4 0 0.00031 0.73
4 0 1e-05 3.27
6 0.01 0.00014 1
4 0 1e-04 1
2 -0.01 0.00018 1
4 0 0 0.29
4 0 0.00012 0.71
6 0.01 3e-05 0.39
4 0 0.00025 3
4 0 0 1
1 -0.02 2e-04 0.1
7 0.02 9e-04 1.5
4 0 9.999996e-06 1
4 0 0 0.7
4 0 0 1
4 0 0.00148 1
2 -0.01 0.26061 1
4 0 9.999996e-06 1
4 0 0 1
4 0 0.00011 0.95
4 0 0.21907 1
4 0 1e-05 0.76
4 0 0 1
4 0 0.00013 1
2 -0.01 0.58033 1
5 0.0011 0.97924 1
3 -0.0011 0.00054 1
6 0.01 0.30857 0.57
2 -0.01 1.23334 1
6 0.01 1.24613 0.24
4 0 0.00074 0.05
2 -0.01 0.23099 1
7 0.03 0.23627 0.01
3 -0.01 5.19632 0.41
2 -0.01 0.09026 1
6 0.0118 3.51046 2.9
3 -0.0018 4.14126 2
4 0 9.999996e-06 1
4 0 0 1
5 0.01 1.94941 1
4 0 3e-05 1
3 -0.01 0.21338 1
4 0 0.29016 0.05
5 0.0068 1.17021 0.37
3 -0.0068 1.77632 0.95
4 0 0 1
4 0 0 1
4 0 9.999996e-06 1
4 0 0 1
4 0 0 1
4 0 1e-05 0.5
4 0 0.00101 1
4 0 0 1
4 0 4e-05 0.55
4 0 0.01303 1
4 0 3e-05 1
2 -0.01 0.05491 1
6 0.01 0.09385 1
4 0 0.68944 2
4 0 2.11911 1
2 -0.01 2.84744 0.05
4 0 9.999996e-06 0.05
4 0 1.532627 0.25
4 0 1.175308 0.05
4 0 4.999994e-06 0.05
4 0 0.002059 0.1
4 0 0.318491 0.1
6 0.01 0.702443 1
4 0 0.000105 1.96
4 0 0.057296 0.05
4 0 4.9e-05 0.05
4 0 0.278559 0.05
4 0 4.7e-05 0.05
4 0 0.008532 1
4 0 0.378606 0.05
5 0.01 1.407733 0.35
3 -0.01 0.342314 1
4 0 4.826596 0.1
4 0 0.32295 1
5 0.01 0.63638 1
3 -0.01 3.14945 1
4 0 3.00126 1
4 0 0.00076 1
4 0 0.02526 0.36
4 0 0 1
4 0 0 0.64
5 0.005 0.67101 1
4 0 0.00031 1
5 0.005 0.00088 1
3 -0.01 0.04081 1
4 0 2.26139 1
4 0 0.00018 1
4 0 0 1
4 0 9.999996e-06 1
4 0 0 1
4 0 1e-05 1
4 0 0 1
4 0 2e-05 2
4 0 0.00014 1
4 0 0.00055 1
2 -0.01 0.19636 1
4 0 0.38708 0.6
4 0 9.999996e-06 0.4
5 0.005 0.26723 1
3 -0.005 0.17818 1
6 0.01 0.07914 1
2 -0.01 0.04077 1
4 0 0 2
4 0 0 1
4 0 0.00013 0.5
4 0 0 1
4 0 9.999996e-06 0.3
4 0 1.51094 1
4 0 0 1
4 0 1e-05 0.41
4 0 2e-05 0.59
4 0 1e-05 0.23
4 0 0 1
4 0 0.00033 1
4 0 1e-05 1.27
4 0 6e-05 1.73
4 0 0.00761 1
4 0 9.999996e-06 1
4 0 1e-05 1
4 0 9e-05 1
4 0 0.00776 0.1
4 0 0.0027 0.9
2 -0.01 0.78556 1
4 0 0.00167 1
6 0.01 6.42253 0.49
4 0 3.99768 0.13
3 -0.005 0.66542 1
3 -0.005 0.57478 0.05
5 0.009 2.07674 3
5 0.001 2.68467 0.38
4 0 1e-05 0.14
4 0 0.84961 1
4 0 0.78268 1
4 0 0.01537 0.6
4 0 0 0.05
4 0 0.00033 1
4 0 2e-05 0.35
4 0 0.00024 0.65
4 0 0.00116 0.85
4 0 7e-05 0.96
4 0 0.02883 0.23
2 -0.01 0.75939 1
4 0 3.18864 0.1
5 0.007 0.39675 0.12
5 0.003 0.05609 1
4 0 1.61647 1
4 0 2e-05 1
2 -0.01 2.72657 1
4 0 0.00208 1.64
4 0 0.19244 1
6 0.01 0.46378 1
2 -0.01 1.78067 0.18
4 0 0.34922 0.9
4 0 1.34627 0.1
4 0 5e-04 0.1
6 0.01 1.70466 0.4
4 0 0 0.6
4 0 0.02708 0.4
4 0 0.00711 0.6
4 0 1.71534 1
4 0 6e-05 1
4 0 3e-05 1
4 0 2.189687 0.03
4 0 1.473247 1
4 0 0.000119 1
4 0 0.000432 0.87
4 0 0.465784 1
4 0 0.861083 1.97
4 0 4.000001e-06 1
4 0 3.999994e-06 1
4 0 5.000002e-06 0.03
4 0 0.558629 1
5 0.0098 2.265169 0.03
3 -0.0098 4.708117 1.97
4 0 1e-05 1
4 0 0 1
4 0 0 2
4 0 0 1
4 0 0.00034 1
4 0 9.999996e-06 1
4 0 0 0.5
4 0 1e-05 1
4 0 9.999996e-06 1
4 0 1e-05 1
4 0 2e-05 1
4 0 1e-05 0.95
4 0 2e-05 1.05
4 0 0.00036 1
4 0 0.00017 1
4 0 0 0.5
4 0 4e-05 1
4 0 0.01328 1
4 0 0.1533 1
2 -0.01 0.48781 1
4 0 0.00013 0.8
4 0 0 0.2
4 0 0.00207 1
6 0.01 0.1661 1
4 0 4e-05 1
4 0 8.60492 1
3 -0.001 3.88069 1
4 0 9.999996e-06 1
3 -0.008 0.00415 2
5 0.009 0.00283 2
2 -0.01 0.37654 1
6 0.01 0.33262 0.47
3 -0.005 1.20161 1
5 0.005 0.44246 1
3 -0.009 2.18946 0.25
3 -0.001 4.33816 0.05
6 0.01 5.83062 1
2 -0.01 0.44863 0.2
5 1e-04 1.50023 0.34
3 -1e-04 3.22289 0.05
6 0.01 1.52591 1
4 0 0.00022 1
4 0 0.0222 1
4 0 0.00099 2
2 -0.01 0.1768 1
6 0.01 0.61241 1
3 -0.009 3.68336 0.25
5 0.009 1.24925 1
4 0 1e-05 1
4 0 0 1
4 0 9.999996e-06 1
4 0 0 1
4 0 0 4
4 0 3e-05 1
4 0 0.00012 0.13
4 0 0 1
4 0 9.999996e-06 1
4 0 0 0.14
4 0 8e-05 1
4 0 0.00048 1
4 0 0 1
4 0 0.00198 0.86
4 0 0 1
4 0 9.999996e-06 0.14
4 0 4e-04 0.86
4 0 0.00033 2
4 0 0.017 0.01
4 0 0.2283 1
4 0 0.75063 0.14
4 0 0 1
4 0 9.999996e-06 0.86
4 0 0.00014 2
5 0.0099 0.88133 0.92
3 -0.0099 0.77086 1
4 0 6.999999e-05 1
4 0 5.414984 0.1
4 0 4.374439 0.2
4 0 0.000413 0.1
4 0 0.03143 0.3
4 0 0.000228 0.2
4 0 0.000487 0.1
4 0 1.188375 0.1
4 0 0.000471 0.1
4 0 0.259655 0.14
4 0 4.000001e-06 1
4 0 4.000001e-06 1
4 0 5.000002e-06 1
4 0 3.000001e-06 0.87
4 0 6.999995e-06 1
4 0 3.000001e-06 0.5
4 0 3.000001e-06 1
4 0 4.000001e-06 1
4 0 4.000001e-06 1
4 0 3.000001e-06 0.9
4 0 6.899999e-05 0.1
4 0 2.000001e-06 1
4 0 5.000002e-06 1
4 0 4.000001e-06 1
4 0 0.000318 0.8
4 0 7.000002e-06 3
4 0 1.3e-05 1
4 0 1.2e-05 0.64
4 0 8.5e-05 0.36
2 -0.01 0.000182 1
6 0.01 0.000253 1
2 -0.01 9.6e-05 1
5 0.005 0.006399 2
5 0.005 5.000002e-06 1
2 -0.01 0.001399 0.1
4 0 0.264329 1
4 0 0.000296 1
4 0 0.693843 0.1
4 0 0.118143 0.8
4 0 0.000638 0.2
4 0 0.000278 0.5
4 0 4.000001e-06 1
4 0 6.999995e-06 1
4 0 4.000001e-06 1
4 0 3.000001e-06 2
4 0 3.000001e-06 0.16
4 0 2e-05 0.27
4 0 1e-06 0.09
4 0 4.000001e-06 1
4 0 3.999994e-06 0.75
5 0.005 0.001672 1
3 -0.005 0.836593 0.8
4 0 0 0.2
4 0 0.000198 1.17
5 0.005 0.156856 1.5
3 -0.005 0.081019 0.1
5 0.005 0.610906 0.87
5 0.005 5.264148 1
2 -0.01 1.35436 0.1
4 0 1.40599 0.2
4 0 4.000001e-05 0.1
4 0 0.00183 0.1
4 0 0.00101 0.3
4 0 0.00054 0.1
4 0 1.61961 0.7
4 0 0.00051 0.1
4 0 0.47252 0.1
4 0 0.18104 1
4 0 0 1
4 0 0.00017 1.71
4 0 9.999996e-06 0.29
4 0 0.29337 1
4 0 0.5193 1
4 0 1e-05 1
4 0 0.00019 1
4 0 0 1
4 0 0.00046 2
4 0 2e-04 1
3 -0.01 2.30728 1
4 0 0.00021 0.4
4 0 3e-05 0.6
4 0 0 0.65
4 0 0.00023 0.35
4 0 0 0.15
4 0 8.000001e-05 0.2
4 0 0.00017 0.1
4 0 9.999996e-06 0.5
4 0 0.00026 0.05
4 0 1e-05 0.25
4 0 6.999999e-05 0.11
4 0 4e-05 0.15
4 0 0.00019 0.5
4 0 0.00013 0.05
4 0 0.00024 0.2
4 0 0.00011 0.2
4 0 0.00015 0.1
4 0 1e-05 0.1
4 0 5e-05 0.3
4 0 0.00018 0.1
4 0 1e-05 0.2
4 0 6.999999e-05 0.2
4 0 0.00011 0.6
4 0 3e-05 0.01
4 0 9.999996e-06 1
4 0 0 3
4 0 0.00091 0.69
4 0 0 0.28
2 -0.01 0.0011 0.1
4 0 7e-05 0.1
4 0 0.00016 0.1
4 0 2e-05 0.1
4 0 0.00237 0.6
4 0 0.00044 0.1
4 0 0.01244 1
4 0 0.003 1
4 0 0.08302 0.1
4 0 0.32724 1
4 0 0 1
4 0 0.19626 3
4 0 0.00044 1
4 0 0 1
4 0 0 0.5
4 0 9.999996e-06 0.9
4 0 2e-05 0.01
4 0 1e-05 2
4 0 5e-05 0.09
4 0 1e-05 1
4 0 0 1
2 -0.01 0.60925 1
6 0.01 3.56992 0.7
4 0 1e-05 1
4 0 0.00362 1
4 0 9.999996e-06 1
4 0 0 1
4 0 0.00016 1
4 0 2e-05 2
4 0 12.67995 1
6 0.01 0.51421 0.55
2 -0.01 0.18903 0.1
6 0.01 0.25732 1
4 0 0 1
4 0 0.00019 1
4 0 1.33987 2
4 0 0 0.12
4 0 9.999996e-06 1
4 0 0 1
4 0 0 1
4 0 0 1
4 0 0.00072 1
2 -0.01 0.33854 1
6 0.01 0.29096 1
2 -0.01 1.82928 2.09
4 0 7.12533 0.1
5 1e-04 5.50002 0.03
5 0.0099 8.371011 0.6
4 0 4.000001e-06 1
4 0 3.000001e-06 1
4 0 4.999994e-06 0.8
4 0 8.5e-05 0.1
4 0 0.000246 0.1
4 0 5.000002e-06 1
4 0 3.000001e-06 1.95
4 0 5.999995e-06 1
4 0 3.5e-05 1
4 0 0.000111 1
4 0 0.00054 0.07
4 0 0.0149 1
4 0 0.006196 1
2 -0.01 0.588221 1
6 0.01 1.468765 0.91
2 -0.01 0.660805 1
4 0 0.000466 0.96
5 0.009 0.474914 0.32
3 -0.004 7.653449 1
5 0.005 0.16794 0.37
4 0 0.76899 1
3 -0.005 0.01321 1
4 0 0.00099 1
5 0.005 0.00515 1
4 0 0.00313 1
3 -0.0099 0.59926 0.01
5 0.0099 2.12447 0.1
4 0 0.00184 0.9
3 -0.005 0.02105 1
5 0.005 4.41512 0.13
3 -2e-04 6.3587 0.32
3 -0.0098 5.70275 1
4 0 0 1
4 0 4.000001e-05 1
5 0.005 4.34976 1
3 -0.0049 0.31059 0.1
5 0.0099 2.4245 1
4 0 0.00406 1
2 -0.01 0.10985 1
6 0.01 0.72557 0.63
4 0 1e-05 1
4 0 0 1
4 0 0 1.6
4 0 9.999996e-06 2
4 0 0 1
4 0 3e-05 1
4 0 1e-04 1
4 0 0 2
4 0 1e-05 1
4 0 9.999996e-06 0.3
4 0 2e-05 0.7
4 0 0 0.3
4 0 0.00012 0.7
4 0 9.999996e-06 0.3
4 0 0.00054 2.93
4 0 0 3
4 0 1e-05 1
4 0 0.00019 1
4 0 0.00118 0.03
4 0 3e-05 3.6
4 0 9.999996e-06 1
3 -0.005 0.00025 1
5 0.005 0.01259 1
4 0 0 1
4 0 0.00247 0.87
4 0 0.00024 2
4 0 9.999996e-06 1.13
4 0 0.00291 1
4 0 0.01295 1
2 -0.01 0.0487 1
6 0.01 0.00012 1
2 -0.01 0.00172 1
4 0 0.00329 1
6 0.01 0.68625 1
4 0 0.00014 1
4 0 1e-05 1
4 0 0.00027 1
4 0 0.00027 6
4 0 0.26385 1
4 0 0.04561 0.79
4 0 0.00128 2
4 0 0.00012 0.21
4 0 1.27851 0.94
4 0 3.7261 1
4 0 0.00619 0.04
4 0 5e-05 0.07
4 0 0.22229 0.06
5 0.01 0.459 1
4 0 0.00014 1
4 0 9.999996e-06 1
3 -0.005 0.08878 1
5 0.005 8.14856 1
4 0 0.0667 1
3 -0.01 0.21034 0.11
5 0.01 2.263451 1
4 0 9.000003e-06 1
4 0 1.063243 1
4 0 0.726684 1
4 0 1.168207 1
4 0 1.466565 1
4 0 8.000003e-06 1
4 0 0.000374 1
4 0 6.999995e-06 1
4 0 3.000001e-06 0.75
4 0 4.000001e-06 1
4 0 3.000001e-06 2.4
4 0 4.000001e-06 1
4 0 3.999994e-06 1
4 0 3.900001e-05 0.52
4 0 1e-06 1
3 -0.005 3.4e-05 1
5 0.005 1e-06 0.48
4 0 5.000002e-06 1
4 0 0.000272 1
4 0 2.000001e-06 1
4 0 0.000134 1
4 0 0.671623 1
4 0 0.000135 2
4 0 4.6e-05 1
6 0.01 6.072832 1
4 0 0.21513 1
4 0 0.01747 1
2 -0.01 0.43951 0.05
6 0.01 3.14274 1
4 0 3.02631 1
4 0 0 1
4 0 9.999996e-06 1
4 0 0.0014 1
4 0 0.00012 2
4 0 0.66672 1
5 0.001 1.43847 1
3 -9e-04 0.01538 1
5 0.0049 0.30093 0.69
3 -0.005 0.66761 2
4 0 0.00014 1
4 0 1e-05 1
5 0.0038 0.17391 0.71
5 0.0061 0.59923 1
3 -0.0099 0.11801 1
4 0 6.42573 0.34
5 0.001 1.06302 1
4 0 0.00066 1
3 -0.001 0.00346 0.66
4 0 0.00252 2
4 0 5e-05 1
4 0 1e-05 1
4 0 0 1
4 0 9.999996e-06 1
4 0 0 1
4 0 0 1
4 0 0 1
4 0 1e-05 1
4 0 0 2
4 0 0 1
4 0 0 0.04
4 0 9.999996e-06 1
4 0 0 3
4 0 1e-05 1
4 0 9e-05 1
4 0 0 2
4 0 9.999996e-06 1
4 0 1e-05 1
4 0 9.999996e-06 0.94
4 0 0.00024 1
4 0 0.00031 1
4 0 0 1.97
4 0 0 1
4 0 4e-05 6
4 0 0 1
2 -0.01 8e-05 1
4 0 0.0077 1
4 0 0 0.5
4 0 1e-05 1
4 0 0 1
4 0 0 1
4 0 9.999996e-06 1
4 0 0 1
4 0 1e-05 1
4 0 0 1
4 0 0 1
4 0 8.999999e-05 1
4 0 3e-05 1
4 0 2e-05 1
4 0 0.00024 1
4 0 0.00029 1
4 0 4.000001e-05 1
4 0 0 1
4 0 0 1
4 0 2e-05 1
4 0 0.00015 1
3 -0.0032 0.09955 2.89
6 0.0132 0.36178 1
2 -0.02 0.08574 0.5
4 0 0.19969 0.14
4 0 1e-05 0.5
4 0 0 0.36
4 0 5e-04 0.64
4 0 0 0.57
4 0 9.999996e-06 1
4 0 0 1
4 0 0.00014 0.5
4 0 9.999996e-06 0.5
4 0 2e-05 1
4 0 1e-04 3
4 0 0 1
4 0 0.00153 1
2 -0.01 0.00572 5
4 0 1e-05 1
4 0 0 3
4 0 9.999996e-06 0.5
4 0 0.00016 1
4 0 2e-05 1
4 0 8e-05 1
3 -0.005 0.35667 1
3 -0.005 0.46274 0.97
4 0 0 0.03
4 0 7e-05 0.97
4 0 0 1
4 0 9.999996e-06 1
4 0 0 1
4 0 0.00032 1
4 0 1e-05 1
4 0 0 2
4 0 9.999996e-06 1
4 0 1e-05 1
4 0 0 1
4 0 9.999996e-06 1
4 0 1e-05 1
3 -0.01 0.00016 0.02
4 0 1e-05 0.98
4 0 5e-05 1
4 0 9.999996e-06 1
4 0 2e-05 1
4 0 9e-05 1
5 0.01 2e-05 1
3 -0.01 3e-04 1
2 -0.01 0.00671 1
4 0 0.00075 1.5
4 0 0 0.54
4 0 4e-05 1
4 0 1e-05 0.46
4 0 0 1
4 0 0.00032 0.54
4 0 2e-05 0.46
4 0 3.22306 1
4 0 0.00017 1
4 0 0.00083 0.05
4 0 0.76394 0.01
4 0 0.00063 0.19
4 0 0.00036 0.1
4 0 0.72897 1
4 0 0.03984 0.5
4 0 1.41286 0.71
2 -0.01 1.04114 1
4 0 7.80815 0.1
6 0.0196 1.60998 0.13
5 4e-04 1.11468 1
4 0 4e-04 1
4 0 0.0294 2
4 0 0.12451 1
3 -0.0099 0.15133 1
3 -1e-04 0.78061 1
4 0 1.22701 0.1
4 0 1.02914 0.2
4 0 0.00033 0.1
4 0 0.03151 0.1
6 0.01 0.99402 0.03
3 -1e-04 3.13963 2.1
5 1e-04 3.302405 1
4 0 4.000001e-06 1
4 0 7.000002e-06 1
4 0 3.000001e-06 1
4 0 3.999994e-06 1
4 0 4.000001e-06 1
4 0 2.5e-05 0.1
4 0 2.000001e-06 2
4 0 5.000002e-06 1
4 0 9.9e-05 0.4
4 0 4.6e-05 1
4 0 4.1e-05 0.6
4 0 2.8e-05 1
4 0 9.6e-05 0.6
4 0 4e-05 0.4
4 0 8.000003e-06 0.6
4 0 0.142498 0.4
4 0 0.001204 0.6
4 0 0.025829 1
4 0 0.324977 0.1
5 0.01 0.933675 1
3 -0.01 0.360036 1
5 0.0098 3.1252 0.12
3 -0.0098 0.592915 0.7
4 0 0.000531 0.7
4 0 7.6e-05 0.02
4 0 0.000571 0.1
4 0 0.000265 0.48
4 0 4.000001e-06 0.52
4 0 6.6e-05 0.2
4 0 0.000821 0.48
4 0 0.00026 0.1
4 0 0.000222 0.9
4 0 6.000002e-06 1
4 0 3.000001e-06 2
4 0 4.000001e-06 1
4 0 7.6e-05 0.1
4 0 4.3e-05 0.9
4 0 4.000001e-06 0.7
4 0 3.5e-05 1
4 0 7.000002e-06 1
2 -0.01 0.001279 0.2
4 0 0.405312 1
4 0 3.945584 0.19
5 0.0099 0.62102 0.08
4 0 0.65488 0.01
3 -0.0099 3.55786 0.1
4 0 2.93458 0.1
4 0 0.00333 0.1
4 0 0.002 0.1
5 0.0059 0.77226 1
3 -0.0059 1.01895 0.1
4 0 0.00065 0.1
4 0 0.00019 0.1
4 0 0.00537 0.1
4 0 2.03964 0.1
4 0 0.01077 0.1
4 0 0.77627 0.1
4 0 0.00059 0.1
4 0 0.01265 0.1
4 0 0.00016 0.1
4 0 0.00071 0.1
4 0 0.00127 0.1
4 0 0.57945 0.4
4 0 0.00042 0.1
4 0 0.01218 0.1
4 0 0.00089 0.1
4 0 0.09145 0.3
4 0 2e-05 2.7
5 0.005 6e-04 0.78
5 0.0037 0.15314 1.5
3 -0.0087 0.02554 1
4 0 0.41855 0.2
4 0 0.00037 0.1
4 0 7e-05 0.5
4 0 0 2
4 0 2e-05 1
4 0 0 0.4
4 0 9.999996e-06 2
4 0 1e-05 0.4
4 0 9.999996e-06 1
4 0 0 1
4 0 0 0.49
4 0 2e-05 0.1
4 0 0.00138 0.51
4 0 1e-05 1
4 0 0 0.89
4 0 0.00077 0.11
4 0 0 1
4 0 0 0.5
4 0 9.999996e-06 1
4 0 0 2
4 0 0 1
4 0 1e-05 1
4 0 0 1
4 0 9.999996e-06 1
4 0 0.00013 0.1
4 0 0 1
4 0 1e-05 0.9
4 0 0 0.5
4 0 6e-05 0.61
4 0 0 0.5
4 0 0 1
4 0 4e-05 1
4 0 0 1
4 0 0 1
2 -0.01 2e-04 0.07
4 0 0.00835 0.1
4 0 0.00012 0.83
4 0 0 1
4 0 0.00023 0.02
4 0 0 0.08
4 0 0.00011 0.65
4 0 0.00019 0.1
4 0 0.0047 0.1
4 0 0.00348 0.1
4 0 0.00485 0.1
4 0 0.17135 1
4 0 0 0.5
4 0 1e-05 1
4 0 0 0.6
4 0 9.999996e-06 0.4
4 0 1e-05 0.6
4 0 0 2
4 0 9.999996e-06 0.4
4 0 0 0.6
4 0 0 0.4
4 0 0.00013 2
3 -0.01 0.00047 1
5 0.01 0.00068 1
2 -0.02 0.22116 1
4 0 0.06289 0.4
4 0 0.00051 0.1
4 0 0.1455 1
4 0 0.00027 1
4 0 0.00045 2
4 0 0 0.5
4 0 4e-05 1
3 -0.01 0.03913 0.1
5 0.01 1.04565 0.1
3 -1e-04 0.00026 0.1
3 -0.0099 1.36312 0.05
4 0 0 0.55
4 0 0.00083 0.1
4 0 1.54387 0.1
4 0 0.00043 0.1
4 0 0.00027 0.2
4 0 0.00056 0.1
4 0 0.00099 0.1
4 0 0.11179 0.01
4 0 0.61393 0.01
4 0 0.87283 0.1
4 0 1.03142 0.1
4 0 0.22297 0.2
4 0 0.00036 0.1
4 0 0.77086 0.4
4 0 6.000001e-05 0.3
4 0 0.00048 0.1
4 0 0.15993 0.1
4 0 0.00936 0.2
4 0 0.00063 0.1
4 0 0.59833 0.5
4 0 0.00019 0.9
4 0 0.00028 0.1
4 0 0.01214 0.1
4 0 0.01321 0.1
4 0 0.96596 0.3
4 0 0.00062 0.1
4 0 0.00066 0.3
4 0 0 0.5
4 0 0.01157 0.1
4 0 0.00102 0.1
4 0 0.99547 0.1
4 0 0.00029 0.1
4 0 0.00855 0.1
4 0 0.04976 0.1
4 0 0.06293 0.1
4 0 5e-05 0.3
4 0 0.00035 0.1
4 0 9e-05 0.2
4 0 0 0.2
4 0 0.00014 0.1
4 0 0.00053 0.1
4 0 0.30841 0.1
5 0.0071 0.00646 5
3 -0.0071 0.00601 0.1
4 0 0.00185 0.1
4 0 0.00371 0.1
4 0 0.05077 0.1
4 0 0.00102 0.1
4 0 0.00183 0.1
4 0 0.28637 0.1
4 0 0.0012 0.1
4 0 0.00113 0.1
4 0 0.0472 0.2
4 0 0 0.3
4 0 0.00024 0.1
4 0 0.00019 0.6
4 0 0.00062 0.1
4 0 0.07751 0.1
4 0 0.26139 0.8
4 0 0.00074 0.6
4 0 2e-04 0.4
1 -0.02 0.02394 0.1
4 0 0.00029 0.1
4 0 0.00565 0.1
4 0 0.00526 0.1
4 0 0.34873 1
4 0 0.16612 1
4 0 0.2713 0.8
4 0 0.33976 1
4 0 0.00108 0.1
3 -0.01 0.39626 0.1
5 0.005 0.00344 1
3 -0.005 0.14254 0.1
5 0.01 0.55468 1
4 0 0.00674 2
3 -0.01 0.03744 0.1
4 0 0.012 0.1
4 0 0.00038 0.1
4 0 0.3591 0.3
4 0 7e-05 0.4
4 0 1e-04 0.4
4 0 1e-05 0.2
4 0 7e-04 0.1
4 0 0.00055 0.1
5 0.0062 1.58143 1.24
3 -0.0062 1.20213 0.1
4 0 0.00787 0.3
4 0 0.00031 0.1
4 0 0.00902 0.1
5 0.005 0.17211 1.5
3 -0.005 1.5503 0.1
5 0.01 0.99252 0.4
4 0 9.999996e-06 0.6
4 0 9e-04 1
4 0 0 3
4 0 4.000001e-05 1
4 0 0.30123 0.1
4 0 0.00151 0.1
4 0 0.00138 0.1
4 0 1.4418 0.1
4 0 9e-04 0.1
4 0 0.00061 0.1
4 0 0.00119 0.1
4 0 0.00162 0.1
4 0 0.50837 0.1
4 0 0.00072 0.1
4 0 6.999999e-05 0.1
4 0 0.00277 0.1
4 0 0.00247 0.1
6 0.01 6.53516 0.4
4 0 6e-05 0.6
4 0 9.999996e-06 0.4
4 0 0.00025 0.1
4 0 9.999996e-06 0.1
4 0 0 1.4
4 0 0 0.4
4 0 2e-05 0.6
4 0 0.00011 0.6
4 0 2e-05 0.01
4 0 3e-05 0.01
4 0 9.999996e-06 0.01
4 0 0.00014 0.99
4 0 9.999996e-06 1
4 0 0.00013 0.4
3 -0.005 0.00158 1
5 0.005 0.08208 0.4
4 0 9.999996e-06 0.6
4 0 0.00906 0.4
3 -0.005 0.00139 1
5 0.005 0.00052 0.59
4 0 0 1
4 0 2e-05 1
4 0 9e-05 1
4 0 3e-05 0.39
4 0 0 0.02
4 0 7e-05 0.6
4 0 5e-05 0.98
4 0 0.00046 0.9
4 0 4.000001e-05 0.08
3 -0.005 0.00193 1
6 0.015 0.30367 1
2 -0.01 0.73625 1
4 0 0.04591 0.1
4 0 0.12035 0.1
4 0 0.10934 0.1
4 0 0.16275 0.2
4 0 0.00036 0.1
4 0 0.73529 0.2
4 0 0.00063 0.1
4 0 0.01744 0.1
4 0 0.00028 0.1
4 0 4e-04 0.1
4 0 0.00117 0.1
4 0 0.00151 0.1
4 0 0.00357 0.1
4 0 0.87118 0.1
4 0 9e-05 0.1
4 0 0.00056 0.1
4 0 0.00049 0.1
4 0 0.00074 0.1
4 0 0.00035 1
4 0 0.00133 0.6
4 0 8.000001e-05 0.1
4 0 4e-04 0.1
4 0 0.01046 0.1
4 0 0.08664 0.2
4 0 0 0.5
4 0 1e-05 1.3
4 0 0.00044 0.1
4 0 0.00087 0.6
4 0 9.999996e-06 1
4 0 0 1
4 0 7e-05 1
2 -0.01 0.00062 0.4
6 0.01 0.00027 1
2 -0.01 0.00017 0.6
4 0 9.999996e-06 0.4
4 0 0.00029 0.1
4 0 0.00011 0.1
4 0 0.00068 0.1
4 0 0.11065 0.3
4 0 9.999996e-06 0.9
4 0 3e-04 0.1
4 0 0.43362 1
4 0 0.28189 0.3
4 0 0.00093 0.1
4 0 0.00011 0.4
4 0 0 0.3
4 0 0.00027 0.1
4 0 1.792447 0.2
4 0 0.0007883 0.1
4 0 0.321737 0.5
4 0 0.0005378 0.1
4 0 0.0010568 0.5
4 0 4.499998e-06 0.4
4 0 6.14e-05 0.4
4 0 0.0002613 0.1
4 0 0.0001414 0.1
4 0 0.0005708 0.1
4 0 0.0033869 0.3
4 0 0.0002881 0.1
4 0 0.0031614 0.3
4 0 0.0003185 0.1
6 0.01 0.4795221 1
4 0 4.000001e-06 1
4 0 4.000001e-06 1
4 0 0.000209 1
4 0 3.2e-05 2
4 0 1.600001e-05 1
4 0 0.000408 4.02
4 0 0.009754 1
4 0 0 1
4 0 3.000001e-06 1
4 0 3.999994e-06 1
4 0 0.000128 1
4 0 1.4e-05 1
2 -0.01 0.305564 1
4 0 0.003675 1
4 0 5.7e-05 1
5 0.0099 0.991259 0.05
3 -0.0099 2.698011 0.1
4 0 0.018961 0.1
4 0 0.469028 0.08
6 0.01 0.782329 0.08
4 0 0.042464 0.67
2 -0.01 0.023915 1
5 0.005 0.166153 1
5 0.005 4.000001e-06 0.92
4 0 4.000001e-06 1.4
4 0 0.000105 0.68
4 0 0.006153 1
4 0 0.392899 1
4 0 0.750669 1
4 0 0.95176 0.1
6 0.01 3.509981 1
4 0 0 1
2 -0.01 1.97217 0.05
4 0 0.00019 0.2
4 0 0.02465 0.72
4 0 0 0.28
4 0 1.38908 0.02
6 0.01 0.52468 1
4 0 0.00063 0.54
4 0 0.07542 1
2 -0.01 0.46147 0.1
6 0.01 9.06624 1
4 0 0.00039 0.1
4 0 0 0.05
4 0 1e-05 0.1
4 0 1e-05 0.07
4 0 3.38356 0.03
4 0 1e-05 0.1
4 0 0.02477 2
4 0 0 1
4 0 1e-05 1
4 0 0 1.25
4 0 9.999996e-06 1
4 0 0 0.46
4 0 0 1
4 0 1e-05 0.29
4 0 9.999996e-06 0.71
4 0 3e-05 0.01
4 0 7e-05 0.41
4 0 4e-05 1
4 0 0.00017 0.59
4 0 1e-05 1
4 0 8.999999e-05 1
4 0 0.00045 1
2 -0.01 0.26468 1
4 0 0.00232 1
6 0.01 2.38514 1
4 0 1.59316 1
4 0 0.00073 0.99
4 0 1e-05 0.01
4 0 3e-05 0.03
5 0.004 1.0141 24.57
3 -0.004 0.7211 1
4 0 0.00104 1
4 0 0.00129 1
5 0.005 0.97059 2
3 -0.005 0.50397 1
4 0 0.13027 1
5 0.01 2.17977 1
4 0 8.7159 1
4 0 0 1
4 0 0.00048 0.1
4 0 0 0.1
4 0 9.999996e-06 0.1
4 0 0 0.1
4 0 2e-05 0.2
4 0 1e-05 0.38
4 0 0.00014 0.62
3 -0.01 3.07782 0.1
5 0.01 9.589287 1
3 -0.01 0.2931438 0.9
4 0 3.200003e-06 0.1
5 0.01 0.185161 1
4 0 0.0100157 0.1
4 0 0.0033573 0.9
3 -0.005 0.0097635 1
5 0.005 1.269789 1
4 0 3.700001e-05 1
4 0 0.001599 1
3 -0.005 0.02212 1
5 0.005 0.000509 1
4 0 4.000001e-06 1
4 0 4.9e-05 1
4 0 5e-05 1
6 0.01 0.025928 0.72
3 -1e-04 0.043969 1.74
3 -0.0099 0.06802 1
4 0 2.999994e-06 1
5 1e-04 1.80341 0.45
5 0.0099 4.525578 1
4 0 9.000003e-06 1
4 0 0.00055 1
4 0 0.000364 1
4 0 0.784669 1
4 0 0.007672 1
3 -1e-04 0.014322 4
5 1e-04 0.000507 2.4
4 0 4.000001e-06 0.84
4 0 5.000002e-06 1
4 0 0.000107 0.76
4 0 0.000277 1
4 0 0.000368 1
4 0 0.001528 0.24
4 0 6.000002e-06 0.76
4 0 9.9e-05 1
4 0 0.002446 1
4 0 0.564013 0.05
5 0.01 0.948117 1
3 -0.01 1.11212 1
4 0 4e-05 0.47
4 0 0.00022 1
4 0 2e-05 1
4 0 0.20387 0.05
4 0 0.00139 0.05
4 0 1.36711 1
4 0 5e-05 1
4 0 1e-05 1.76
4 0 0 1
4 0 9.999996e-06 1
4 0 0 1
4 0 0 0.5
4 0 1e-05 1
4 0 1e-05 1
4 0 9.999996e-06 0.94
4 0 7e-05 1
4 0 0.00058 1
4 0 0 1
4 0 0.00211 1
4 0 2e-05 1
2 -0.01 0.003 0.06
4 0 0.11688 1.06
4 0 0 0.94
5 0.0096 1.3906 0.99
5 4e-04 0.00284 0.99
4 0 0.00588 1
4 0 0.01252 1
4 0 1.70683 1
4 0 3.77992 1.53
4 0 4.32976 0.25
4 0 0 0.75
2 -0.01 1.80763 0.1
5 0.001 0.70678 1
3 -0.001 0.00277 0.94
4 0 0 0.11
4 0 0.00461 1
4 0 0.12861 1
4 0 3.76545 0.1
4 0 0.00038 0.1
4 0 0.00122 0.1
4 0 0.00589 0.1
4 0 0.01438 0.1
4 0 0.0033 0.1
5 0.0025 1.96667 0.24
5 0.0025 0.28778 2
5 0.005 3.34747 0.15
4 0 1e-05 0.7
4 0 0 0.38
4 0 0.01081 0.47
4 0 0 0.3
3 -0.005 0.00637 1
5 0.005 3e-05 2
4 0 0.00989 1
3 -0.005 1.7837 0.01
5 0.005 0.65459 0.08
4 0 0.00016 0.92
4 0 7.05261 1
4 0 4e-05 1
4 0 0 0.96
4 0 3e-05 0.04
4 0 9.999996e-06 0.15
4 0 0 2
4 0 1e-05 0.15
4 0 9.999996e-06 0.4
4 0 1e-05 0.19
4 0 9.999996e-06 0.19
4 0 0 1
4 0 3e-05 0.07
4 0 0.72915 1
5 0.01 4.7049 0.05
4 0 0 0.95
4 0 2.55527 1
4 0 3e-05 1
3 -0.005 0.30665 1
5 0.005 0.00753 1
3 -0.01 0.62361 1
4 0 2.29876 0.1
4 0 2.412651 1
4 0 0.00088221 0.1
4 0 0.00099936 0.04
4 0 0.00162386 0.1
4 0 0.08352862 1
5 0.01 0.0882647 0.05
4 0 6.000002e-06 1
4 0 6.399998e-06 0.1
4 0 1.520001e-05 1
4 0 4.599999e-06 0.1
4 0 6.099996e-06 0.75
3 -1e-04 1.640272 0.05
3 -0.0099 0.576154 1
4 0 0.00014 1
5 0.005 2.8e-05 1
3 -0.005 2.1e-05 1
5 0.005 0.00016 1
3 -0.005 3.2e-05 1
4 0 7.4e-05 2
4 0 4.8e-05 1
4 0 0.005652 1
4 0 6.6e-05 1
4 0 5.000002e-06 1
4 0 4.000001e-06 0.03
4 0 6.999995e-06 6
4 0 5.000002e-06 0.97
4 0 3.000001e-06 1
4 0 3.000001e-06 0.22
4 0 2e-05 1
4 0 6.000002e-06 0.78
4 0 4.999994e-06 0.22
4 0 0.000107 0.78
4 0 4.000001e-06 1.22
4 0 4.4e-05 0.78
4 0 5.000002e-06 0.22
4 0 6.9e-05 1
4 0 0.000502 0.01
4 0 0.000199 0.99
4 0 0 2
4 0 0.001377 1.78
4 0 4.000001e-06 2
4 0 3.000001e-06 1
4 0 4.000001e-06 0.04
4 0 3.999994e-06 2
4 0 6.000002e-06 1
4 0 3.000001e-06 1
4 0 3.000001e-06 0.59
4 0 2.6e-05 0.41
4 0 3.999994e-06 0.85
4 0 6.3e-05 0.15
4 0 4.000001e-06 1
4 0 3.000001e-06 1
4 0 4.000001e-06 1
4 0 4.000001e-06 1
4 0 3.000001e-06 0.14
4 0 0.000293 1
2 -0.01 0.002724 0.2
4 0 8.6e-05 0.2
6 0.01 0.005063 1
4 0 0.000106 1
4 0 8.6e-05 2
4 0 4.000001e-06 1
4 0 0.002722 1
2 -0.01 0.043712 0.1
4 0 0.20498 0.5
4 0 3.000001e-06 1
4 0 2.999994e-06 0.5
4 0 0.000789 1
4 0 0 1
4 0 3.000001e-06 1
4 0 3.5e-05 2
4 0 0.002841 0.5
4 0 0.009643 0.04
4 0 0.593435 1
4 0 0.000109 0.9
4 0 5.000002e-06 0.5
4 0 4.999994e-06 1
4 0 4.000001e-06 1
4 0 1e-06 0.1
4 0 3.000001e-06 1
4 0 4.000001e-06 0.95
4 0 3.8e-05 0.05
4 0 0.000301 0.5
4 0 4.5e-05 0.4
4 0 0.000367 0.05
4 0 0.000199 0.41
3 -0.01 0.211361 0.5
4 0 8.000003e-06 0.5
4 0 2.026638 0.2
4 0 0.000408 0.1
5 0.005 2.089782 1
3 -0.005 1.460454 0.1
4 0 0.000569 0.1
4 0 0.043233 0.6
4 0 1.48744 0.1
5 0.005 1.15723 1
3 -0.005 1.31574 1
5 0.009 0.8453 0.05
3 -0.0089 0.83931 0.05
3 -1e-04 0.00267 0.05
4 0 6.84907 0.1
4 0 0.00043 0.4
4 0 0 1
4 0 9.999996e-06 1
4 0 0 0.67
4 0 0 0.5
4 0 0 1
4 0 1e-05 1
4 0 0 1
4 0 0 1
4 0 0 1
4 0 9.999996e-06 1
4 0 0 3
4 0 0 1
4 0 0 1
4 0 1e-05 1
4 0 0 1
4 0 0 1
4 0 1e-05 2
4 0 9.999996e-06 0.62
4 0 0 1
4 0 1e-05 1
2 -0.01 5e-04 0.88
6 0.01 2e-05 0.9
2 -0.01 0.00021 0.12
6 0.01 0.00024 0.16
4 0 0.00017 0.84
5 0.005 0.00086 1
3 -0.005 0.00862 1
4 0 0.04257 2
4 0 0.00117 0.84
4 0 0 0.16
2 -0.01 0.6674 1
4 0 4e-05 1
4 0 3e-04 1
4 0 6e-05 1
4 0 0.00227 1
4 0 0.45522 0.1
6 0.01 0.39521 1
3 -0.0035 6.06423 1
3 -0.0065 0.40535 0.1
5 1e-04 0.84612 0.8
3 -1e-04 3.79138 0.1
4 0 0.0029 0.1
4 0 4.10689 0.1
4 0 2.03905 1
4 0 0.00166 1
4 0 0.01234 0.9
4 0 9.999996e-06 0.5
4 0 0 0.6
4 0 0.02537 2
4 0 2.79972 0.1
4 0 0.02008 0.1
4 0 0.1212 0.4
4 0 1e-05 0.3
4 0 8e-05 0.4
4 0 0.00012 0.3
4 0 1e-05 0.2
4 0 9e-05 0.2
4 0 0.00158 0.1
4 0 0.16978 0.2
4 0 0 0.8
4 0 0.00119 1
4 0 1.18414 0.4
4 0 1e-05 0.6
6 0.01 0.60118 0.8
2 -0.01 0.38564 0.1
4 0 0.00067 0.1
4 0 0.01027 0.1
4 0 0.82261 0.1
4 0 0.0102 0.1
4 0 0.00056 0.1
6 0.01 0.20172 0.56
4 0 9.999996e-06 0.2
4 0 0 0.24
2 -0.01 0.82215 0.1
4 0 0.00056 0.1
4 0 0.00182 0.1
4 0 2.09962 1
4 0 2.99353 0.1
4 0 0.0037 0.1
4 0 0.29424 0.05
4 0 0.00073 0.05
4 0 0.77987 0.1
4 0 0.00033 0.1
4 0 0.52137 0.1
4 0 0.00062 0.1
4 0 0.01788 0.1
4 0 0.01105 0.1
5 0.0068 0.94573 0.85
3 -0.0068 0.15031 0.2
5 0.0067 2.31169 0.15
3 -0.0067 0.84119 0.1
4 0 0.001 0.1
4 0 0.00049 0.1
4 0 5e-04 0.1
4 0 0.00106 0.1
4 0 0.15148 0.8
4 0 9.999996e-06 0.2
4 0 0.0051 1
4 0 1.409372 0.1
5 0.0038 2.976113 0.35
3 -0.0038 1.44653 0.1
4 0 0.001109 0.1
4 0 1.695388 0.1
4 0 0.872831 0.1
4 0 5.000002e-06 0.9
6 0.01 5.118242 0.32
4 0 1e-05 0.4
4 0 1e-05 0.28
2 -0.01 1.11952 1
4 0 0.50669 1
4 0 0.83122 0.1
4 0 0.00754 0.1
6 0.01 0.66845 0.2
4 0 0 0.42
4 0 9.999996e-06 0.38
2 -0.01 0.17878 0.1
6 0.01 0.36238 1
4 0 2.41011 2
4 0 9.999996e-06 1
2 -0.01 0.92638 0.1
4 0 0.00013 0.9
4 0 1e-05 1
4 0 0.30407 0.8
4 0 1e-05 0.01
4 0 0.00063 0.19
4 0 0.00225 0.9
4 0 9.999996e-06 1
4 0 0 1
4 0 1e-05 1
4 0 0 1
4 0 0 1
4 0 9.999996e-06 1.56
4 0 0 0.54
4 0 0.00155 1
4 0 1e-05 1
4 0 9.999996e-06 0.29
4 0 0 1.71
4 0 0.00036 1
4 0 0 0.41
4 0 0.00035 0.81
4 0 0 2
4 0 0 1
4 0 0 1
4 0 0.00023 0.46
4 0 0 3
4 0 9.999996e-06 1
4 0 0 1
4 0 0 1
4 0 5e-05 0.59
4 0 9.999996e-06 1
4 0 1e-05 1
4 0 0.00041 0.19
4 0 9.999996e-06 0.01
4 0 0 0.09
4 0 0.00748 2
4 0 0.05997 1
4 0 0.00292 4
4 0 0.01144 1
2 -0.01 0.74935 1
4 0 0.00014 1
4 0 0.00064 1
4 0 4e-05 1
4 0 0.00098 1
4 0 1.33433 1
4 0 0.00424 1
4 0 0.00553 1
4 0 1.10152 3
4 0 1.71936 1
4 0 0.81341 1
4 0 4.91717 1
4 0 0.67958 1
4 0 0.05855 1
4 0 0.00079 1
4 0 0.44489 0.6
4 0 0.00032 0.02
4 0 0.00032 0.1
4 0 0.16468 1
4 0 0.08965 1
6 0.01 0.9303 0.9
4 0 0 1.55
4 0 0.00362 2
4 0 0 1
3 -0.005 0.00038 1
4 0 0 1
5 0.005 1e-05 1
4 0 0 1
4 0 0 1
4 0 9.999996e-06 1
4 0 0 1
4 0 0 1
4 0 1e-05 1.41
4 0 0 1
4 0 0 1
4 0 9.999996e-06 1
4 0 1e-05 0.2
4 0 0 1
4 0 3e-05 2
4 0 1e-05 1
4 0 2e-05 2
4 0 5e-05 1
4 0 9.999996e-06 2
4 0 0 1
4 0 0.00032 1
4 0 0 1
2 -0.01 0.00028 5
6 0.01 0 6
4 0 0.00014 1
4 0 6e-05 1
4 0 0 1
4 0 0 0.11
4 0 0.00087 1
4 0 0.00044 1.16
3 -0.005 1e-04 1
6 0.015 0.04212 1
4 0 0 1
4 0 0.00195 1.73
4 0 9.999996e-06 1
4 0 0 1
4 0 0.00051 0.27
4 0 9.999996e-06 1
4 0 0 1
4 0 0 1
4 0 9e-05 1
4 0 1e-05 4
4 0 0.00039 1
4 0 0.00055 3
4 0 0.0489 0.45
5 0.01 0.00829 1
4 0 0 2
4 0 9.999996e-06 1
4 0 0 2
4 0 0.00022 1
3 -0.01 0 1
5 0.005 0 1
3 -0.005 0.001 1
5 0.0075 0.12368 2
2 -0.0175 0.89971 1
4 0 0 1
4 0 0.00042 1
4 0 8e-05 1
6 0.01 0.0173 1
3 -0.007 1.12243 0.15
5 0.007 3.44881 1
4 0 0.00298 1
4 0 0.31669 1
4 0 0.00041 1
5 0.01 0.00036 0.1
3 -0.01 0.00098 1
4 0 0.01002 1
5 0.01 0.1094 1
2 -0.02 0.13374 1
4 0 0 0.18
4 0 1e-05 0.82
4 0 0.00019 0.92
4 0 0.00267 0.08
4 0 0 1
4 0 0.00023 1
4 0 0.01231 1
6 0.01 0.00927 1
2 -0.01 0.10488 1
4 0 1e-05 1
4 0 0.00023 0.5
4 0 0 1
4 0 1e-05 2
4 0 0 0.6
4 0 5e-05 1
4 0 0.0023 0.92
6 0.01 0.0112 1
2 -0.01 0.04187 1
6 0.01 0.00892 1
2 -0.01 0.04495 1
6 0.01 0.00918 2.78
4 0 0.00077 1
4 0 1.56166 1
2 -0.01 3.15268 0.1
6 0.01 3.00963 0.85
5 0.0099 2.05809 0.41
5 1e-04 2.44073 1
4 0 0 1
4 0 6.999999e-05 1
4 0 0.00056 0.1
4 0 0.02094 1
3 -0.0033 0.16007 4
5 0.0033 2.27965 1
4 0 9.999996e-06 3
4 0 1e-05 0.1
4 0 0 0.1
4 0 3e-05 2
4 0 0.00047 1
6 0.01 0.02857 1
4 0 1.65904 2.4
4 0 4.000001e-05 1
4 0 9.999996e-06 1
4 0 3e-05 1
3 -0.005 0.00145 1
6 0.015 0.00112 1
3 -0.01 0.72461 1
4 0 0.88755 0.1
4 0 0.12909 0.1
4 0 0.95354 0.1
4 0 0.40228 0.1
2 -0.01 1.299477 1
6 0.01 3.300011e-07 1
2 -0.02 2.950001e-06 1
6 0.02 9.799987e-07 1
4 0 3.519999e-06 2
4 0 2.980007e-06 2
4 0 8.899995e-06 2
4 0 2.099987e-07 2
4 0 5.649999e-06 1
4 0 2.200031e-07 1
4 0 1.007e-05 1
2 -0.01 2.200031e-07 2
4 0 6.149996e-06 2
4 0 2.300003e-07 2
4 0 7.230003e-06 2
4 0 2.099987e-07 1
4 0 6.890004e-06 0.5
4 0 2.300003e-07 1.78
4 0 6.7e-06 1
4 0 1.999942e-07 1
4 0 4.900001e-06 1
4 0 3.320005e-06 1
4 0 4.75e-06 1
4 0 2.199959e-07 1
4 0 6.29e-06 0.72
4 0 2.200031e-07 0.28
4 0 9.969997e-06 1
4 0 2.399975e-07 1
3 -0.01 3.090005e-06 1
4 0 4.549998e-06 1
4 0 3.890003e-06 1.72
6 0.02 0.00021144 0.8
4 0 1.05e-05 1
2 -0.01 1.016e-05 1
6 0.01 1.189997e-06 1
2 -0.01 1.838e-05 1
4 0 3.484e-05 1
4 0 6.900002e-06 2
3 -0.01 6.590002e-06 1
4 0 1.888999e-05 0.5
6 0.02 4.310001e-06 1
2 -0.01 6.419999e-06 1
6 0.01 0.00046382 2
4 0 2.500019e-07 0.5
4 0 1.549997e-06 1
2 -0.01 3.574e-05 0.5
4 0 0.00073899 0.5
4 0 6.116e-05 1
4 0 2.199959e-07 0.5
4 0 0.00020171 1
4 0 0.00011901 0.1
4 0 0.00015978 0.02
4 0 1.710001e-05 1
4 0 0.0003616 1
4 0 0.00022485 0.88
6 0.01 0.00249358 1
4 0 0.0036002 3
4 0 0.00621848 2
2 -0.01 0.00027995 1
6 0.01 0.03913972 0.01
2 -0.01 0.0466918 0.1
4 0 0.0044667 0.1
6 0.01 0.019235 1
4 0 0.0539693 1
4 0 0.000141 2
4 0 3.900001e-06 3
4 0 0.000656 2
2 -0.01 0.2225815 2
4 0 0.0288742 1
6 0.01 0.0564405 1
2 -0.01 0.1001996 1
4 0 2.400004e-06 1
4 0 4.999994e-06 5
4 0 2.799999e-06 0.8
4 0 4.500005e-06 1
4 0 0.000144 2
4 0 0.0003629 1
4 0 0.00044 1
4 0 1.24e-05 4
4 0 0.0040843 1
4 0 0.0279519 1
4 0 0.0083303 1
4 0 0.0077117 1
4 0 0.0201727 2
4 0 0.0415175 0.1
4 0 0.0020755 0.1
6 0.01 0.9938693 0.55
2 -0.01 0.229141 0.04
3 -0.01 0.308284 1
4 0 6.999995e-06 0.79
4 0 0.364359 1
5 0.01 0.227162 0.61
4 0 0.228406 1
4 0 5.000002e-06 0.84
4 0 3.999994e-06 1.16
4 0 0.00494 1
4 0 0.02697 1
4 0 0.020203 1
4 0 1.460769 0.05
4 0 1.762159 2
4 0 5.000002e-06 1
4 0 3.000001e-06 0.68
4 0 4.4e-05 0.32
4 0 4.000001e-06 0.68
4 0 0.001019 0.32
4 0 5.000002e-06 0.68
4 0 4.6e-05 1
4 0 0 1
4 0 3.9e-05 1
4 0 0.25516 1
3 -0.01 1.638977 1
4 0 0.601467 1
4 0 0.922072 0.2
4 0 9.5e-05 0.1
4 0 0.000543 0.6
4 0 0.000565 0.1
5 0.01 0.014348 1
3 -0.01 0.170183 0.5
4 0 9.999996e-06 0.5
5 0.01 1.60523 0.01
4 0 0.0026 0.04
4 0 2.1366 0.05
4 0 1e-05 0.82
4 0 0.00017 0.34
4 0 0.00019 0.66
4 0 4e-05 1
4 0 0.01049 0.15
4 0 0.05745 0.85
3 -0.01 0.28887 0.1
4 0 0.00045 0.1
4 0 0.57606 1
5 0.01 0.0132 1
3 -0.01 0.45394 0.2
4 0 0.00037 0.1
5 0.01 0.68045 3
3 -0.01 2.92987 0.1
5 0.01 2.06309 0.01
3 -0.004 1.05561 0.6
4 0 0.261 0.01
6 0.014 0.98994 1
4 0 0 1
4 0 0 1
4 0 0.00041 1
4 0 9.999996e-06 0.79
2 -0.01 0.00365 0.99
6 0.01 1e-05 1
2 -0.01 0.00512 2
4 0 9.999996e-06 1
3 -0.005 0.0017 0.2
5 0.0049 0.01568 0.21
3 -0.0099 0.56847 1
4 0 0.00161 1
4 0 1.09787 0.1
5 0.01 3.12419 0.2
4 0 0.00044 0.1
4 0 0 0.1
4 0 1e-05 0.1
4 0 1e-05 0.1
4 0 0 0.25
4 0 0.02111 0.04
4 0 1e-05 2
4 0 0 0.96
4 0 4e-05 0.04
4 0 2e-05 1
4 0 2e-05 2
4 0 0.00186 1
4 0 0.6968 0.02
4 0 3e-05 0.08
4 0 0.0087 0.1
5 0.001 0.79118 0.05
5 0.009 0.02998 0.45
4 0 0 0.55
2 -0.01 0.04148 0.1
4 0 0.00152 0.1
4 0 0.00339 0.1
6 0.01 1.58481 0.1
3 -0.0063 0.38222 0.6
5 0.0063 0.35223 1
2 -0.01 5.43402 0.9
4 0 9.999996e-06 1.1
4 0 3.18755 2
4 0 1.0145 1
6 0.01 2.92511 2
4 0 8e-05 0.45
4 0 0 1
4 0 1e-05 13
4 0 0 1
4 0 9.999996e-06 3
4 0 0.00016 0.55
4 0 0.00018 1.45
4 0 0 1
4 0 1e-05 1
4 0 9.999996e-06 0.55
4 0 5e-05 0.45
4 0 0.00101 1
5 0.01 0.01169 1
4 0 0.00095 2
4 0 0.00117 1
4 0 1e-05 1
4 0 0 1
4 0 0 1
4 0 0 1
4 0 1e-05 1
4 0 0 1
4 0 0 1
4 0 0.00033 1
4 0 1e-05 1
6 0.01 0.48469 0.01
2 -0.01 0.06871 1
4 0 0.00078 1
6 0.01 2.34618 1
4 0 0.01211 1
4 0 0.00616 2
4 0 0 1
4 0 0.00991 0.54
4 0 9.999996e-06 0.46
4 0 0.00012 0.54
6 0.01 1.03267 1
4 0 3.28 0.01
4 0 0.706 1
4 0 3.02008 1
4 0 0.08615 1
2 -0.01 1.9427 1
6 0.01 2.81058 1
4 0 0.076643 1
4 0 2.35e-05 1
4 0 3.26e-05 1
4 0 7.800001e-06 1
4 0 9.72e-05 0.05
4 0 6.200004e-06 0.95
4 0 0.0021652 1
4 0 1.277935 0.05
4 0 9.000003e-06 0.95
2 -0.01 0.001209 0.06
6 0.01 2.00584 0.01
4 0 1.398768 1
4 0 0.480417 0.1
4 0 5.000002e-06 0.9
4 0 1e-06 1
4 0 3.3e-05 1
4 0 8.7e-05 0.1
4 0 4.000001e-06 0.05
4 0 2.102556 0.01
4 0 0.430124 1
4 0 1.024334 0.1
4 0 1.1e-05 0.05
4 0 6.000002e-06 0.85
4 0 0.148603 1
4 0 0 1
4 0 0 1
4 0 3.700963 1
4 0 0.16385 1
4 0 0.43366 1
3 -0.005 0.01612 1
3 -0.005 0.15012 1
6 0.01 0.50565 1
4 0 0.1817 1
2 -0.01 8e-05 5.73
6 0.01 0.00039 0.05
4 0 0 0.1
4 0 1e-05 0.15
4 0 9.999996e-06 1
2 -0.01 2e-05 2
4 0 0 0.02
4 0 2.000001e-05 1
6 0.01 0.01296 3.7
2 -0.01 0.12651 1
4 0 0.00051 1
6 0.01 0.67436 1
4 0 0.00013 0.15
4 0 9.999996e-06 0.85
4 0 0.00063 1
4 0 0.56933 1
4 0 2.23986 0.23
4 0 1.07655 0.01
4 0 0.35974 0.15
4 0 1e-05 0.85
4 0 0.50582 1
2 -0.01 0.02802 0.05
5 0.005 0.2963 1
3 -0.0049 0.61194 0.38
3 -1e-04 0.44442 1
4 0 0.00014 0.66
5 0.005 1.53926 2.01
3 -0.005 1.20522 0.05
6 0.01 0.38809 0.8
4 0 1e-05 0.2
4 0 0.12253 1
4 0 0.26475 0.01
3 -0.005 3.32905 1
3 -0.005 0.25433 1
6 0.01 0.15477 1
4 0 0.00898 0.1
4 0 0.00479 0.9
3 -0.005 0.76793 1
5 0.005 0.37153 1
4 0 5e-05 1
4 0 0.15721 1
4 0 1.08645 1
4 0 2e-05 0.99
4 0 0 0.01
4 0 4e-05 1
4 0 0.44454 0.1
2 -0.01 0.27981 1
4 0 0.33352 1
4 0 0.00011 1
6 0.01 0.90406 1
2 -0.01 0.0961 0.5
4 0 0 1.5
4 0 5e-05 1
4 0 0 1
6 0.01 0.0103 1
2 -0.01 0.30553 1
6 0.01 0.46994 0.01
4 0 0.00057 1
2 -0.01 0.32546 0.1
6 0.01 1.09598 1
4 0 0.01933 1
4 0 4.35025 1
4 0 1.03564 0.19
4 0 0 0.81
4 0 0.00459 0.68
3 -0.005 0.08211 1
4 0 0.00048 1
5 0.005 0.01408 1
4 0 0.00719 1
4 0 0.00103 1
4 0 0.00816 1
4 0 0.01415 1
3 -0.0062 0.4251 1.5
5 0.0062 0.21418 1
4 0 1.20797 1
4 0 0 1
4 0 0.87994 1
2 -0.01 1.22374 0.1
4 0 0.00056 0.1
4 0 0.06569 1
6 0.01 0.52644 1
4 0 0.07791 0.19
4 0 1e-05 0.81
4 0 0.00391 1
3 -1e-04 0.01032 4
5 1e-04 0.57357 0.19
4 0 9.999996e-06 0.81
4 0 0.02339 0.83
4 0 1e-05 0.04
4 0 0 0.13
4 0 0.09893 0.19
4 0 2e-05 0.81
4 0 0.23782 0.01
4 0 0.50445 0.19
4 0 0.00048 0.81
4 0 0.00159 1
4 0 0 1
4 0 1e-05 1
4 0 0.00043 1
4 0 0.02224 2
4 0 0 2
4 0 0 1
4 0 9.999996e-06 1
4 0 0.00011 1
4 0 0.00156 1
3 -0.005 3.52245 1
3 -0.004 0.00385 0.73
3 -0.001 1.05158 0.1
6 0.01 0.52735 1
4 0 0.62618 0.01
4 0 3.06121 1
2 -0.01 0.80897 0.05
6 0.01 2.96113 1
4 0 9e-04 1
4 0 0 1
4 0 0 1
4 0 0.16098 1
4 0 0.03761 1
4 0 0.01541 1
4 0 0.00507 1
4 0 0.08206 0.01
4 0 0.10443 0.99
4 0 0 0.01
4 0 0.02282 0.17
4 0 0.01272 0.99
4 0 0 0.01
4 0 0.1734434 0.99
4 0 4.130001e-06 2.01
4 0 0.00135006 1.99
4 0 0.00170297 1
4 0 7.112999e-05 0.01
4 0 4.130001e-06 2
4 0 6.870003e-06 1
4 0 0.00033964 0.68
4 0 0.02617154 1
4 0 0.1167351 1
4 0 0.0924879 1
2 -0.01 0.1763843 1
4 0 0.0011239 1
6 0.01 0.1554838 1
4 0 2.200002e-06 1
4 0 0.0002168 1
3 -0.0025 0.1229608 0.66
3 -0.0025 1.048798 1
3 -0.005 0.143874 0.3
4 0 0.000104 0.7
4 0 1.1e-05 0.3
4 0 0.000245 0.1
4 0 0.071634 0.2
4 0 0.001255 0.1
6 0.01 2.724443 0.01
4 0 1.735712 1
4 0 4.000001e-06 1
4 0 0.000131 1
4 0 0.239274 1
4 0 0.289557 1
3 -0.005 2.61272 0.06
5 0.005 1.072989 1
4 0 0.73465 1
4 0 0 1
3 -0.005 0.01149 0.13
5 0.005 0.3761 2
4 0 0.006 1
4 0 0.00998 1
4 0 0.00018 1
4 0 4e-04 1
2 -0.01 0.65278 0.1
4 0 0.00048 0.1
4 0 0.57059 1
4 0 0.00033 1
4 0 0.1473 4
4 0 1e-05 2
4 0 0 1
4 0 9.999996e-06 0.54
4 0 0 1
4 0 0 0.86
4 0 7e-05 0.14
4 0 0 1
4 0 0 0.86
4 0 0.00034 1
4 0 2e-05 0.5
4 0 0 0.5
4 0 1e-05 2
4 0 0.00013 0.14
4 0 0 2
4 0 0 1
4 0 9.999996e-06 1
4 0 0 0.5
4 0 0 0.5
4 0 1e-05 1
4 0 0 0.94
4 0 1e-05 1
4 0 9.999996e-06 0.37
4 0 3e-05 0.06
4 0 9.999996e-06 1
4 0 0 1
4 0 0 1
4 0 1e-05 0.94
4 0 0 0.06
4 0 6.999999e-05 1.89
4 0 2e-04 0.63
4 0 0 1
4 0 1e-05 1.11
4 0 9.999996e-06 1
4 0 1e-05 0.02
4 0 9.999996e-06 2
4 0 1e-05 1
5 0.005 9.999996e-06 1
3 -0.005 0 0.9
4 0 3e-05 0.1
4 0 0.00021 1.84
4 0 8e-05 1.06
4 0 4.000001e-05 0.01
4 0 0 1
4 0 0 1
4 0 0 1
4 0 3e-05 0.56
2 -0.01 0.00012 1
4 0 0 1
4 0 9.999996e-06 1
4 0 0 1
4 0 0 1
4 0 1e-05 0.3
4 0 0 1
4 0 9.999996e-06 0.5
4 0 0 1
4 0 0 1
4 0 1e-05 1
4 0 0 1
4 0 9.999996e-06 1.72
4 0 1e-04 1
4 0 9.999996e-06 0.7
4 0 0 1
4 0 1e-05 1
4 0 9.999996e-06 1
4 0 0.00077 1
4 0 1e-04 1
4 0 2e-04 1
4 0 0 2
4 0 4.000001e-05 1
4 0 0 1
4 0 0.00032 1
3 -0.01 0.31929 1
4 0 9.999996e-06 1
4 0 0 1
4 0 4e-05 2
4 0 7e-05 1
4 0 0 1
4 0 0.00069 1
4 0 2e-04 1
2 -0.01 0.00564 1
4 0 0.18283 2
4 0 0.04514 0.69
3 -0.01 0.00042 0.24
4 0 2.52263 0.02
5 0.01 1.85839 1
4 0 0 1
4 0 0 1
4 0 0.00038 0.33
4 0 7e-05 1
4 0 0.01789 1
3 -0.01 0.31686 1
4 0 1.30112 0.1
5 0.01 0.22599 1
4 0 0.1395 1
4 0 9.999996e-06 0.33
4 0 0 1
4 0 1e-05 1
4 0 2e-04 0.7
4 0 1.25752 0.1
6 0.01 11.90453 1
4 0 1e-05 1
4 0 0 1
4 0 1e-05 1
4 0 0 1
4 0 0 1
4 0 5e-05 0.61
4 0 0 1
4 0 1e-04 0.25
4 0 9.999996e-06 0.15
4 0 0 0.26
4 0 1e-05 0.34
4 0 0.00021 1
4 0 9.999996e-06 1
4 0 0 0.66
4 0 0.00053 1
4 0 0.00108 1
3 -0.005 0.00083 1
5 0.005 0.0012 1
5 0.01 0.02324 1
3 -0.01 0.19558 2
5 0.01 2.36244 1
3 -0.0059 3.22123 1
5 0.0059 0.53838 0.01
3 -0.01 1.30959 0.1
4 0 0.00048 0.1
5 0.0025 2.2181 0.25
5 0.0075 3.81055 0.01
3 -0.01 0.14766 0.05
4 0 1.97591 1
5 0.005 1.011 1
3 -0.005 0.4249 0.05
5 0.01 0.02669 1
3 -0.005 1.10115 1
5 0.005 1.36087 0.49
4 0 0 1
3 -0.0075 4.06479 1
3 -0.0025 0.00012 1
4 0 0.00325 0.46
4 0 0.21586 1.24
4 0 1e-05 0.76
5 0.01 2.50003 0.01
4 0 0.8908991 1
4 0 1.060808 0.99
4 0 1.999993e-06 1
4 0 5.000002e-06 1
4 0 3.000001e-06 0.01
4 0 4.2e-05 0.99
4 0 3.000001e-06 0.01
4 0 9.000003e-06 0.02
4 0 2.999994e-06 1
4 0 5.000002e-06 0.98
4 0 0.000318 0.02
4 0 3.000001e-06 2
4 0 5.000002e-06 0.98
4 0 1.1e-05 1
4 0 8.999996e-06 0.17
4 0 0.000423 1
4 0 0.001537 1
4 0 0.000292 1
4 0 2.8e-05 1
4 0 0.001303 1
4 0 0.001412 1
4 0 4.000001e-06 1
4 0 0.000963 0.05
4 0 0.000565 0.95
4 0 4.000001e-06 0.05
4 0 0.000241 0.84
4 0 5.1e-05 0.11
4 0 1.1e-05 0.02
4 0 4.1e-05 1
3 -0.005 0.000832 1
5 0.005 2.999994e-06 0.99
4 0 4.000001e-05 1
4 0 0.004479 1
4 0 0.004291 1
4 0 0.000569 1
4 0 0.000105 1
4 0 0.019459 0.05
4 0 0.032686 0.05
4 0 8.000003e-06 0.05
4 0 0.030101 1
4 0 4.1e-05 1
6 0.01 0.039044 1
4 0 0.003991 1
4 0 0.00121 1
4 0 0.00032 2
4 0 0.0042 1
2 -0.01 0.01387 0.05
4 0 0.268022 0.05
4 0 1.69623 0.05
4 0 6.1e-05 0.05
4 0 0.2895 1
4 0 0.216265 0.1
4 0 0.000581 0.05
6 0.01 1.299314 0.01
2 -0.01 0.192575 0.05
4 0 0.886141 0.05
4 0 1.4e-05 0.05
6 0.01 0.799505 1
4 0 0.856643 0.99
4 0 2.8e-05 0.01
2 -0.01 0.24901 0.01
6 0.01 1.792522 1
4 0 1.14847 0.06
4 0 0.22209 0.01
4 0 0.00021 0.99
4 0 0.00083 0.93
4 0 0 1
4 0 9.999996e-06 1
4 0 0 0.04
4 0 1e-05 0.03
4 0 4e-05 0.04
4 0 0.10254 0.93
4 0 9.999996e-06 0.07
4 0 0.60322 0.93
6 0.01 0.59757 0.66
4 0 0.06279 0.01
2 -0.01 0.25784 1
4 0 9.999996e-06 1
4 0 6e-04 1
6 0.01 0.52704 1
2 -0.01 1.61017 0.05
6 0.01 0.62694 1
4 0 0.33532 1
4 0 0.75185 2
4 0 0.04358 0.2
4 0 1e-05 1
4 0 0 1
4 0 0.00012 1
5 0.01 0.75578 1
4 0 1.03861 1
3 -0.005 1.31273 1
5 0.005 1.3851 1
4 0 6.000001e-05 0.02
4 0 0.01123 1
4 0 0.71844 0.01
4 0 2.50193 1
4 0 0.44633 1
4 0 0.08697 0.05
4 0 0 1
4 0 0 1
4 0 1e-05 1
4 0 0.00022 2.95
4 0 1.22138 1
3 -0.0099 0.85433 0.42
5 0.0099 2.81899 0.05
4 0 3e-05 1
4 0 0 1
4 0 9.999996e-06 1
4 0 0 1
4 0 0.00012 2.95
4 0 3e-05 1
4 0 0.00058 1
4 0 0.30313 0.01
3 -0.01 1.46527 0.05
4 0 1e-05 0.05
5 0.01 0.57002 0.01
4 0 1.03002 1
4 0 0.33889 1
4 0 1.01933 1
3 -0.01 1.14489 1
5 0.01 0.33846 0.01
3 -0.01 0.67726 0.05
4 0 1e-04 0.05
4 0 2e-05 0.9
4 0 0.00084 1
4 0 1e-05 1
4 0 0 1
4 0 9.999996e-06 1
4 0 0 1
4 0 0 1
4 0 1e-05 0.07
4 0 0 1
4 0 0 2
4 0 9.999996e-06 1.91
4 0 0 1
4 0 1e-05 8.09
4 0 0 0.11
4 0 9.999996e-06 1
4 0 0 1
4 0 0 1
4 0 0 1
4 0 1e-05 1
4 0 0 1
4 0 0 0.01
4 0 5e-05 1
4 0 0 0.84
4 0 0 1
4 0 2.59519 1
4 0 0.01965 1
2 -0.01 4.49708 1
5 0.005 0.31426 1
3 -0.005 0.61676 0.05
4 0 5e-05 0.05
6 0.01 0.01464 0.03
2 -0.01 2.31989 0.05
4 0 0.63094 0.36
6 0.01 2.73207 0.01
3 -0.0037 0.19879 0.19
3 -0.0063 0.22673 0.07
4 0 9.999996e-06 0.93
4 0 0.42005 0.1
6 0.01 0.02793 1
2 -0.01 2.05736 0.05
4 0 0.73304 0.05
6 0.01 4.63238 0.01
2 -0.01 1.361129 0.05
4 0 1.10427 0.1
4 0 0.003419 0.05
4 0 0.000732 0.05
4 0 0.000975 0.05
4 0 0.001751 0.05
4 0 6.000002e-06 0.05
4 0 0.004884 0.05
4 0 1.1e-05 0.05
4 0 0.002847 0.05
4 0 5.6e-05 0.25
4 0 0.000694 0.05
4 0 1.286851 0.2
4 0 0.000397 0.1
4 0 2.348388 0.1
6 0.01 1.638457 0.01
3 -1e-04 0.015465 0.72
3 -0.0099 0.577994 0.07
4 0 4.999994e-06 0.05
4 0 4.000001e-06 0.01
4 0 4.000001e-06 0.87
6 0.01 0.078756 0.1
4 0 5.999995e-06 0.83
4 0 0.001146 1
4 0 2.300623 1
2 -0.01 1.3541 0.1
4 0 1e-05 0.1
4 0 5e-04 0.1
5 0.005 1.3269 1
5 0.005 0.03347 0.17
4 0 9.999996e-06 0.1
4 0 2.000001e-05 0.73
2 -0.01 0.4305 0.05
4 0 0.58557 0.04
4 0 0.00044 1
4 0 4e-04 0.91
4 0 9.999996e-06 1
4 0 0 1
6 0.01 2.13812 0.51
4 0 0.00015 0.2
3 -0.0062 0.70977 0.66
5 0.0062 0.36779 1
3 -0.005 0.0415 1
3 -0.005 0.03309 0.1
4 0 0.72618 1
4 0 9.999996e-06 0.2
4 0 0.00102 0.1
6 0.01 0.08402 1
4 0 0.92824 0.97
4 0 9.999996e-06 0.03
4 0 0.00297 1
4 0 9.999996e-06 0.1
4 0 0 0.2
4 0 1e-05 0.08
2 -0.01 2.81364 0.2
4 0 2e-05 0.1
4 0 5e-04 0.1
6 0.01 0.7543 0.97
4 0 0 0.03
2 -0.01 0.23817 1
4 0 0.00043 0.6
4 0 2e-05 1
4 0 0.00165 0.8
4 0 1e-04 0.2
4 0 9.999996e-06 0.4
4 0 9e-05 0.1
4 0 0.00043 0.7
4 0 0.00061 0.3
4 0 0.00011 0.3
4 0 0.00024 0.1
4 0 0.00015 0.02
4 0 1e-05 0.61
4 0 1e-05 0.37
4 0 0.00019 0.1
4 0 1e-04 0.1
4 0 4e-04 0.4
4 0 0.00017 0.2
4 0 0.00079 0.1
4 0 0.001 0.63
4 0 1e-05 0.37
4 0 4e-05 0.63
4 0 9.999996e-06 0.37
4 0 0.00114 0.2
4 0 0 0.3
4 0 0.00028 0.63
4 0 1e-05 1
4 0 0 0.37
4 0 7e-05 0.1
4 0 4e-05 0.2
4 0 4e-05 0.1
4 0 0.00039 0.63
4 0 9.999996e-06 0.37
4 0 1e-05 0.1
4 0 6e-05 0.1
4 0 0.00026 0.7
4 0 0 1
4 0 9.999996e-06 1
4 0 0 1
4 0 1e-05 1.67
4 0 0 1
4 0 0 1
4 0 1e-05 1
4 0 0 1
4 0 9.999996e-06 1
4 0 0 1
4 0 0 0.63
4 0 0 0.01
4 0 1e-05 0.62
4 0 9.999996e-06 0.38
4 0 1e-05 1
4 0 6e-05 0.4
4 0 0.00063 1
4 0 0 3
4 0 0 1
4 0 0 0.5
4 0 2e-05 1
2 -0.01 0 0.1
4 0 0.00026 0.1
6 0.01 0.00842 1
4 0 0.01077 1
2 -0.01 0.02815 0.3
4 0 0.00062 0.1
6 0.01 0.05039 0.43
4 0 0.02528 0.02
4 0 0.00281 0.98
3 -0.005 0.18147 1
3 -0.005 0.59582 1
6 0.01 0.2973 1
2 -0.01 2.99801 0.3
4 0 1e-04 0.09
4 0 0.13761 0.11
4 0 0 0.19
4 0 0.00063 0.1
4 0 0.00032 0.1
4 0 0.00045 0.1
4 0 7e-05 0.6
4 0 4e-04 0.1
4 0 0.00176 0.7
4 0 0.00026 0.1
4 0 0.0028 0.1
4 0 0.00117 0.2
4 0 2e-05 0.1
4 0 0.00024 0.1
4 0 0.0029 0.1
4 0 0.00024 0.1
4 0 0.00066 0.1
4 0 0.00054 0.4
4 0 0.00035 0.1
4 0 0.00296 0.1
4 0 0.00091 0.2
4 0 0.00026 0.1
4 0 0.01271 0.1
4 0 0.00173 0.2
4 0 0.00375 0.01
4 0 2e-05 0.09
4 0 0.00222 0.1
4 0 0.00049 0.1
4 0 0.00707 0.1
4 0 0.00028 0.1
4 0 0.00643 0.1
4 0 0.00449 0.1
4 0 0.48087 1
4 0 0.12235 0.1
4 0 0.17014 3.9
4 0 0 0.5
4 0 0 0.75
4 0 9.999996e-06 1
4 0 0 0.85
4 0 0.00107 1
4 0 0 1
4 0 0.03419 0.1
4 0 2.18594 0.2
4 0 0.00038 0.1
4 0 0.81724 1.15
4 0 0 2
4 0 1e-05 1
4 0 0 1
4 0 0.00029 1
4 0 1e-05 0.4
4 0 9.999996e-06 1
4 0 1e-05 2
4 0 0.00054 1
4 0 0 0.5
4 0 9.999996e-06 0.01
3 -0.01 0.98493 0.1
4 0 0.00038 0.1
4 0 0.04091 0.1
4 0 1.67699 0.25
4 0 1e-04 0.3
4 0 2e-05 0.7
4 0 9.999996e-06 0.1
4 0 1e-05 0.9
4 0 0.00021 0.7
4 0 0.00022 0.7
4 0 3e-05 0.1
4 0 0.00026 1
4 0 0 0.1
4 0 4e-05 0.5
4 0 0.00053 0.2
4 0 0.00085 0.1
4 0 7e-05 0.1
4 0 0.00015 0.1
4 0 0.00129 0.7
4 0 9.999996e-06 1
4 0 1e-05 0.3
4 0 4e-05 1.95
4 0 0 1
4 0 0 2.05
4 0 4e-05 0.4
4 0 0 1
4 0 0 1
4 0 1e-05 1
4 0 0 0.5
4 0 9.999996e-06 1
2 -0.01 8.000001e-05 1
6 0.01 0.00029 0.7
4 0 0.00046 1.2
2 -0.01 0.73575 1
4 0 0 1
4 0 0.00081 2
4 0 1.60813 0.1
4 0 0.00018 0.1
4 0 0.00073 0.1
4 0 0.00122 0.1
4 0 1.39045 0.1
4 0 4.69006 0.1
4 0 0.01194 0.3
4 0 6e-05 1
4 0 1e-05 1
4 0 0 0.5
4 0 0 1
4 0 1e-05 1
4 0 0 1
4 0 0 1
4 0 9.999996e-06 0.01
4 0 0 1
4 0 0.00027 0.1
4 0 3e-05 1
4 0 0.00061 1
4 0 0 0.01
4 0 0 2
4 0 0.00037 1
3 -0.01 0.00425 0.1
4 0 0.52518 0.1
4 0 0.64987 0.1
4 0 4e-05 0.3
4 0 0.00061 0.1
4 0 1.01798 0.9
4 0 0.00078 0.1
4 0 0.01774 0.06
4 0 0 0.04
4 0 0.00392 0.02
4 0 0 0.03
4 0 1e-05 0.05
4 0 0.77091 1
4 0 1.65179 0.1
4 0 0.00057 0.1
4 0 0.00015 0.1
4 0 0.00121 0.1
4 0 0.00497 0.1
4 0 0.00333 0.1
4 0 0.00027 0.1
4 0 0.00737 0.1
5 0.01 0.22865 0.82
4 0 0 1
4 0 1e-05 1
4 0 0 0.98
4 0 1e-04 1
4 0 1e-05 0.02
3 -0.005 0.00333 1
3 -0.005 0.95866 0.1
4 0 0.00057 0.1
4 0 0.01102 0.1
4 0 0.00014 0.1
4 0 0.00026 0.1
4 0 0.00048 0.1
4 0 0.00111 0.1
4 0 0.00555 0.1
4 0 0.00173 0.1
4 0 0.00022 0.1
4 0 0.06433 0.1
4 0 0 0.1
4 0 0.00106 0.1
4 0 1.26141 0.4
4 0 1e-05 0.3
4 0 0.00138 0.4
4 0 0 0.3
4 0 0.00035 0.1
4 0 0.00091 0.4
4 0 9.999996e-06 0.5
4 0 3e-04 0.1
4 0 0.00679 0.1
4 0 6e-04 0.1
4 0 2.000001e-05 0.1
4 0 5e-05 0.1
4 0 0.00054 0.1
4 0 0.00118 0.1
4 0 0.00083 0.16
4 0 0.00191 0.1
4 0 0.00016 0.1
4 0 0.0126 0.04
4 0 0 0.06
4 0 1.28755 0.1
4 0 1e-04 0.1
4 0 0.00107 0.1
4 0 8.000001e-05 0.1
4 0 0.00016 0.1
4 0 0.00019 0.2
4 0 0.00045 0.1
4 0 0.00018 0.1
5 0.01 0.43639 1
3 -0.0075 1.49896 0.05
3 -0.0025 4.18961 0.1
4 0 0.00102 0.1
4 0 0.00838 0.1
4 0 0.00565 0.1
5 0.01 1.25566 1
4 0 0.05021 1
4 0 0.0723 1
3 -0.01 0.72354 0.1
4 0 0.00066 0.1
5 0.009 0.38909 0.5
3 -0.009 0.58159 1
4 0 0.00035 0.03
5 0.001 0.9851085 1
5 0.004 1.093752 1
5 0.005 2.566087 1
3 -0.01 0.76306 0.1
4 0 0.829263 0.1
5 0.005 2.288936 1
4 0 1.751383 1.27
4 0 0.6199 0.41
5 0.004 0.36774 0.11
5 0.001 0.43769 0.7
4 0 0 0.32
4 0 2e-05 0.36
4 0 0 0.48
4 0 2e-05 1
4 0 1e-05 10.99
4 0 0 0.01
4 0 9.999996e-06 1
4 0 1e-05 2
4 0 2e-05 1.22
4 0 0 1
4 0 9.999996e-06 0.78
4 0 1e-05 2.22
4 0 0 0.1
4 0 0 1
4 0 1e-05 0.68
4 0 0 0.32
4 0 9.999996e-06 0.59
4 0 0 1
4 0 0 0.01
4 0 5e-05 2
4 0 9.999996e-06 1
4 0 1e-05 1
4 0 9.999996e-06 1
4 0 9e-05 1
4 0 0.00012 1
4 0 5e-05 0.86
4 0 0.00034 1
4 0 0 2
4 0 0 4
4 0 0 1
6 0.01 0.00283 1.14
4 0 0 1
4 0 9e-05 0.72
4 0 8e-04 1
4 0 0.00054 0.72
4 0 2e-05 1
4 0 0 2
4 0 0.00043 1
4 0 0 1
4 0 9e-05 1
4 0 0 1
5 0.01 0.00255 0.28
4 0 0.00119 0.72
3 -0.01 0.00089 0.14
4 0 0.00028 0.47
5 0.01 6e-05 0.28
3 -0.01 0.0894 1
4 0 0.11874 1
5 0.01 0.05688 1
4 0 0.16329 0.89
3 -0.01 0.58175 1
4 0 6e-05 2
4 0 0.00072 2
4 0 0.07575 0.75
4 0 0.49579 1
4 0 0 1
4 0 9.999996e-06 0.12
4 0 0 0.88
4 0 2e-05 1
4 0 4.000001e-05 1
4 0 3e-05 2
4 0 1e-05 2
4 0 1e-04 1
4 0 0.00039 0.12
4 0 0 0.26
4 0 0 0.62
4 0 6e-05 0.38
4 0 0.00011 1
2 -0.01 0.90283 1
6 0.01 0.3622 0.01
4 0 0.545 1
4 0 0.00051 0.99
4 0 0 1
4 0 0 1.6
4 0 1e-05 1
4 0 8e-05 1
4 0 6e-04 1
5 0.01 0.1458 1
3 -0.01 0.34713 1
4 0 0.16404 0.1
4 0 0.00059 0.1
4 0 1.24487 1
4 0 0.40735 1
5 0.009 1.36562 0.95
3 -0.004 0.66375 1
4 0 1.69118 1
5 0.005 9.999996e-06 1
4 0 0.00018 1
4 0 0.00033 1
3 -0.005 6.999999e-05 1
5 0.005 0.00032 1
3 -0.005 0.00868 1
5 0.005 0.14222 0.67
5 0.005 0.02893 1
3 -0.005 1.50577 0.33
5 0.005 1.40557 1
5 0.005 0.06581 2
4 0 0.06336 1
4 0 0 1.6
4 0 0.00016 1
4 0 1e-05 1
4 0 1e-04 1
5 0.005 1.03554 1
3 -0.005 1e-05 2
4 0 0 1.32
6 0.01 0.00047 1
4 0 0.62936 0.01
4 0 1.23075 1
2 -0.01 0.00788 1
4 0 0.00049 2
6 0.01 0.46187 1
4 0 2e-04 1
4 0 0 4
4 0 0 1
4 0 0.64049 1.99
4 0 9.999996e-06 0.89
4 0 0 0.12
4 0 5e-05 0.88
4 0 0.11538 0.1
4 0 0.01115 0.02
4 0 0.00012 0.08
4 0 0.00017 0.1
5 0.01 1.05928 1
3 -0.0019 0.61729 2.5
3 -0.0081 0.24465 0.1
5 0.01 0.04799 1
3 -0.01 0.68956 0.1
4 0 0.63202 0.15
5 0.01 1.69942 1
4 0 0.33353 0.01
3 -0.01 0.1066 0.1
4 0 0.00039 0.1
4 0 0.00046 0.3
4 0 0.00031 0.1
4 0 0.00367 0.1
4 0 0.00388 0.1
4 0 0.00267 0.1
4 0 0.00393 0.1
4 0 0.00336 0.1
4 0 0.02435 0.1
5 0.01 0.67294 1
4 0 0 1
4 0 0.00022 0.1
4 0 9.999996e-06 0.6
4 0 1e-05 0.26
4 0 9.999996e-06 0.04
4 0 0.00022 1
4 0 2e-05 1
3 -0.005 0.00033 1
5 0.005 3.25058 1
3 -0.01 0.50007 1
5 0.01 0.8074 0.94
4 0 0 0.06
3 -0.005 1.20768 0.24
5 0.005 0.02859 1
4 0 0.03545 1
4 0 0.54594 0.01
3 -0.01 0.35871 0.4
4 0 0.00064 0.1
5 0.005 2.03859 1
3 -0.005 1.00128 0.1
5 0.01 0.24766 1
4 0 0.00011 0.94
4 0 9.999996e-06 0.06
4 0 0.00038 1
3 -0.005 0.00122 1
5 0.005 0.00821 0.94
4 0 0 0.06
4 0 9.999996e-06 1
4 0 1e-04 0.04
4 0 0.00357 0.04
4 0 0.00769 0.96
3 -0.01 0.10794 1
5 0.01 0.43802 0.64
4 0 0 0.36
3 -0.005 0.92658 1
5 0.005 1.91534 0.64
4 0 0 0.36
4 0 0.1794 0.01
3 -0.005 2.10081 1
5 0.005 0.00048 1
3 -0.005 0.17192 1
3 -0.005 0.26732 0.1
4 0 0.00124 0.1
4 0 0.01102 1
4 0 0.00031 0.8
4 0 0.00067 0.88
4 0 9.999996e-06 1
4 0 0 1
4 0 1e-05 2
4 0 0 0.03
4 0 9.999996e-06 1
4 0 0 1
4 0 0 1
4 0 0 1
4 0 1e-05 0.06
4 0 0 0.75
4 0 9.999996e-06 1
4 0 1e-05 1
4 0 9.999996e-06 0.41
4 0 5e-05 0.8
4 0 9.999996e-06 1
4 0 0 1
4 0 1e-05 1
4 0 1e-05 2
4 0 0 1
4 0 0 2
4 0 9.999996e-06 1
4 0 0 1
4 0 0.00015 1.59
4 0 0 1
4 0 4e-05 1
2 -0.01 0.00255 1
4 0 0.43926 1
4 0 0 1
4 0 1e-04 1
4 0 0.00515 1
6 0.01 0.09546 1
4 0 0.30721 0.2
4 0 0 0.8
2 -0.01 0.31171 0.1
4 0 0.50344 0.1
4 0 0.00781 0.1
4 0 0.00053 0.3
4 0 0.00042 0.1
4 0 0.80414 0.05
4 0 0.20451 0.1
4 0 2e-05 0.15
4 0 9.999996e-06 0.15
4 0 0.00043 0.1
6 0.01 1.37453 1
2 -0.01 2.13353 0.1
4 0 0.00065 0.1
4 0 3.08515 0.8
4 0 1e-05 0.2
6 0.01 0.1074499 1
4 0 7.989998e-06 1
4 0 0.00016981 1
4 0 4.080001e-06 1
4 0 3.689995e-06 1
4 0 4.040005e-06 1
4 0 3.67e-06 1
4 0 3.49e-06 2
4 0 3.259e-05 1
4 0 1.579e-05 1
4 0 8.01e-06 1
4 0 9.836e-05 0.1
4 0 5.21e-06 0.9
4 0 3.689995e-06 1
4 0 0.00033693 1
4 0 0.00130128 1
4 0 3.200039e-07 0.1
4 0 9.819996e-06 0.9
3 -0.005 0.00012153 1
5 0.005 0.00160324 1
4 0 0.00106853 1
4 0 0.00559988 1
4 0 0.00042059 2
4 0 0.00016347 2
4 0 0.00028172 1
4 0 7.515e-05 1
4 0 0.00102612 1
4 0 4.040005e-06 1
4 0 0.02825154 1
2 -0.01 0.01131023 1
4 0 0.00344712 1
5 0.005 0.472314 1
3 -0.005 0.3315337 1
4 0 0.8337835 1
4 0 4.2e-05 1
4 0 3.000001e-06 1
4 0 0.000351 1
4 0 7.7e-05 1
4 0 2.2e-05 0.75
4 0 4.000001e-06 2
4 0 5.999995e-06 1.25
4 0 0.001242 1.8
4 0 5.000002e-06 2
4 0 4.000001e-06 0.2
4 0 6.2e-05 0.8
4 0 4.000001e-06 1
4 0 5.000002e-06 0.01
4 0 0.00035 0.75
4 0 0.000263 1
4 0 0 1
4 0 0.001123 1
4 0 0.006514 1
4 0 0.000816 1
2 -0.01 0.817325 1
4 0 1e-06 1
6 0.01 0.220025 1
2 -0.01 0.104351 0.2
4 0 5.4e-05 0.2
4 0 0.000657 0.1
6 0.01 1.213083 0.15
2 -0.01 2.409601 0.1
4 0 4.576137 0.05
4 0 0.06304 0.95
4 0 0.00069 1
6 0.01 0.35168 0.29
2 -0.01 1.70954 2
4 0 1e-05 1
4 0 0 1
4 0 0 1
4 0 9.999996e-06 1
4 0 0 1.2
4 0 0 0.69
4 0 1e-05 1
4 0 0.0097 1
4 0 1.25839 0.31
4 0 0 1
4 0 0 0.01
4 0 1e-05 0.29
4 0 0 1
4 0 9.999996e-06 0.04
4 0 0.00025 0.9
4 0 0 3
4 0 9.999996e-06 0.96
4 0 1e-05 2
4 0 9.999996e-06 1
4 0 0.06191 2
4 0 0 1
4 0 9.999996e-06 0.6
4 0 0.00012 1
4 0 0.00074 2
4 0 0.00268 0.4
4 0 0.08465 0.1
5 0.0038 0.21956 0.13
3 -0.0038 0.00499 2
4 0 0.02603 0.6
5 0.0047 0.05403 1.39
3 -0.0047 0.03302 1
4 0 0.03056 1
4 0 0.00049 0.9
4 0 3e-04 0.4
3 -0.01 0.66649 1
4 0 2.47097 0.01
4 0 0.00012 0.09
4 0 0.01531 0.2
4 0 0.00028 0.1
5 0.01 0.26659 0.1
4 0 1e-05 0.1
4 0 0.00031 0.8
3 -0.01 0.61729 0.05
5 0.005 4.61995 1
5 0.005 2.4116 1
4 0 1.17593 1
4 0 0 1
4 0 9.999996e-06 1
4 0 0 1
4 0 1e-05 1
4 0 0 0.4
4 0 9.999996e-06 1.6
4 0 0 1
4 0 0 1
4 0 4e-05 1
3 -0.005 0.00029 1
4 0 0 1
5 0.005 2e-05 1
4 0 2e-05 1
4 0 1e-05 0.8
4 0 0 1
4 0 5e-05 0.2
4 0 1e-05 1
4 0 0.00079 0.7
3 -0.005 0.00078 1
5 0.0049 0.01236 0.69
5 1e-04 0.00357 1
3 -0.01 0.75925 1
4 0 0.00229 1
5 0.005 2.26345 1
3 -0.005 0.06505 0.05
4 0 0.16203 1
4 0 1.01741 0.1
4 0 5e-04 0.2
4 0 0.00053 0.1
4 0 0.00078 0.1
4 0 0.28215 0.05
4 0 0.45797 0.1
4 0 8e-04 0.05
5 0.01 0.21941 0.3
4 0 0 0.7
4 0 8e-05 0.6
4 0 0 0.4
4 0 1e-05 1
4 0 9.999996e-06 1
4 0 0.00036 1
4 0 3e-04 1
3 -0.01 0.18144 0.1
4 0 1.51845 0.05
4 0 0.00026 0.05
5 0.01 0.00089 1
4 0 1e-04 1
4 0 0.00011 0.1
4 0 9.999996e-06 0.2
4 0 2e-05 0.3
4 0 0 0.4
3 -0.01 0.00055 0.1
4 0 0.71731 0.3
4 0 3e-04 0.1
4 0 0.00044 0.1
4 0 0.00016 0.1
4 0 0.00014 0.3
4 0 1e-05 0.7
4 0 6e-05 0.2
4 0 0.00034 0.1
4 0 0.00178 0.2
4 0 0.00064 0.1
4 0 0.00173 0.1
4 0 0.00065 0.1
4 0 0.00053 0.2
4 0 0.00051 0.1
4 0 0.00524 0.1
4 0 0.00046 0.1
4 0 0.00719 0.1
4 0 0.00117 0.1
4 0 0.00952 0.1
4 0 0.01298 0.1
5 0.01 0.02729 1
3 -0.01 0.17503 0.1
5 0.01 1.87182 0.01
3 -0.01 0.12003 1
5 0.005 1.25856 1
3 -0.005 0.61749 0.05
4 0 0.00016 0.1
4 0 0.67256 0.15
4 0 0.00028 0.05
4 0 0.12857 1
4 0 0.08393 0.05
4 0 0.00024 0.05
4 0 7e-05 0.05
4 0 0.89929 1
4 0 2e-05 2
4 0 1e-05 1
4 0 0.37233 0.1
4 0 2e-05 0.9
5 0.005 0.00049 0.1
5 0.005 0.45429 1
3 -0.01 0.84786 0.1
4 0 9.999996e-06 0.3
4 0 0.00052 0.1
4 0 0.00078 0.1
4 0 0.00079 0.1
5 0.01 0.09499 1
4 0 0.00971 0.8
4 0 9.999996e-06 0.2
3 -0.01 0.21592 0.05
4 0 0.00024 0.1
4 0 0.00022 0.02
4 0 0.00178 0.05
5 0.01 1.77508 0.08
4 0 0 0.36
4 0 9.999996e-06 0.48
4 0 0 0.08
3 -0.005 0.00718 1
4 0 0 1
5 0.005 0.00234 0.38
4 0 1e-05 0.4
4 0 9.999996e-06 0.22
4 0 0.48009 0.52
4 0 9.999996e-06 0.48
3 -0.01 0.18108 1
5 0.01 0.65679 0.3
4 0 0 0.7
4 0 0.87429 1
3 -0.01 0.15351 1
5 0.01 1.33179 0.01
3 -0.0038 0.45366 0.44
3 -0.0012 0.02119 1
5 0.005 0.50826 1
3 -0.005 0.34069 1
5 0.005 1e-05 0.1
4 0 0 0.2
4 0 2e-05 0.3
4 0 0 0.4
3 -0.01 0.07809 0.1
4 0 0.70505 0.3
4 0 0.00027 0.1
4 0 0.03038 0.03
4 0 0.21161 1
4 0 9.999996e-06 0.82
4 0 0 1
4 0 0.3587 1
4 0 0.2061 0.31
4 0 0.66838 0.29
5 0.01 1.12011 1
3 -0.01 0.80376 1
5 0.01 0.47765 0.01
4 0 0.14578 0.28
4 0 0 0.72
4 0 0.63663 0.17
3 -0.005 0.04672 1
5 0.005 1.96612 0.28
4 0 9.999996e-06 0.72
3 -0.01 1.16038 0.1
4 0 0.00101 0.1
4 0 0.13538 0.1
5 0.01 0.00936 0.28
4 0 9.999996e-06 0.72
3 -0.01 0.09239 1
5 6e-04 1.35849 0.12
5 0.0094 0.02685 0.22
3 -5e-04 0.00519 0.22
3 -0.0045 0.7810065 1
3 -0.005 0.1605616 0.1
4 0 0.0015392 0.1
5 0.01 0.3086667 0.01
3 -0.01 0.177858 0.1
5 0.005 1.187119 1
3 -0.005 0.135023 0.1
4 0 0.277595 0.1
4 0 0.000639 0.1
4 0 0.022348 0.1
5 0.01 0.217474 1
3 -0.01 0.466404 1
4 0 0.412179 0.1
4 0 0.000495 0.04
4 0 0.003467 0.1
4 0 0.048575 0.4
4 0 9.999996e-06 0.66
4 0 8.000003e-06 1
4 0 5.000002e-06 1
5 0.005 0.000573 0.1
3 -0.005 0.032824 0.1
5 0.01 0.281356 1
3 -0.01 0.066204 0.09
4 0 2.000001e-06 0.01
4 0 0.000637 0.1
5 0.005 0.106251 1
3 -0.005 0.328524 1
4 0 0.394211 0.1
4 0 0.061987 0.05
4 0 0.207813 0.05
5 0.01 0.21769 1
4 0 4.1e-05 1
4 0 6.8e-05 0.1
4 0 9.999996e-06 0.1
4 0 5.000002e-06 0.7
4 0 7.000002e-06 0.1
4 0 0.00027 1
4 0 0.228503 0.9
4 0 0.002613 0.1
4 0 0.006517 1
3 -0.0099 0.544828 0.3
3 -1e-04 0.408811 0.1
4 0 0.28439 0.1
4 0 0.215212 0.05
5 0.01 0.230809 0.1
4 0 6.000002e-06 0.7
4 0 6.000002e-06 0.1
4 0 4.999994e-06 0.1
3 -0.01 1.00595 0.1
5 0.01 0.137464 1
4 0 0.167217 1
4 0 7.2e-05 1
4 0 0.0025 1
4 0 0.002365 2
4 0 5.999995e-06 1
3 -0.01 0.016909 0.1
4 0 0.000606 0.1
4 0 0.3409 0.3
4 0 4e-04 0.1
4 0 0.001717 0.1
5 0.01 0.104559 1
4 0 0.378259 0.01
3 -0.01 0.36111 0.2
4 0 0.02813 0.1
5 0.01 0.13964 1
3 -0.005 0.00208 1
3 -0.005 0.62518 0.1
4 0 6e-04 0.1
5 0.01 1.21356 5
4 0 0.00015 0.1
3 -0.005 0.04181 1
5 0.005 0.20559 0.01
4 0 0.00068 0.99
3 -0.005 0.08675 1
3 -0.005 0.51895 1
4 0 0.28333 0.1
4 0 0.00057 0.1
4 0 0.00192 0.1
5 0.01 0.34618 0.82
4 0 0 0.1
4 0 3e-05 0.08
3 -0.005 0.86164 1
5 0.005 0.65254 1
3 -0.01 0.45707 0.2
4 0 0.00045 0.05
4 0 9.999996e-06 0.05
5 0.01 1.43776 0.01
3 -0.005 0.92249 1
5 0.005 0.01084 1
4 0 0.00152 1
3 -0.0041 0.64285 8
5 3e-04 0.03227 0.35
5 0.0038 0.00823 0.35
3 -0.0036 0.00045 0.35
3 -5e-04 0.00382 2.5
3 -0.0059 0.01039 1
4 0 1e-05 1
5 0.01 0.0952 0.26
4 0 9.999996e-06 0.74
3 -0.01 0.08955 0.01
4 0 1e-05 0.99
5 0.006 0.07592 0.15
3 -1e-04 0.02383 2.5
5 0.0041 0.22574 1
4 0 0.42298 1
3 -0.01 0.58364 0.05
4 0 0.55259 0.1
4 0 0.04994 0.1
4 0 0.01049 0.1
4 0 0.01855 0.1
5 0.005 0.00131 1
4 0 0.00067 2
3 -0.005 0.23238 0.5
4 0 0.00051 0.1
4 0 0.00034 0.1
4 0 0.0792 1
5 0.01 1.31202 1
4 0 8.000001e-05 1
4 0 0 0.9
4 0 9.999996e-06 0.1
4 0 0 1
4 0 2e-05 1
4 0 1e-05 1
4 0 8e-05 0.86
4 0 2e-05 0.14
4 0 0.00024 1
4 0 0.04159 0.1
3 -0.01 0.06843 0.05
5 0.005 0.70529 1
3 -0.005 0.19141 2
4 0 0.00116 1
4 0 0.0076 1
5 0.005 0.00034 1
4 0 0.00076 1
4 0 0 1
5 0.005 0.12637 1
3 -0.01 0.0048 1
4 0 0.00698 0.75
4 0 0 0.25
5 0.01 0.29802 1
3 -0.01 0.10214 0.1
5 0.01 0.26464 1
4 0 1.02111 1
4 0 0.00012 0.22
4 0 0 0.78
3 -0.005 0.00531 3
3 -0.005 0.31918 1
5 0.01 0.24745 0.22
4 0 2e-05 0.4
4 0 0 0.38
3 -0.01 0.18803 1
4 0 0.83261 0.01
4 0 9.999996e-06 0.01
4 0 0 0.98
5 0.01 0.00984 0.04
4 0 0 0.05
4 0 1e-05 0.01
4 0 0.5946 0.19
4 0 1e-05 0.1
4 0 0.00031 0.71
3 -0.01 0.10471 0.02
4 0 0.00038 0.02
4 0 2e-04 0.03
4 0 7e-05 0.04
4 0 0.00043 0.02
4 0 4e-05 0.01
4 0 1e-05 0.01
4 0 0.00014 0.03
4 0 2.35626 0.07
5 0.01 0.01306 1
3 -0.01 0.00587 1
5 0.01 0.00536 0.05
4 0 1e-05 0.1
4 0 0 0.15
4 0 0.00844 0.7
3 -0.01 0.00216 1
4 0 0.11385 0.1
5 0.01 0.0265 0.05
4 0 0 0.1
4 0 2e-05 0.1
4 0 0 0.1
4 0 1e-05 0.2
4 0 0.00324 0.45
3 -0.01 0.00596 1
4 0 0.81572 1
5 0.005 1.1179 1
4 0 0.06346 1
5 0.005 1.56042 1
3 -0.01 0.18284 0.3
4 0 0.00043 0.1
4 0 0.00084 0.5
4 0 2e-04 0.1
4 0 0.00109 0.1
4 0 0.00034 0.2
4 0 1e-05 0.1
4 0 0.00025 0.1
4 0 9e-05 0.82
4 0 0 0.08
4 0 4e-04 0.1
4 0 0.00069 0.1
4 0 0.00315 0.1
4 0 0.00084 0.1
4 0 0.00256 0.2
4 0 5e-04 0.1
5 0.005 0.00172 1
3 -0.005 0.00046 0.1
4 0 0.00172 0.1
4 0 0.00816 0.08
4 0 3e-05 0.02
4 0 0.00041 1.02
4 0 0 1
4 0 9.999996e-06 1
4 0 0 2
4 0 0 0.5
4 0 1e-05 0.01
4 0 0 1
4 0 0 1
4 0 9.999996e-06 1
4 0 0 0.87
4 0 0.06449 1
4 0 0.29072 1
4 0 0 0.75
4 0 0 0.25
4 0 1.44608 0.13
4 0 0 0.05
4 0 9.999996e-06 0.82
4 0 0.84216 1
4 0 0 1
4 0 1e-05 0.56
4 0 0 1
4 0 0 1
4 0 9.999996e-06 0.73
4 0 2.66084 0.1
4 0 1.4531 0.05
5 0.01 0.93256 0.1
4 0 9.999996e-06 0.05
3 -0.005 0.13138 0.1
3 -0.005 0.00128 1
4 0 0.00011 1
4 0 0.7408 1
5 0.01 0.32587 1
4 0 0.18543 0.05
4 0 0 0.4
4 0 1e-05 0.36
4 0 9.999996e-06 0.19
3 -0.01 0.56927 0.1
4 0 0 0.15
4 0 0.21448 0.1
4 0 3e-04 0.1
5 9e-04 1.0964 20
3 -9e-04 0.02641 0.65
4 0 9.999996e-06 1
4 0 4.000001e-05 0.35
4 0 0.00244 0.65
4 0 0.06172 1
4 0 1e-05 1
4 0 0 1
4 0 0 1
4 0 9.999996e-06 1
4 0 0 1
4 0 0 1
4 0 1e-05 2
4 0 0 1
4 0 0 0.01
4 0 0 1
4 0 0 1
4 0 9.999996e-06 0.84
4 0 0 1
4 0 0 1
4 0 1e-05 0.72
4 0 0 1
4 0 1e-05 1
4 0 0 1
4 0 0 1
4 0 0 0.01
4 0 0 1
4 0 9.999996e-06 1
4 0 0 1
4 0 0 1
4 0 0 1
4 0 1e-05 1
4 0 0 1
4 0 9.999996e-06 6
4 0 0 0.01
4 0 0 1
4 0 1e-05 7
4 0 0 5
4 0 5e-05 1.92
4 0 0 1
4 0 1e-05 1.96
4 0 0 1
4 0 3e-05 2
4 0 0 1
4 0 9.999996e-06 1
4 0 6e-05 1
4 0 9e-05 1
4 0 0.00021 1
4 0 1e-05 1
4 0 0.00016 0.1
4 0 0 1
4 0 8.000001e-05 10
4 0 0.00018 7
4 0 1e-05 1
4 0 0.00017 1
4 0 0.00232 4.15
4 0 0.00572 0.07
4 0 0.00083 1
4 0 0.01157 0.65
4 0 0.00399 0.25
4 0 0.00051 2
4 0 0 1
4 0 6.000001e-05 1
4 0 0 1
4 0 0.00057 4.87
4 0 0 3
3 -0.005 0.00119 1
5 0.005 0.00143 0.75
4 0 0.00179 2
4 0 0 2.75
4 0 0.01234 0.25
4 0 0.00204 1
4 0 0.70327 1
4 0 1e-05 1
4 0 0 1
4 0 0 3
4 0 5e-05 1
2 -0.01 0.00634 1
4 0 0 1
4 0 0 1
4 0 1e-05 1
6 0.01 0.00359 2
4 0 0.00135 1
4 0 0.01479 1
4 0 0.01494 1
4 0 0.01091 1
3 -0.005 0.00074 1
5 0.005 0.09918 1
4 0 0.1408 1
4 0 0.05606 3
4 0 0.08843 1
4 0 0.00096 3
4 0 0.00031 1
4 0 0.00085 1
3 -0.005 0.0115 1
4 0 0.00146 1
5 0.005 0.00836 1
4 0 8.999999e-05 1
4 0 0.024 4.66
4 0 9.999996e-06 0.34
4 0 0.00052 1
4 0 0.01591 1
2 -0.01 0.28166 1
6 0.01 0.00176 0.44
2 -0.01 0.03753 2
4 0 0.2036 1
4 0 0 0.38
4 0 0.24874 0.06
4 0 0.49972 0.02
6 0.01 0.43873 1
4 0 0.00395 1
3 -0.005 0.0476 1
5 0.005 1.44624 1
4 0 0.00035 0.9
4 0 0.00092 1
3 -0.0032 0.25757 2.5
3 -0.0068 0.15687 1
6 0.01 0.8405 1
2 -0.01 0.15381 1
6 0.01 0.11008 1
2 -0.01 1.07815 0.1
4 0 0.02964 0.1
4 0 0.00034 0.1
4 0 0.08284 0.1
4 0 0.00038 0.05
4 0 0.00054 0.05
4 0 0.00262 0.05
4 0 3.09598 0.1
6 0.01 0.08925 1
3 -0.009 0.29466 3
5 0.004 0.36636 1
5 0.005 1.35923 1
2 -0.01 0.39607 0.07
4 0 1.54055 0.03
4 0 0.06345 0.05
6 0.01 0.4913 1
3 -0.005 0.00132 1
3 -0.005 0.5577459 0.67
4 0 0.000112 0.33
4 0 1.86e-05 0.05
4 0 4.199996e-06 0.99
4 0 0.0002789 0.01
4 0 0.0544099 0.1
6 0.01 0.7580885 0.26
4 0 8.7e-05 0.2
4 0 7.000002e-06 0.54
3 -1e-04 0.907351 1
5 1e-04 0.325189 1
2 -0.01 0.069616 0.05
4 0 2.4e-05 0.09
4 0 4.999994e-06 0.01
4 0 0.13729 0.1
4 0 1.22327 0.4
4 0 0.000103 0.2
4 0 0.000471 0.3
4 0 0.005839 0.1
4 0 5.5e-05 0.05
4 0 3.3e-05 0.05
4 0 0.000754 0.05
4 0 0.005573 0.05
5 0.005 0.18086 0.19
5 0.005 3.3e-05 0.81
2 -0.01 0.01365 0.12
4 0 5.000002e-06 0.81
5 0.005 0.010284 1
4 0 0.00334 1
5 0.005 0.272384 0.46
4 0 9.000003e-06 1
4 0 6.999995e-06 0.1
4 0 5.000002e-06 0.1
4 0 6.000002e-06 0.15
4 0 3.000001e-06 0.2
4 0 1.4e-05 0.25
4 0 4.000001e-06 0.74
2 -0.01 0.381309 0.05
6 0.01 1.271727 0.26
4 0 1.900001e-05 0.74
2 -0.01 0.162149 0.05
6 0.01 0.030165 0.16
4 0 4.999994e-06 0.4
4 0 6.000002e-06 0.44
4 0 4e-05 1
2 -0.01 0.046069 1
6 0.01 0.08811 1
2 -0.01 0.078565 0.05
4 0 0.066287 0.9
4 0 5.000002e-06 0.1
5 1e-04 0.088865 0.02
5 0.0099 0.336133 0.56
4 0 0.000682 0.19
4 0 1e-06 0.25
4 0 0.390414 1
4 0 0.330066 1
4 0 0.000263 1.9
4 0 7.000002e-06 0.1
4 0 0.023008 1
4 0 5.3e-05 1
4 0 4.000001e-06 0.99
3 -0.005 3.000001e-06 1
5 0.005 5.000002e-06 2
4 0 4.999994e-06 1
4 0 5.000002e-06 1.63
4 0 1e-06 1
4 0 7.000002e-06 1.8
4 0 5.000002e-06 3
4 0 9.999931e-07 1
4 0 1e-06 1.6
4 0 5.000002e-06 0.81
4 0 3.000001e-06 1
4 0 4.000001e-06 1
4 0 1.6e-05 1.9
4 0 7.000002e-06 3
4 0 5.9e-05 1
4 0 0.000216 0.56
4 0 0.007965 0.75
4 0 0.036227 0.02
4 0 0.180474 1
4 0 0.112406 1
4 0 4.999994e-06 0.6
4 0 0.009086 0.4
4 0 4.999994e-06 1
4 0 3.000001e-06 1
4 0 0.039302 3
2 -0.01 0.203452 0.05
4 0 2.2e-05 0.1
6 0.01 0.000522 1
2 -0.01 0.001287 0.1
4 0 0.000416 0.15
4 0 0.005072 0.05
4 0 0.003318 0.05
6 0.01 0.103938 1
2 -0.01 0.337577 1
4 0 0.001388 1
4 0 0.673424 0.15
4 0 0.000209 0.1
4 0 0.001686 0.15
4 0 7.6e-05 0.1
6 0.01 0.014133 1
4 0 0.534732 2
4 0 3.000001e-06 1
4 0 3.1e-05 0.01
4 0 3.3e-05 0.59
4 0 5.5e-05 0.96
4 0 0.116239 0.64
4 0 9.999996e-06 0.36
4 0 0.03757 1
4 0 0.10749 1
4 0 0.10216 0.43
4 0 0 0.57
4 0 0.00113 0.43
4 0 0 1
4 0 0 2.4
4 0 1e-05 0.17
4 0 0.01212 0.83
4 0 0 0.05
4 0 0.00265 0.12
4 0 0.00192 0.95
4 0 0.02413 0.05
5 0.005 0.01508 1
3 -0.005 0.36244 0.26
4 0 0.00613 1
5 0.01 0.06401 1
4 0 0.19856 0.35
4 0 0.21015 1
4 0 1e-04 0.65
4 0 0.00037 2
4 0 0.27323 1
3 -0.01 0.5435 0.1
4 0 0.02744 0.05
4 0 2e-05 0.15
4 0 0.01147 0.1
4 0 1e-05 0.05
4 0 0.00019 0.05
4 0 0.00525 0.05
5 0.01 0.45364 1
4 0 0.1098 0.04
4 0 9.999996e-06 1
4 0 0 0.96
3 -0.01 0.32548 0.06
4 0 0.10616 0.5
4 0 0 0.88
4 0 1e-04 1
4 0 0 1
5 0.01 0.01018 1
4 0 0.30425 0.65
4 0 0.00022 0.04
4 0 1e-05 0.31
4 0 0.19306 0.69
4 0 1e-05 1
4 0 0 1
4 0 9.999996e-06 0.31
3 -0.01 0.09998 0.6
4 0 1e-05 0.7
4 0 5e-05 0.38
4 0 0.00034 0.3
4 0 0.00043 0.1
4 0 0.00117 0.4
4 0 8e-04 0.1
4 0 9e-04 0.1
4 0 0.00012 0.1
4 0 0 0.2
4 0 0.00067 0.1
4 0 1.07256 1
5 0.01 0.26111 1
3 -0.01 0.0096 0.05
4 0 9.999996e-06 0.15
4 0 0.00016 0.05
4 0 0.00029 0.15
4 0 0.00015 0.15
4 0 0.02151 0.45
4 0 9.999996e-06 0.55
4 0 0.00123 0.05
5 0.01 1.04579 0.69
4 0 1e-05 0.31
3 -0.01 0.93865 1
4 0 0 1
4 0 2e-05 0.1
5 0.01 0.11404 0.69
4 0 0 0.31
4 0 0.19632 0.69
4 0 1e-05 0.31
4 0 0.23528 0.1
3 -0.01 0.35817 0.75
4 0 2e-05 1
4 0 9.999996e-06 1
4 0 0 0.51
5 0.01 0.03937 1
4 0 0.06517 1
4 0 0.00108 1
4 0 0.00118 1
4 0 0.00232 1
4 0 0.00256 1
4 0 0.01927 0.59
4 0 1e-05 0.41
4 0 0.00112 0.59
4 0 9.999996e-06 0.41
6 0.01 0.84011 1
4 0 0.00352 0.01
2 -0.01 0.00177 0.03
6 0.01 0.11442 1
2 -0.02 0.28707 1
5 0.01 0.18163 0.56
4 0 0.01046 3.44
4 0 0.00014 1
4 0 0.01751 1
4 0 0.78729 0.29
4 0 1e-05 0.29
4 0 0 1.42
4 0 0.39573 1
4 0 0.32583 1
4 0 2e-05 1
4 0 0.0177 1
6 0.01 0.03569 1
4 0 0.25363 1
4 0 0.42153 1
2 -0.01 0.41726 1
4 0 8e-05 1
6 0.01 0.09795 1
2 -0.01 0.04068 0.1
4 0 0.57047 1.92
6 0.01 0.13918 1
2 -0.01 0.00349 0.98
4 0 9.999996e-06 1
4 0 0 1.02
4 0 0.00079 3
4 0 0.00146 1
4 0 2e-05 1
6 0.01 1e-04 0.85
4 0 0.40399 1
2 -0.01 0.3524 0.77
4 0 9.999996e-06 0.23
6 0.01 0.55317 1
4 0 0.00031 1
2 -0.01 0.20398 1
4 0 1e-05 1
4 0 0 1
4 0 0.02375 1
4 0 0.00075 0.01
4 0 0.00075 0.39
4 0 8e-05 0.09
4 0 4e-05 0.4
4 0 4.000001e-05 0.12
3 -0.01 0.00023 0.1
4 0 2e-05 0.01
4 0 0.00011 0.1
4 0 0.00368 0.9
4 0 0 0.48
4 0 0.04743 0.25
4 0 0.35757 0.27
4 0 0 0.73
5 0.01 0.60271 0.29
4 0 0.70222 0.1
4 0 0.37729 0.1
4 0 0.00071 0.1
4 0 0.00075 0.3
6 0.01 0.22434 1
2 -0.01 0.26863 0.1
4 0 0.19705 0.05
6 0.01 0.55102 0.41
4 0 0.0116 0.69
2 -0.01 0.28541 0.1
4 0 0.00912 1
4 0 0.15939 0.1
4 0 0.14153 0.1
6 0.01 0.00544 1
4 0 1e-05 1
4 0 0 1
2 -0.01 0.47073 0.1
6 0.01 0.25264 1
4 0 0.00051 1
2 -0.01 0.33388 0.1
6 0.01 0.35455 0.69
4 0 0.00077 0.31
4 0 0.10797 0.31
4 0 0 0.49
2 -0.01 0.68773 0.45
4 0 9.999996e-06 0.55
5 0.0011 0.0052 0.5
3 -0.0011 0.88621 0.4
4 0 0.00041 1
4 0 0.00038 0.1
4 0 8e-05 1.5
4 0 0 2
4 0 1e-05 1
4 0 3e-05 1
4 0 0.00011 0.1
4 0 1e-05 1
4 0 0.00038 1
4 0 0.00018 1
4 0 0 1
6 0.01 0.03746 1
4 0 0.48403 1
2 -0.01 1.1709 1
4 0 1e-05 1
4 0 0.00044 0.1
6 0.01 1.24664 1
2 -0.01 0.47051 0.5
4 0 0.00095 0.1
4 0 0.10907 0.1
4 0 0.00057 0.1
4 0 0.05802 0.1
4 0 0.00085 0.1
6 0.01 1.3164 1
4 0 0.02874 1
4 0 9.999996e-06 1
2 -0.01 0.06601 1
4 0 0.92275 0.5
4 0 0 0.5
6 0.01 0.22119 1
4 0 0.09518 1
2 -0.01 0.25127 1.7
4 0 8e-05 0.3
4 0 1e-05 0.01
4 0 0 0.07
4 0 0.00027 0.1
4 0 0 1
4 0 5e-05 1
4 0 0.00016 0.1
4 0 3e-05 0.83
4 0 0 1
4 0 0.00016 1
4 0 0.00054 1
3 -0.01 0.00059 0.1
5 0.01 0.02069 1.06
4 0 0.00986 1
6 0.01 0.01278 1
3 -0.0099 0.00653 1.56
3 -1e-04 0.88897 1
4 0 1e-05 2
4 0 0.10978 2
4 0 0.00163 1
6 0.01 0.46317 1
2 -0.01 0.2302 1
4 0 0.18462 0.25
4 0 0.60704 1
4 0 1e-05 0.9
4 0 0 2
3 -0.01 0.01644 1
5 0.01 0.14478 1
4 0 0.25065 1
4 0 0.26418 1
6 0.01 0.03819 1
2 -0.02 0.19497 1
4 0 0.07345 1
4 0 0.00029 1
4 0 5e-05 1
4 0 0.00692 0.27
4 0 0.40354 0.05
4 0 9e-05 0.05
4 0 0.00013 0.1
4 0 3e-04 0.2
5 0.01 2.13017 0.01
4 0 0 0.09
5 0.005 0.01833 1
3 -0.005 0.19828 0.25
4 0 0.00019 0.25
4 0 0.00023 0.25
4 0 0.00045 1
4 0 1.13317 0.66
4 0 0.23029 0.1
4 0 0.43342 0.34
4 0 0 0.66
4 0 0.0037 0.34
4 0 1e-05 0.66
4 0 0.85121 1.36
6 0.01 0.39858 1
2 -0.01 0.30805 0.02
4 0 0.46851 0.39
4 0 0.55388 0.61
6 0.01 0 0.39
4 0 1.36229 1
2 -0.01 0.00015 1
4 0 0.09133 1
4 0 0.01254 0.46
4 0 0.31407 0.46
4 0 0.00013 0.08
4 0 0.88577 1
3 -0.01 0.47598 0.49
5 0.01 0.84403 1
4 0 0.02548 1
4 0 0.04544 1
6 0.01 0.10573 1
4 0 0.73097 0.8
4 0 9e-05 0.2
3 -0.005 0.07083 1
4 0 0.31716 1
3 -0.005 0 2
4 0 0.00013 1
4 0 0.49577 3
4 0 0.02214 1
3 -0.01 0.03472 1
5 0.01 0.45512 1
3 -0.01 0.10083 0.05
4 0 0.01756 0.1
4 0 1e-04 0.15
5 0.01 0.8815 1
4 0 1.21613 1
3 -0.01 1.13714 0.04
4 0 1e-05 0.21
4 0 0.00029 0.25
4 0 0.6608 0.2
4 0 3e-05 0.5
4 0 5e-05 0.1
4 0 0.00025 0.1
4 0 0.00013 0.9
4 0 0 0.2
4 0 3e-04 0.1
4 0 0.00016 1
4 0 0.00098 0.1
4 0 0.00036 0.1
4 0 0.00963 0.9
5 0.01 0.00054 1
3 -0.01 0.00011 0.1
4 0 0.00016 1.7
4 0 0.00092 0.1
4 0 0.00539 0.1
4 0 9e-05 12
4 0 5e-05 4.94
4 0 0 0.3
4 0 0 0.01
4 0 1e-05 1.08
4 0 0 1.2
4 0 2e-05 1
4 0 0.00064 0.9
4 0 0.00026 0.1
4 0 0.29271 0.1
4 0 5e-05 0.6
4 0 0.00041 0.1
4 0 0.00032 0.3
4 0 3e-05 0.3
4 0 0.00011 0.5
4 0 0.00033 0.7
5 0.01 3e-04 1
3 -0.01 0.00037 0.1
4 0 0.00028 0.1
4 0 0.13697 2
4 0 0.00036 1
4 0 0.00134 1
4 0 0.06371 1.68
4 0 0.07146 0.1
4 0 0.00029 0.15
4 0 0.00083 0.1
4 0 0.01573 1.7
4 0 0.00038 0.1
5 0.01 0.07011 1
6 0.01 9.999996e-06 1
4 0 1e-05 1
4 0 0 1
4 0 0 1
4 0 0 1
4 0 9.999996e-06 2
4 0 0 2
4 0 6e-05 1
2 -0.01 6.000001e-05 1
6 0.01 2e-05 1
4 0 9.999996e-06 1
4 0 1e-05 1
2 -0.01 0 1
4 0 0 1
6 0.01 0 1
4 0 2e-05 1
2 -0.01 9.999996e-06 1
4 0 1e-05 1
6 0.01 0.00035 1
4 0 0 1
2 -0.01 0.00142 1
4 0 0.00478 1
4 0 0.00456 1
3 -0.01 0.00152 1
5 0.01 0.00032 1
3 -0.01 0.23338 0.1
4 0 0.00041 0.15
5 0.01 0.02477 1
3 -0.01 0.05230082 1
4 0 3.26e-06 0.4
5 0.01 7.192e-05 1
3 -0.01 8.451e-05 1
4 0 6.245e-05 0.43
4 0 0.00035983 0.57
4 0 5.754e-05 0.03
4 0 3.879999e-06 0.07
4 0 8.359e-05 0.1
4 0 0.00016199 0.07
4 0 5.790003e-06 0.03
4 0 0.00039202 0.1
4 0 0.00018284 0.1
4 0 0.00291402 0.1
4 0 0.0002799 0.1
4 0 0.00012375 0.4
4 0 0.00061354 0.1
5 0.01 0.08814255 0.05
4 0 0.0002373 1
3 -0.01 0.0232858 0.05
4 0 0.0043529 0.05
5 1e-04 0.0071973 2
5 0.0099 0.1087401 1
3 -0.01 0.0062711 0.05
4 0 0.000435 0.2
4 0 0.0001579 0.05
4 0 0.0007616 0.15
4 0 0.3485565 0.05
4 0 0.005464 0.25
4 0 0.000156 0.05
4 0 0.0035562 0.05
4 0 0.0012147 0.25
4 0 0.212313 0.6
4 0 4.56e-05 0.1
4 0 0.001774 0.02
4 0 3.999994e-06 0.08
5 0.01 0.0202382 1
3 -0.01 0.2460506 1
5 0.01 0.033092 1
4 0 0.188017 1
3 -0.01 0.166602 0.06
4 0 6.4e-05 0.06
4 0 0.00019 0.05
4 0 8.7e-05 0.08
4 0 0.000143 0.05
4 0 1.3e-05 0.07
4 0 0.000225 0.2
4 0 0.338911 0.1
5 1e-04 1.248657 1
5 0.0099 0.095491 1
3 -0.01 5.000002e-06 0.53
6 0.0199 0.015065 0.7
2 -0.0199 0.362109 0.71
4 0 0.130401 0.1
4 0 0.146071 1.04
4 0 1.207977 0.52
4 0 3.999994e-06 0.25
5 0.01 0.000106 2
3 -0.01 4.000001e-06 8.75
4 0 6.000002e-06 1
4 0 3.000001e-06 0.02
4 0 4e-05 0.98
4 0 4.000001e-06 0.02
4 0 2.5e-05 0.98
4 0 3.999994e-06 0.02
2 -0.01 0.176109 1
4 0 5.6e-05 1
4 0 0.158561 0.19
4 0 1e-06 0.88
6 0.01 0.213941 1
3 -0.005 0.68986 0.07
3 -0.005 0.379662 0.12
4 0 4.000001e-06 1.38
4 0 3.9e-05 0.62
4 0 4.000001e-06 1
4 0 4.000001e-06 1
4 0 4.000001e-06 1
4 0 3.999994e-06 1
4 0 4.000001e-06 0.36
4 0 0.000356 1
4 0 0.000255 0.1
4 0 0.000232 1
4 0 3.9e-05 2
4 0 0.039041 0.3
4 0 0.000527 0.1
4 0 0.018738 0.1
4 0 0.000558 0.1
4 0 0.111902 2
4 0 0.029319 0.14
4 0 0.104976 0.1
4 0 0.464941 0.1
4 0 7.5e-05 0.1
4 0 0.000409 0.1
5 0.005 0.611726 2
3 -0.005 4.999994e-06 1
4 0 7.000002e-06 0.02
4 0 4.000001e-06 1
4 0 2.000001e-06 1
4 0 3.000001e-06 1
4 0 5.000002e-06 1
3 -0.01 0.000504 0.3
4 0 0.005204 0.2
5 0.01 0.005614 1
3 -0.005 0.023257 0.93
5 0.005 0.002025 0.07
3 -0.005 0.191924 1
3 -0.005 0.054878 0.1
4 0 0.110441 0.1
4 0 0.000404 0.1
4 0 0.068462 1
4 0 0.089929 0.2
4 0 1.8e-05 0.2
4 0 0.00032 0.1
4 0 0.000321 0.7
4 0 0.000567 0.1
4 0 1.5e-05 0.2
4 0 6.5e-05 0.1
4 0 0.000433 0.1
4 0 0.017831 0.1
4 0 0.000289 0.1
5 0.01 0.001639 1
3 -0.01 0.044562 0.2
4 0 0.00014 0.4
4 0 0.160463 0.1
4 0 0.001065 0.1
4 0 0.002312 0.1
4 0 0.024812 0.7
4 0 0.000271 0.1
4 0 0.169825 2.31
4 0 0.022697 0.04
4 0 0.000272 0.04
4 0 0.084721 0.1
4 0 0.00103 0.1
4 0 0.175735 0.75
4 0 5.000002e-06 0.72
4 0 0.269511 0.1
4 0 0.000508 0.1
4 0 0.001596 0.1
4 0 0.144279 0.1
4 0 0.000114 0.05
4 0 0.0011 0.19
4 0 8.7e-05 0.31
4 0 0.000457 0.09
4 0 3.000001e-06 0.01
4 0 0.00232 0.3
4 0 0.000679 0.1
4 0 0.087452 0.1
4 0 0.000973 0.1
4 0 0.267526 0.59
4 0 0 0.48
4 0 0.59681 0.3
4 0 0.00017 0.4
4 0 6.999999e-05 0.2
4 0 3e-05 0.5
4 0 0.00053 0.1
4 0 8.000001e-05 0.1
5 0.01 0.23949 1
3 -0.01 0.50828 1
4 0 0.33053 0.2
4 0 0.00068 0.1
4 0 0.27994 1.55
4 0 1.14867 1
4 0 1e-05 1
4 0 0.00021 1
4 0 0.00046 0.17
4 0 9.999996e-06 1
4 0 0 1
4 0 1e-05 1
4 0 0 1
4 0 0 1
4 0 9.999996e-06 1
4 0 0.00056 2
4 0 0 0.83
2 -0.01 0.50923 1
4 0 0.01018 1
4 0 0.00017 1
4 0 1e-05 1
4 0 0 3
4 0 0 3
4 0 9.999996e-06 1
4 0 0 1
4 0 2.000001e-05 1
4 0 0.00075 2
4 0 0 2
4 0 0.32438 0.09
4 0 0.07169 1
4 0 0 1
4 0 1e-05 3
4 0 0.00048 1
4 0 0.0789 0.47
4 0 0.00025 0.25
6 0.01 0.13462 1
4 0 8e-05 1
4 0 1e-05 1.49
4 0 0 0.59
4 0 0 0.01
4 0 6e-05 0.75
4 0 0 0.25
4 0 0.00026 0.44
4 0 3e-05 1.17
4 0 0 0.24
4 0 9.999996e-06 0.89
4 0 0.00049 1.25
4 0 0.00056 1
4 0 0.34838 0.06
4 0 0.19593 0.7
2 -0.01 0.15598 0.02
6 0.01 1.57265 0.69
4 0 1e-05 1
4 0 0 0.41
4 0 0.00168 0.59
4 0 0 0.39
4 0 0.09561 1
3 -0.0064 0.39234 0.21
3 -0.0036 0.06335 0.1
5 0.005 0.14929 1.05
3 -0.005 0.59061 0.87
6 0.01 0.1298 0.1
4 0 1e-05 1
4 0 0 1
4 0 9.999996e-06 1
4 0 0 1
4 0 3e-05 0.86
4 0 6e-05 1
3 -0.005 5e-05 1
5 0.005 0.08985 1
4 0 0.00056 0.78
4 0 0.07178 0.22
4 0 0.58026 1
4 0 0.52633 1
2 -0.01 0.65984 0.75
6 0.01 0.0357 0.45
4 0 0.12748 1
3 -0.0069 0.72861 7.25
5 0.0069 0.22888 1
4 0 0.06055 0.49
4 0 0 0.51
4 0 0.87414 1
2 -0.01 0.33301 0.09
4 0 9.999996e-06 0.01
4 0 0.03207 0.95
6 0.01 0.20306 1
3 -0.005 1.00208 1
5 0.0049 0.01547 0.7
3 -0.0099 0.33349 0.05
4 0 1e-05 0.95
6 0.01 0.3961 1
4 0 0.41757 0.49
4 0 0 0.51
2 -0.01 0.28113 1
4 0 0.00458 0.1
5 0.005 0.68881 1
3 -0.005 0.25558 0.05
4 0 1e-05 0.17
4 0 0 0.31
4 0 0.00023 0.25
6 0.01 0.01151 0.2
4 0 1e-05 0.8
4 0 0.00012 1
4 0 0.09772 0.49
4 0 9.999996e-06 1
4 0 0 0.9
4 0 0 0.43
4 0 1e-05 1
4 0 0 1
4 0 2e-05 0.2
4 0 0 1
4 0 0.00035 1
4 0 3e-05 1
4 0 0.00156 1
5 0.005 0.04326 1
3 -0.005 0.00695 1
4 0 2e-05 1
2 -0.01 0.00082 1
6 0.01 0.07883 1
2 -0.01 0.01155 0.61
4 0 0.08445 2
4 0 0.00328 0.85
6 0.01 0.09972 1
2 -0.01 0 0.03
4 0 1.63686 0.1
4 0 0.00044 0.1
4 0 0.94832 0.05
4 0 0.24159 1
4 0 0 0.4
4 0 0.00104 0.1
6 0.01 0.01625 0.81
5 0.01 0.54555 1
3 -0.01 0.00035 1
2 -0.01 0.19738 1
6 0.015 0.03022 1
3 -0.005 1e-05 0.01
4 0 0 0.99
4 0 0.00353 1
2 -0.01 0.04949 0.88
4 0 0.04362 0.97
4 0 0.00977 4
4 0 0.03978 0.12
4 0 0.00011 0.03
4 0 0.03572 0.36
4 0 0 0.04
4 0 0.40003 1
4 0 0.17009 0.1
4 0 0.18772 0.66
4 0 0.02827 1
5 0.005 1.00031 1
3 -0.005 0.11288 0.1
4 0 0.20195 1.96
4 0 0 1
4 0 9.999996e-06 1
4 0 0 1
4 0 0 1.13
4 0 1e-05 1
4 0 0 1
4 0 9.999996e-06 1
4 0 0 1
4 0 1e-05 1.24
4 0 0 1
4 0 0 2
4 0 9.999996e-06 1
4 0 0 1
4 0 0 0.67
4 0 0.32867 1
4 0 0.11273 0.1
4 0 0.00019 0.06
4 0 0.00014 0.04
5 0.005 0.24357 1
4 0 0.0109 1
3 -0.005 0 0.93
4 0 0.14264 0.92
4 0 0.20693 0.05
4 0 0.411 1
4 0 0.22868 1
4 0 0.00963 1.01
4 0 0.00042 0.38
4 0 0.09605 4
4 0 0.39915 1
4 0 0.00023 4.93
6 0.01 0.46755 0.41
3 -0.005 0.02742 1
3 -0.005 0.00769 1.11
4 0 0.18512 4
6 0.01 0.01614 1
2 -0.01 0.10231 1.77
5 0.005 0.68885 1
3 -0.0049 0.92056 1.32
3 -1e-04 0.07974 1
5 0.0099 0.06887 0.05
5 1e-04 0.44367 0.15
4 0 0.0014 0.34
4 0 0 0.01
4 0 0.48111 0.03
3 -0.005 0.00639 1
3 -0.005 9.999996e-06 1
4 0 1.12266 0.1
5 0.005 0.20934 2
3 -0.005 9.999996e-06 12
6 0.01 0.27474 0.97
4 0 1e-05 0.03
2 -0.01 0.14395 0.8
4 0 1e-05 0.83
4 0 0.22465 0.2
4 0 0.00021 0.1
5 0.005 0.00143 1
3 -0.005 0.52587 0.27
6 0.01 0.04391 0.97
4 0 0.02366 0.99
4 0 0 1
4 0 6e-05 0.03
4 0 0.20078 0.82
4 0 1e-04 1
4 0 0 2
4 0 9.999996e-06 1
4 0 0 2.51
4 0 3e-05 1.18
3 -0.005 9e-05 1
4 0 0.00036 1
5 0.005 0.00019 1
4 0 4e-05 4
4 0 0 1
2 -0.01 0.13256 0.35
6 0.01 0.09848 0.01
2 -0.01 9.999996e-06 0.01
5 0.005 0.02163 1
5 0.005 0.17022 0.05
2 -0.01 0.14199 0.02
4 0 0.08266 0.78
4 0 0.08618 0.41
6 0.01 0.05195 2
4 0 5e-05 0.44
4 0 0 1
4 0 0 1
4 0 0.00014 1
4 0 0.00018 1
4 0 1e-05 1
3 -0.005 5e-05 1
4 0 0.00044 1
5 0.005 9e-05 1
3 -0.005 0.00306 1
3 -0.005 0.11837 0.63
4 0 9.999996e-06 0.17
4 0 7e-04 0.1
6 0.01 0.20148 1
4 0 0.30222 0.09
2 -0.01 0.65521 0.6
4 0 0.00068 0.1
4 0 0.68318 0.02
5 0.005 0.01337 1
5 0.005 0.57949 1
4 0 0.00904 0.05
4 0 0.01206 1
2 -0.01 0.01012 1
6 0.01 0.0722 1
4 0 0.06373 0.42
4 0 0.28973 0.58
4 0 2e-04 0.42
4 0 0.00023 0.58
4 0 0.41621 0.05
4 0 0.24196 0.05
4 0 0.00216 0.05
4 0 0.24396 0.05
4 0 0.00196 0.05
4 0 0.00164 0.05
4 0 0.00176 0.05
5 0.01 0.01188 1
2 -0.02 0.04713 0.03
6 0.02 0.0199 0.4
3 -0.01 0.00052 0.6
5 0.01 0.00578 1
2 -0.02 0.04743 0.05
7 0.03 0.47258 0.05
1 -0.03 0.08007 0.05
7 0.03 0.439 1
4 0 0.08099 1
2 -0.02 0.00067 1
6 0.02 0.44832 1
4 0 0 1
4 0 0 1
4 0 9.999996e-06 2
4 0 0 1.38
3 -0.005 0.00285 1
4 0 0.15495 1
5 0.005 0.06407 1
2 -0.01 0.23315 0.04
6 0.01 0.41127 1
4 0 0.00026 1
4 0 0 1
4 0 0.00306 0.37
5 0.01 0.7523 0.89
2 -0.02 0.11012 1
6 0.02 0.04688 1
3 -0.0094 0.03926 0.67
2 -0.0106 0.24873 0.05
4 0 0.14689 0.05
4 0 0.01356 0.1
6 0.01 0.23327 1
4 0 3e-05 1
5 0.01 0.00949 5
3 -0.01 0.05535 1
3 -0.005 0.00042 1
5 0.005 0.11727 1
4 0 5e-05 0.63
4 0 0.2088 1
2 -0.01 0.012 0.1
4 0 0.00195 0.08
4 0 0.00898 1
4 0 0.00154 1
4 0 0.00025 0.23
4 0 0 1
4 0 0 1
4 0 1e-05 1
4 0 0 0.79
4 0 9.999996e-06 1.49
4 0 0 0.49
4 0 6e-05 2.51
4 0 0.00037 0.7
4 0 0.0021 4
4 0 0.01471 1
6 0.01 0.00641 1
2 -0.01 0.00046 1
4 0 0.00378 1
4 0 0.00222 1
6 0.01 0.00043 1
2 -0.01 0.02402 0.05
4 0 0.0656 0.5
6 0.01 0.00061 0.33
2 -0.01 0.00043 0.1
4 0 0.00019 0.09
4 0 0.00207 1
6 0.01 0.09192 0.25
2 -0.01 0.04041 1
4 0 9.999996e-06 1
4 0 0 0.29
4 0 0.00237 0.71
3 -0.01 0.01636 1
5 0.01 0.00032 0.29
4 0 0 0.71
4 0 3e-04 0.29
3 -0.01 0.00409 0.71
6 0.02 0.0089 1
4 0 0.07009 1
2 -0.02 0.06898 0.04
4 0 0.07912 0.63
6 0.02 0.36577 1
2 -0.02 0.98535 0.1
4 0 0.16687 0.1
5 0.01 0.00332 1
6 0.01 0.15179 1
2 -0.02 0.22755 0.1
4 0 0.26696 0.1
4 0 0.34313 0.1
4 0 0.01725 0.02
4 0 0.01771 0.8
4 0 1e-05 1
4 0 0 0.5
4 0 0.06265 0.02
6 0.02 0.04592 1.62
2 -0.02 0.41266 0.5
4 0 0 1
4 0 0.00012 0.86
4 0 0 1
4 0 0.00298 2
4 0 0.0976 0.1
4 0 0.00593 1
4 0 0.24406 0.1
4 0 0.36766 1
4 0 0.04038 0.05
4 0 6.999999e-05 0.05
4 0 0.00016 0.1
4 0 0.04291 3.09
4 0 0 0.03
6 0.02 0.01151 0.8
4 0 0 0.2
2 -0.02 0.02173 0.97
4 0 0 1
2 -0.01 0.02589 1
4 0 0.061 1
4 0 1e-05 1
4 0 9.999996e-06 0.02
4 0 0.08535 1
4 0 0.00022 1
4 0 0.00015 0.34
4 0 0.00022 0.66
4 0 0.21935 2
4 0 0.0637 1
6 0.01 0.01159 1
2 -0.01 0.10345 0.46
4 0 0 0.33
4 0 0.00401 0.16
4 0 0.0017 9.51
2 -0.01 0.00047 0.3
4 0 0.00026 0.7
4 0 0.00011 0.3
4 0 0.03075 0.3
4 0 4e-05 0.2
4 0 2e-05 0.1
4 0 3e-05 0.4
4 0 3e-04 0.7
4 0 9.999996e-06 0.2
4 0 6e-04 0.1
4 0 0.00023 0.1
4 0 0.0039 0.25
7 0.02 0.00279 0.05
1 -0.02 0.00361 0.05
4 0 0 0.15
4 0 0.00031 0.1
4 0 0.02424 0.64
4 0 0.02421 1.47
6 0.01 0.00164 0.78
2 -0.02 0.00071 0.02
4 0 0.00088 0.06
6 0.02 0.00763 1
2 -0.01 0.15244 0.1
4 0 0.01293 0.24
4 0 0.00842 0.25
4 0 0.21296 0.1
4 0 0.08149 1
7 0.02 0.02319 0.21
1 -0.02 0.01298 0.25
4 0 0.05263 0.1
6 0.01 0.03124 0.82
2 -0.01 0.03111 0.1
4 0 0.04078 1.7
4 0 0.02307 0.5
4 0 0.00038 0.1
4 0 0.00066 0.1
4 0 0.06143 1
4 0 0.00667 0.1
6 0.01 0.0707 0.18
6 0.01 0.001 1
4 0 0 0.8
4 0 0.02753 0.03
4 0 0 0.97
2 -0.01 0.08384 1
6 0.01 0.05857 0.01
2 -0.01 0.00557 1
2 -0.01 0.13809 0.25
4 0 0.21055 1.08
4 0 0.06403 1.98
4 0 0.28043 2
5 0.0084 0.10624 2
6 0.0116 0.09108 0.36
4 0 0.00308 0.03
4 0 9.999996e-06 0.97
1 -0.02 8e-05 2
4 0 0.04073 0.03
4 0 7e-05 1
7 0.02 0.02825 0.03
4 0 0 1
4 0 9.999996e-06 0.97
4 0 0.00797 1
4 0 0.12053 0.03
4 0 0.00044 1
5 0.01 0.20146 1
4 0 0.00053 1
4 0 0 1
4 0 0.01173 1
4 0 7e-05 0.49
4 0 0 1.71
4 0 9.999996e-06 0.58
4 0 0.00033 0.49
4 0 8e-05 0.29
4 0 0.00047 1
4 0 0 0.52
2 -0.02 0.12014 0.25
6 0.01 0.16747 1
6 0.02 0.02328 0.8
4 0 0 0.2
2 -0.02 0.07295 2.97
2 -0.01 0 0.03
6 0.02 0.6031 1
4 0 0.02596 0.74
4 0 0.25481 0.26
4 0 0 0.61
4 0 0.02779 0.1
4 0 0.00104 0.1
4 0 0.00029 4
4 0 1e-05 0.1
4 0 0.00165 0.3
4 0 0.00255 0.2
4 0 6e-04 0.1
4 0 9e-04 0.3
4 0 0.00026 0.1
4 0 0.00123 0.2
4 0 0.00026 0.1
4 0 0.00177 0.1
4 0 2e-05 0.2
4 0 0.00126 0.1
4 0 0.00299 0.1
4 0 0.00094 0.1
4 0 0.00103 0.1
4 0 0.00227 0.1
4 0 0.00431 0.1
4 0 0.00659 0.1
4 0 0.05511 2
6 0.01 0.0275 0.8
4 0 1e-05 0.2
2 -0.01 0.00042 0.1
4 0 0.00324 0.1
4 0 0.00903 0.1
4 0 0.16256 0.25
4 0 0.00033 0.1
4 0 0.00162 2
4 0 0.00467 0.55
4 0 0.00016 0.35
4 0 0.00086 0.1
4 0 0.0013 0.1
4 0 0.0042 0.1
4 0 0.02114 0.05
4 0 0.00416 0.05
4 0 0.21033 7.53
4 0 0.02525 0.51
6 0.01 0.02336 1
2 -0.01 0.04967 0.1
4 0 0.05167 2
4 0 0.04837 3.51
4 0 0.35181 2.4
4 0 0 6.74
6 0.01 0.01715 0.8
4 0 1e-05 0.2
2 -0.01 0.08131 2
4 0 0.01204 0.25
4 0 0.00866 4.93
4 0 0.03777 2.19
4 0 0.0063 6.89
4 0 0 9
4 0 1e-05 9
4 0 0 0.11
4 0 8.999999e-05 2
4 0 0 0.89
4 0 0 16.81
6 0.01 0.01872 0.8
4 0 1e-05 1
4 0 0 2
4 0 0 0.2
2 -0.01 0.00462 0.25
4 0 0.00013 0.25
6 0.01 0.00175 1
